judge_name,tier,year,case_id,title,state,bench,district,complex,status,diary_number,advocates,judgment_by,judgment_date,duration_days,judgment_url,citation,citation_url,source_url
HON'BLE THE CHIEF JUSTICE,SUPREME_COURT,2024,C.A. No.-002211 - 2024,POWER TRUST (PROMOTOR OF HIRANMAYE ENERGY LTD.)VSBHUVAN MADAN (INTERIM RESOLUTION PROFESSIONAL OF HIRANMAYE ENERGY LTD.),National,Principal,,,COMPLETED,5631/2024,VAIBHAV NITI- 3069 __,HON'BLE MR. JUSTICE JOYMALYA BAGCHI,2026-02-18,779,https://api.sci.gov.in/supremecourt/2024/5631/5631_2024_1_1501_68761_Judgement_18-Feb-2026.pdf,2026 INSC 166(English),https://api.sci.gov.in/supremecourt/2024/5631/5631_2024_1_1501_68761_Judgement_18-Feb-2026.pdf,
HON'BLE THE CHIEF JUSTICE,SUPREME_COURT,2025,SMW(Crl) No.-000001-000001 - 2025,IN RE: ORDER DATED 17.03.2025 PASSED BY THE HIGH COURT OF JUDICATURE AT ALLAHABAD IN CRIMINAL REVISION NO. 1449/2024 AND ANCILLARY ISSUES,National,Principal,,,COMPLETED,15681/2025,BY COURTS MOTION __,HON'BLE THE CHIEF JUSTICE,2026-02-10,405,https://api.sci.gov.in/supremecourt/2025/15681/15681_2025_1_22_68511_Judgement_10-Feb-2026.pdf,2026 INSC 165(English),https://api.sci.gov.in/supremecourt/2025/15681/15681_2025_1_22_68511_Judgement_10-Feb-2026.pdf,
HON'BLE THE CHIEF JUSTICE,SUPREME_COURT,2006,C.A. No.-001867-001867 - 2006,MALIK MAZHAR SULTANVSU.P. PUBLIC SERVICE COMMISSION THROUGH ITS SECRETARY,National,Principal,,,COMPLETED,23631/2005,EJAZ MAQBOOL- 180 __ LAKSHMI RAMAN SINGH- 314,,2006-04-03,457,https://api.sci.gov.in/supremecourt_vernacular/2005/23631/23631_2005_3_1867_1867_2006_Judgement_03-apr-2006_GUJ.pdf,,https://api.sci.gov.in/,
HON'BLE THE CHIEF JUSTICE,SUPREME_COURT,2026,C.A. No.-002584-002585 - 2026,WEST BENGAL STATE ELECTRICITY DISTRIBUTION COMPANY LIMITEDVSADHUNIK POWER AND NATURAL RESOURCES LIMITED,National,Principal,,,COMPLETED,74823/2025,PUKHRAMBAM RAMESH KUMAR- 1593 __,HON'BLE MR. JUSTICE JOYMALYA BAGCHI,2026-02-27,422,https://api.sci.gov.in/supremecourt/2025/74823/74823_2025_1_1501_69141_Judgement_27-Feb-2026.pdf,2026 INSC 202(English),https://api.sci.gov.in/supremecourt/2025/74823/74823_2025_1_1501_69141_Judgement_27-Feb-2026.pdf,
HON'BLE THE CHIEF JUSTICE,SUPREME_COURT,2026,C.A. No.-008662-008663 - 2026,USHA DEVI@USHA KUMARIVSTHE STATE OF BIHAR,National,Principal,,,COMPLETED,2168/2025,SUDEEP KUMAR- 2779 __,HON'BLE THE CHIEF JUSTICE,2026-03-10,433,https://api.sci.gov.in/supremecourt/2025/2168/2168_2025_1_24_69374_Judgement_10-Mar-2026.pdf,2026 INSC 308(English),https://api.sci.gov.in/supremecourt/2025/2168/2168_2025_1_24_69374_Judgement_10-Mar-2026.pdf,
HON'BLE THE CHIEF JUSTICE,SUPREME_COURT,2026,C.A. No.-003234-003251 - 2026,"CHENNAI METROPOLITAN DEVELOPMENT AUTHORITY, REP. BY ITS MEMBER SECRETARYVSDHAMALINGAM AND ORS. ETC. ETC.",National,Principal,,,COMPLETED,5450/2015,G. INDIRA- 1856 __ GAGAN GUPTA,HON'BLE THE CHIEF JUSTICE,2026-03-10,4086,https://api.sci.gov.in/supremecourt/2015/5450/5450_2015_1_18_69374_Judgement_10-Mar-2026.pdf,2026 INSC 269(English),https://api.sci.gov.in/supremecourt/2015/5450/5450_2015_1_18_69374_Judgement_10-Mar-2026.pdf,
HON'BLE THE CHIEF JUSTICE,SUPREME_COURT,2026,C.A. No.-003870-003870 - 2026,WG CDR SUCHETA EDNVSUNION OF INDIA,National,Principal,,,COMPLETED,28412/2024,ROHIT KUMAR- 3552 __,HON'BLE THE CHIEF JUSTICE,2026-03-24,813,https://api.sci.gov.in/supremecourt/2024/28412/28412_2024_1_1501_69761_Judgement_24-Mar-2026.pdf,2026 INSC 280(English),https://api.sci.gov.in/supremecourt/2024/28412/28412_2024_1_1501_69761_Judgement_24-Mar-2026.pdf,
HON'BLE THE CHIEF JUSTICE,SUPREME_COURT,2024,C.A. No.-009747-009757 - 2024,LT. COL. POOJA PALVSUNION OF INDIA,National,Principal,,,COMPLETED,32212/2024,RAKESH KUMAR- 2515 __,HON'BLE THE CHIEF JUSTICE,2026-03-24,813,https://api.sci.gov.in/supremecourt/2024/32212/32212_2024_1_1502_69761_Judgement_24-Mar-2026.pdf,2026 INSC 281(English),https://api.sci.gov.in/supremecourt/2024/32212/32212_2024_1_1502_69761_Judgement_24-Mar-2026.pdf,
HON'BLE THE CHIEF JUSTICE,SUPREME_COURT,2025,R.P.(C) No.-002528 - 2025,NATIONAL HIGHWAYS AUTHORITY OF INDIAVSTARSEM SINGH,National,Principal,,,COMPLETED,44096/2025,JAIKRITI S. JADEJA- 2299 __,HON'BLE THE CHIEF JUSTICE,2026-03-25,448,https://api.sci.gov.in/supremecourt/2025/44096/44096_2025_1_1501_69789_Judgement_25-Mar-2026.pdf,2026 INSC 291(English),https://api.sci.gov.in/supremecourt/2025/44096/44096_2025_1_1501_69789_Judgement_25-Mar-2026.pdf,
HON'BLE THE CHIEF JUSTICE,SUPREME_COURT,2024,C.A. No.-014681 - 2024,YOGENDRA KUMAR SINGHVSUNION OF INDIA,National,Principal,,,COMPLETED,53802/2024,POOJA DHAR- 2048 __,HON'BLE THE CHIEF JUSTICE,2026-03-24,813,https://api.sci.gov.in/supremecourt/2024/53802/53802_2024_1_1503_69761_Judgement_24-Mar-2026.pdf,2026 INSC 282(English),https://api.sci.gov.in/supremecourt/2024/53802/53802_2024_1_1503_69761_Judgement_24-Mar-2026.pdf,
HON'BLE THE CHIEF JUSTICE,SUPREME_COURT,1984,W.P.(C) No.-013381-013381 - 1984,M.C. MEHTAVSUNION OF INDIA,National,Principal,,,COMPLETED,63426/1984,PETITIONER-IN-PERSON __,HON'BLE THE CHIEF JUSTICE,2026-03-11,15410,https://api.sci.gov.in/supremecourt/1984/63426/63426_1984_1_47_69168_Judgement_11-Mar-2026.pdf,2026 INSC 381(English),https://api.sci.gov.in/supremecourt/1984/63426/63426_1984_1_47_69168_Judgement_11-Mar-2026.pdf,
HON'BLE THE CHIEF JUSTICE,SUPREME_COURT,1985,W.P.(C) No.-004677-004677 - 1985,M.C.MEHTAVSUNION OF INDIA,National,Principal,,,COMPLETED,63996/1985,PETITIONER-IN-PERSON __,HON'BLE THE CHIEF JUSTICE,2026-03-11,15044,https://api.sci.gov.in/supremecourt/1985/63996/63996_1985_1_42_69168_Judgement_11-Mar-2026.pdf,2026 INSC 382(English),https://api.sci.gov.in/supremecourt/1985/63996/63996_1985_1_42_69168_Judgement_11-Mar-2026.pdf,
HON'BLE THE CHIEF JUSTICE,SUPREME_COURT,1985,W.P.(C) No.-013029-013029 - 1985,M.C. MEHTAVSUNION OF INDIA,National,Principal,,,COMPLETED,63998/1985,APPLICANT-IN-PERSON __,HON'BLE THE CHIEF JUSTICE,2026-03-12,15045,https://api.sci.gov.in/supremecourt/1985/63998/63998_1985_1_44_69169_Judgement_12-Mar-2026.pdf,2026 INSC 383(English),https://api.sci.gov.in/supremecourt/1985/63998/63998_1985_1_44_69169_Judgement_12-Mar-2026.pdf,
HON'BLE THE CHIEF JUSTICE,SUPREME_COURT,2025,W.P.(Crl.) No.-000169-000169 - 2025,PILA PAHAN@ PEELA PAHANVSTHE STATE OF JHARKHAND,National,Principal,,,COMPLETED,18465/2025,FAUZIA SHAKIL- 2429 __,HON'BLE THE CHIEF JUSTICE,2026-05-29,513,https://api.sci.gov.in/supremecourt/2025/18465/18465_2025_1_1501_71672_Judgement_29-May-2026.pdf,2026 INSC 604(English),https://api.sci.gov.in/supremecourt/2025/18465/18465_2025_1_1501_71672_Judgement_29-May-2026.pdf,
HON'BLE THE CHIEF JUSTICE,SUPREME_COURT,2022,C.A. No.-000629-000629 - 2022,JARNAIL SINGH VSLACHHMI NARAIN GUPTA .,National,Principal,,,COMPLETED,34614/2011,CHANDRA BHUSHAN PRASAD- 1864 __ N. ANNAPOORANI- 1142,,2022-01-28,4045,https://api.sci.gov.in/supremecourt_vernacular/2011/34614/34614_2011_35_1501_32956_Judgement_28-Jan-2022_PUN.pdf,2022 INSC 105(ਪੰਜਾਬੀ),https://api.sci.gov.in//pdfdate/index1.php?dt=2022-01-28&dno=346142011&filename=supremecourt_vernacular/2011/34614/34614_2011_35_1501_32956_Judgement_28-Jan-2022_PUN.pdf,
HON'BLE THE CHIEF JUSTICE,SUPREME_COURT,2025,W.P.(C) No.-000640-000640 - 2025,ASSOCIATION FOR DEMOCRATIC REFORMSVSELECTION COMMISSION OF INDIA,National,Principal,,,COMPLETED,35785/2025,PRASHANT BHUSHAN- 515 __,HON'BLE THE CHIEF JUSTICE,2026-05-27,511,https://api.sci.gov.in/supremecourt/2025/35785/35785_2025_1_1501_71617_Judgement_27-May-2026.pdf,2026 INSC 564(English),https://api.sci.gov.in/supremecourt/2025/35785/35785_2025_1_1501_71617_Judgement_27-May-2026.pdf,
HON'BLE THE CHIEF JUSTICE,SUPREME_COURT,2026,C.A. No.-008271-008271 - 2026,GOPALA AGRI FARMS PVT. LTD.VSTHE STATE OF HARYANA,National,Principal,,,COMPLETED,60376/2024,VIKAS VERMA- 3771 __,HON'BLE THE CHIEF JUSTICE,2026-05-29,879,https://api.sci.gov.in/supremecourt/2024/60376/60376_2024_1_1502_71672_Judgement_29-May-2026.pdf,2026 INSC 593(English),https://api.sci.gov.in/supremecourt/2024/60376/60376_2024_1_1502_71672_Judgement_29-May-2026.pdf,
HON'BLE THE CHIEF JUSTICE,SUPREME_COURT,2021,Crl.A. No.-001217-001217 - 2021,MEHMOOD KHANVSTHE STATE OF MADHYA PRADESH,National,Principal,,,COMPLETED,10116/2020,VIJAY KUMAR __,HON'BLE THE CHIEF JUSTICE,2026-06-18,2360,https://api.sci.gov.in/supremecourt/2020/10116/10116_2020_1_118_71855_Judgement_18-Jun-2026.pdf,2026 INSC 706(English),https://api.sci.gov.in/supremecourt/2020/10116/10116_2020_1_118_71855_Judgement_18-Jun-2026.pdf,
HON'BLE THE CHIEF JUSTICE,SUPREME_COURT,2026,W.P.(Crl.) No.-000057-000057 - 2026,AMIT KATYALVSUNION OF INDIA,National,Principal,,,COMPLETED,3816/2026,BINA GUPTA- 109 __,HON'BLE MR. JUSTICE JOYMALYA BAGCHI,2026-07-14,194,https://api.sci.gov.in/supremecourt/2026/3816/3816_2026_1_1501_71991_Judgement_14-Jul-2026.pdf,2026 INSC 702(English),https://api.sci.gov.in/supremecourt/2026/3816/3816_2026_1_1501_71991_Judgement_14-Jul-2026.pdf,
HON'BLE THE CHIEF JUSTICE,SUPREME_COURT,2012,C.A. No.-003145-003146 - 2012,THE STATE OF HARYANAVSM/S JAI DURGAA FINVEST P.LTD.,National,Principal,,,COMPLETED,6209/2011,AKSHAY AMRITANSHU- 3121 __ LALITA KAUSHIK- 832,HON'BLE MRS. JUSTICE V. MOHANA,2026-07-13,5672,https://api.sci.gov.in/supremecourt/2011/6209/6209_2011_1_1501_71990_Judgement_13-Jul-2026.pdf,2026 INSC 678(English),https://api.sci.gov.in/supremecourt/2011/6209/6209_2011_1_1501_71990_Judgement_13-Jul-2026.pdf,
HON'BLE THE CHIEF JUSTICE,SUPREME_COURT,2026,C.A. No.-011992-011992 - 2026,SUNDER SINGHVSM/S SATISH KUMAR GARG AND COMPANY,National,Principal,,,COMPLETED,14442/2021,TARUN GUPTA- 1917 __,HON'BLE THE CHIEF JUSTICE,2026-07-29,2035,https://api.sci.gov.in/supremecourt/2021/14442/14442_2021_1_10_72186_Judgement_29-Jul-2026.pdf,2026 INSC 855(English),https://api.sci.gov.in/supremecourt/2021/14442/14442_2021_1_10_72186_Judgement_29-Jul-2026.pdf,
HON'BLE THE CHIEF JUSTICE,SUPREME_COURT,2026,MA-001998 - 2026,IN RE: ORDER DATED 17.03.2025 PASSED BY THE HIGH COURT OF JUDICATURE AT ALLAHABAD IN CRIMINAL REVISION NO. 1449/2024 AND ANCILLARY ISSUES,National,Principal,,,COMPLETED,39905/2026,BY COURTS MOTION __,HON'BLE THE CHIEF JUSTICE,2026-07-14,194,https://api.sci.gov.in/supremecourt/2026/39905/39905_2026_1_33_71991_Judgement_14-Jul-2026.pdf,2026 INSC 783(English),https://api.sci.gov.in/supremecourt/2026/39905/39905_2026_1_33_71991_Judgement_14-Jul-2026.pdf,
HON'BLE THE CHIEF JUSTICE,SUPREME_COURT,2023,W.P.(C) No.-001394 - 2023,VANASHAKTIVSUNION OF INDIA,National,Principal,,,COMPLETED,50009/2023,VANSHDEEP DALMIA- 2650 __,HON'BLE MR. JUSTICE JOYMALYA BAGCHI,2026-07-29,1305,https://api.sci.gov.in/supremecourt/2023/50009/50009_2023_1_1501_72722_Judgement_29-Jul-2026.pdf,2026 INSC 761(English),https://api.sci.gov.in/supremecourt/2023/50009/50009_2023_1_1501_72722_Judgement_29-Jul-2026.pdf,
HON'BLE THE CHIEF JUSTICE,SUPREME_COURT,2002,C.A. No.-000897-000897 - 2002,STATE OF U.P.VSJAI BIR SINGH,National,Principal,,,COMPLETED,9099/2001,SUDEEP KUMAR- 2779 __,HON'BLE THE CHIEF JUSTICE,2026-08-20,9362,https://api.sci.gov.in/supremecourt/2001/9099/9099_2001_1_1501_73712_Judgement_20-Aug-2026.pdf,2026 INSC 897(English),https://api.sci.gov.in/supremecourt/2001/9099/9099_2001_1_1501_73712_Judgement_20-Aug-2026.pdf,
HON'BLE THE CHIEF JUSTICE,SUPREME_COURT,2025,W.P.(C) No.-001110-001110 - 2025,BHUMIKA TRUSTVSUNION OF INDIA,National,Principal,,,COMPLETED,62949/2025,PETITIONER-IN-PERSON __,HON'BLE THE CHIEF JUSTICE,2026-08-21,597,https://api.sci.gov.in/supremecourt/2025/62949/62949_2025_1_1501_73791_Judgement_21-Aug-2026.pdf,2026 INSC 904(English),https://api.sci.gov.in/supremecourt/2025/62949/62949_2025_1_1501_73791_Judgement_21-Aug-2026.pdf,
HON'BLE THE CHIEF JUSTICE,SUPREME_COURT,2026,C.A. No.-013134-013134 - 2026,OWNERS AND PARTIES INTERESTED IN M.V. NEREUS PROGRESSVSOM FREIGHT FORWARDERS LTD.,National,Principal,,,COMPLETED,41409/2026,S. LAKSHMI IYER- 3879 __,HON'BLE THE CHIEF JUSTICE,2026-09-25,267,https://api.sci.gov.in/supremecourt/2026/41409/41409_2026_1_1501_74439_Judgement_25-Sep-2026.pdf,2026 INSC 1055(English),https://api.sci.gov.in/supremecourt/2026/41409/41409_2026_1_1501_74439_Judgement_25-Sep-2026.pdf,
HON'BLE THE CHIEF JUSTICE,SUPREME_COURT,2025,C.A. No.-012993-012994 - 2025,RAS AL KHAIMAH INVESTMENT AUTHORITYVSMATRIX PHARMACORP PRIVATE LIMITED,National,Principal,,,COMPLETED,51073/2025,RISHABH KAPUR- 3149 __,HON'BLE MRS. JUSTICE V. MOHANA,2026-09-01,608,https://api.sci.gov.in/supremecourt/2025/51073/51073_2025_1_1501_73861_Judgement_01-Sep-2026.pdf,2026 INSC 932(English),https://api.sci.gov.in/supremecourt/2025/51073/51073_2025_1_1501_73861_Judgement_01-Sep-2026.pdf,
HON'BLE MR. JUSTICE VIKRAM NATH,SUPREME_COURT,2025,C.A. No.-000054-000055 - 2025,"S MOHANVSSECRETARY TO THE CHANCELLOR, PUDUCHERRY TECHNOLOGICAL UNIVERSITY",National,Principal,,,COMPLETED,6499/2024,G. BALAJI- 1450 __,HON'BLE MR. JUSTICE VIKRAM NATH,2026-01-30,760,https://api.sci.gov.in/supremecourt/2024/6499/6499_2024_2_1502_67774_Judgement_30-Jan-2026.pdf,2026 INSC 100(English),https://api.sci.gov.in/supremecourt/2024/6499/6499_2024_2_1502_67774_Judgement_30-Jan-2026.pdf,
HON'BLE MR. JUSTICE VIKRAM NATH,SUPREME_COURT,2026,CONMT.PET.(C) No.-000010 - 2026,GURUPADA BERAVSBINOD KUMAR,National,Principal,,,COMPLETED,18826/2025,ANINDITA MITRA- 2634 __,HON'BLE MR. JUSTICE VIKRAM NATH,2026-01-06,370,https://api.sci.gov.in/supremecourt/2025/18826/18826_2025_2_1501_67158_Judgement_06-Jan-2026.pdf,2026 INSC 20(English),https://api.sci.gov.in/supremecourt/2025/18826/18826_2025_2_1501_67158_Judgement_06-Jan-2026.pdf,
HON'BLE MR. JUSTICE VIKRAM NATH,SUPREME_COURT,2026,C.A. No.-000385-000385 - 2026,RAJ SINGH GEHLOTVSAMITABHA SEN,National,Principal,,,COMPLETED,20041/2020,KARANJAWALA & CO.- 1707 __,HON'BLE MR. JUSTICE VIKRAM NATH,2026-01-20,2211,https://api.sci.gov.in/supremecourt/2020/20041/20041_2020_2_1501_67588_Judgement_20-Jan-2026.pdf,2026 INSC 77(English),https://api.sci.gov.in/supremecourt/2020/20041/20041_2020_2_1501_67588_Judgement_20-Jan-2026.pdf,
HON'BLE MR. JUSTICE VIKRAM NATH,SUPREME_COURT,2022,C.A. No.-003894-003894 - 2022,MUSLIMVEETIL CHALAKKAL AHAMMED HAJIVSSAKEENA BEEVI,National,Principal,,,COMPLETED,25230/2020,NISHE RAJEN SHONKER- 1698 __,HON'BLE MR. JUSTICE SANDEEP MEHTA,2026-01-07,2198,https://api.sci.gov.in/supremecourt/2020/25230/25230_2020_2_1501_67271_Judgement_07-Jan-2026.pdf,2026 INSC 35(English),https://api.sci.gov.in/supremecourt/2020/25230/25230_2020_2_1501_67271_Judgement_07-Jan-2026.pdf,
HON'BLE MR. JUSTICE VIKRAM NATH,SUPREME_COURT,2024,C.A. No.-002701-002702 - 2024,INDIAN OIL CORPORATION LIMITEDVSM/S ADITYA H.P. CENTRE,National,Principal,,,COMPLETED,25546/2021,PRIYA PURI- 1880 __,HON'BLE MR. JUSTICE VIKRAM NATH,2026-01-22,1847,https://api.sci.gov.in/supremecourt/2021/25546/25546_2021_2_111_67976_Judgement_22-Jan-2026.pdf,2026 INSC 182(English),https://api.sci.gov.in/supremecourt/2021/25546/25546_2021_2_111_67976_Judgement_22-Jan-2026.pdf,
HON'BLE MR. JUSTICE VIKRAM NATH,SUPREME_COURT,2018,C.A. No.-002920-002920 - 2018,M/S AARSUDAY PROJECTSVSJOGEN CHOWDHURY,National,Principal,,,COMPLETED,28062/2013,LEX REGIS LAW OFFICES- 1708 __,HON'BLE MR. JUSTICE VIKRAM NATH,2026-01-29,4776,https://api.sci.gov.in/supremecourt/2013/28062/28062_2013_2_1501_68048_Judgement_29-Jan-2026.pdf,2026 INSC 93(English),https://api.sci.gov.in/supremecourt/2013/28062/28062_2013_2_1501_68048_Judgement_29-Jan-2026.pdf,
HON'BLE MR. JUSTICE VIKRAM NATH,SUPREME_COURT,2026,C.A. No.-000049-000049 - 2026,PANGANTI VIJAYAVSUNITED INDIA INSURANCE COMPANY LIMITED,National,Principal,,,COMPLETED,47155/2023,VENKAT PALWAI LAW ASSOCIATES- 2159 __,HON'BLE MR. JUSTICE VIKRAM NATH,2026-01-05,1100,https://api.sci.gov.in/supremecourt/2023/47155/47155_2023_2_1501_67138_Judgement_05-Jan-2026.pdf,2026 INSC 9(English),https://api.sci.gov.in/supremecourt/2023/47155/47155_2023_2_1501_67138_Judgement_05-Jan-2026.pdf,
HON'BLE MR. JUSTICE VIKRAM NATH,SUPREME_COURT,2025,CONMT.PET.(C) No.-000703-000704 - 2025,DHARMENDRA SHARMAVSM ARUNMOZHI,National,Principal,,,COMPLETED,47816/2025,VIKAS SINGH JANGRA- 1988 __,HON'BLE MR. JUSTICE VIKRAM NATH,2026-01-05,369,https://api.sci.gov.in/supremecourt/2025/47816/47816_2025_2_1502_67138_Judgement_05-Jan-2026.pdf,2026 INSC 10(English),https://api.sci.gov.in/supremecourt/2025/47816/47816_2025_2_1502_67138_Judgement_05-Jan-2026.pdf,
HON'BLE MR. JUSTICE VIKRAM NATH,SUPREME_COURT,2026,C.A. No.-000657-000657 - 2026,BHOLA NATHVSTHE STATE OF JHARKHAND,National,Principal,,,COMPLETED,58224/2024,KUMAR SHIVAM- 3562 __,HON'BLE MR. JUSTICE VIKRAM NATH,2026-01-30,760,https://api.sci.gov.in/supremecourt/2024/58224/58224_2024_2_1501_67774_Judgement_30-Jan-2026.pdf,2026 INSC 99(English),https://api.sci.gov.in/supremecourt/2024/58224/58224_2024_2_1501_67774_Judgement_30-Jan-2026.pdf,
HON'BLE MR. JUSTICE VIKRAM NATH,SUPREME_COURT,2026,Crl.A. No.-000169-000169 - 2026,POGADADABNDA REVATHIVSTHE STATE OF TELANGANA,National,Principal,,,COMPLETED,59526/2025,P. MOHITH RAO- 3826 __,HON'BLE MR. JUSTICE VIKRAM NATH,2026-01-09,373,https://api.sci.gov.in/supremecourt/2025/59526/59526_2025_2_31_67318_Judgement_09-Jan-2026.pdf,2026 INSC 75(English),https://api.sci.gov.in/supremecourt/2025/59526/59526_2025_2_31_67318_Judgement_09-Jan-2026.pdf,
HON'BLE MR. JUSTICE VIKRAM NATH,SUPREME_COURT,2026,C.A. No.-000050-000050 - 2026,SUBHASH AGGARWALVSMAHENDER PAL CHHABRA,National,Principal,,,COMPLETED,60800/2025,ANEESH MITTAL- 2491 __,HON'BLE MR. JUSTICE VIKRAM NATH,2026-01-05,369,https://api.sci.gov.in/supremecourt/2025/60800/60800_2025_2_1503_67138_Judgement_05-Jan-2026.pdf,2026 INSC 11(English),https://api.sci.gov.in/supremecourt/2025/60800/60800_2025_2_1503_67138_Judgement_05-Jan-2026.pdf,
HON'BLE MR. JUSTICE VIKRAM NATH,SUPREME_COURT,2025,W.P.(C) No.-001180-001180 - 2025,CAPTAIN PRAMOD KUMAR BAJAJVSUNION OF INDIA,National,Principal,,,COMPLETED,66722/2025,PETITIONER-IN-PERSON __,HON'BLE MR. JUSTICE VIKRAM NATH,2026-01-30,394,https://api.sci.gov.in/supremecourt/2025/66722/66722_2025_2_1503_67774_Judgement_30-Jan-2026.pdf,2026 INSC 101(English),https://api.sci.gov.in/supremecourt/2025/66722/66722_2025_2_1503_67774_Judgement_30-Jan-2026.pdf,
HON'BLE MR. JUSTICE VIKRAM NATH,SUPREME_COURT,2026,C.A. No.-000077 - 2026,MONTY GOYALVSNAVRANG SINGH,National,Principal,,,COMPLETED,75503/2025,DISHA SINGH- 3175 __,HON'BLE MR. JUSTICE VIKRAM NATH,2026-01-29,393,https://api.sci.gov.in/supremecourt/2025/75503/75503_2025_2_1502_68048_Judgement_29-Jan-2026.pdf,2026 INSC 94(English),https://api.sci.gov.in/supremecourt/2025/75503/75503_2025_2_1502_68048_Judgement_29-Jan-2026.pdf,
HON'BLE MR. JUSTICE VIKRAM NATH,SUPREME_COURT,2026,Crl.A. No.-001097-001097 - 2026,BHAGABAN GANTYAYATVSTHE STATE OF ORISSA,National,Principal,,,COMPLETED,1158/2021,NIKILESH RAMACHANDRAN- 1406 __,HON'BLE MR. JUSTICE SANDEEP MEHTA,2026-02-13,1869,https://api.sci.gov.in/supremecourt/2021/1158/1158_2021_2_23_68370_Judgement_13-Feb-2026.pdf,2026 INSC 183(English),https://api.sci.gov.in/supremecourt/2021/1158/1158_2021_2_23_68370_Judgement_13-Feb-2026.pdf,
HON'BLE MR. JUSTICE VIKRAM NATH,SUPREME_COURT,2012,Crl.A. No.-001000-001000 - 2012,AMAD NOORMAMAD BAKALIVSTHE STATE OF GUJARAT,National,Principal,,,COMPLETED,3229/2011,RAVI PANWAR- 2492 __ SWATI GHILDIYAL- 3169,HON'BLE MR. JUSTICE VIKRAM NATH,2026-02-23,5532,https://api.sci.gov.in/supremecourt/2011/3229/3229_2011_2_1502_68779_Judgement_23-Feb-2026.pdf,2026 INSC 180(English),https://api.sci.gov.in/supremecourt/2011/3229/3229_2011_2_1502_68779_Judgement_23-Feb-2026.pdf,
HON'BLE MR. JUSTICE VIKRAM NATH,SUPREME_COURT,2026,C.A. No.-002331-002331 - 2026,HARBINDER SINGH SEKHONVSTHE STATE OF PUNJAB,National,Principal,,,COMPLETED,13132/2024,PURUSHOTTAM SHARMA TRIPATHI- 1903 __,HON'BLE MR. JUSTICE VIKRAM NATH,2026-02-13,774,https://api.sci.gov.in/supremecourt/2024/13132/13132_2024_2_1501_68370_Judgement_13-Feb-2026.pdf,2026 INSC 159(English),https://api.sci.gov.in/supremecourt/2024/13132/13132_2024_2_1501_68370_Judgement_13-Feb-2026.pdf,
HON'BLE MR. JUSTICE VIKRAM NATH,SUPREME_COURT,2026,Crl.A. No.-001100-001100 - 2026,SHOBHA NAMDEV SONAVANEVSSAMADHAN BAJIRAO SONVANE,National,Principal,,,COMPLETED,18427/2023,R. R. DESHPANDE- 1678 __,HON'BLE MR. JUSTICE VIKRAM NATH,2026-02-23,1149,https://api.sci.gov.in/supremecourt/2023/18427/18427_2023_2_1503_68779_Judgement_23-Feb-2026.pdf,2026 INSC 181(English),https://api.sci.gov.in/supremecourt/2023/18427/18427_2023_2_1503_68779_Judgement_23-Feb-2026.pdf,
HON'BLE MR. JUSTICE VIKRAM NATH,SUPREME_COURT,2018,ORGNL.SUIT No.-000001 - 2018,THE STATE OF TAMIL NADUVSTHE STATE OF KARNATAKA,National,Principal,,,COMPLETED,19836/2018,MISHA ROHATGI- 2603 __,HON'BLE MR. JUSTICE VIKRAM NATH,2026-02-02,2954,https://api.sci.gov.in/supremecourt/2018/19836/19836_2018_2_1501_67891_Judgement_02-Feb-2026.pdf,2026 INSC 113(English),https://api.sci.gov.in/supremecourt/2018/19836/19836_2018_2_1501_67891_Judgement_02-Feb-2026.pdf,
HON'BLE MR. JUSTICE VIKRAM NATH,SUPREME_COURT,2020,W.P.(C) No.-001082 - 2020,SUHAS CHAKMAVSUNION OF INDIA,National,Principal,,,COMPLETED,19935/2020,SATISH PANDEY- 2834 __,HON'BLE MR. JUSTICE SANDEEP MEHTA,2026-02-26,2248,https://api.sci.gov.in/supremecourt/2020/19935/19935_2020_2_1501_69030_Judgement_26-Feb-2026.pdf,2026 INSC 198(English),https://api.sci.gov.in/supremecourt/2020/19935/19935_2020_2_1501_69030_Judgement_26-Feb-2026.pdf,
HON'BLE MR. JUSTICE VIKRAM NATH,SUPREME_COURT,2011,Crl.A. No.-001837-001838 - 2011,SITARAM KUCHHBEDIAVSVIMAL RANA .,National,Principal,,,COMPLETED,29672/2010,SONAL JAIN- 1865 __,HON'BLE MR. JUSTICE VIKRAM NATH,2026-02-23,5897,https://api.sci.gov.in/supremecourt/2010/29672/29672_2010_2_1501_68779_Judgement_23-Feb-2026.pdf,2026 INSC 178(English),https://api.sci.gov.in/supremecourt/2010/29672/29672_2010_2_1501_68779_Judgement_23-Feb-2026.pdf,
HON'BLE MR. JUSTICE VIKRAM NATH,SUPREME_COURT,2026,C.A. No.-000691-000691 - 2026,SANDEEP SINGH BORAVSNARENDRA SINGH DEOPA,National,Principal,,,COMPLETED,39368/2025,S. K. VERMA- 675 __,HON'BLE MR. JUSTICE VIKRAM NATH,2026-02-02,397,https://api.sci.gov.in/supremecourt/2025/39368/39368_2025_2_1502_67891_Judgement_02-Feb-2026.pdf,2026 INSC 105(English),https://api.sci.gov.in/supremecourt/2025/39368/39368_2025_2_1502_67891_Judgement_02-Feb-2026.pdf,
HON'BLE MR. JUSTICE VIKRAM NATH,SUPREME_COURT,2026,C.A. No.-000795-000795 - 2026,SHASHIN PATELVSUDAY DALAL,National,Principal,,,COMPLETED,70907/2025,TUSHITA GHOSH- 2940 __,HON'BLE MR. JUSTICE VIKRAM NATH,2026-02-05,400,https://api.sci.gov.in/supremecourt/2025/70907/70907_2025_2_1501_68241_Judgement_05-Feb-2026.pdf,2026 INSC 125(English),https://api.sci.gov.in/supremecourt/2025/70907/70907_2025_2_1501_68241_Judgement_05-Feb-2026.pdf,
HON'BLE MR. JUSTICE VIKRAM NATH,SUPREME_COURT,2026,SLP(C) No.-003528 - 2026,BASANTI SAHOOVSRAMADEBI ROUTRAY,National,Principal,,,COMPLETED,3409/2026,KEDAR NATH TRIPATHY- 1749 __,HON'BLE MR. JUSTICE SANDEEP MEHTA,2026-03-10,68,https://api.sci.gov.in/supremecourt/2026/3409/3409_2026_2_25_69143_Judgement_10-Mar-2026.pdf,2026 INSC 243(English),https://api.sci.gov.in/supremecourt/2026/3409/3409_2026_2_25_69143_Judgement_10-Mar-2026.pdf,
HON'BLE MR. JUSTICE VIKRAM NATH,SUPREME_COURT,2026,C.A. No.-003332-003332 - 2026,ABHISHEK SHARMAVSTHE STATE OF JAMMU AND KASHMIR,National,Principal,,,COMPLETED,9371/2023,ANILENDRA PANDEY- 2501 __,HON'BLE MR. JUSTICE VIKRAM NATH,2026-03-09,1163,https://api.sci.gov.in/supremecourt/2023/9371/9371_2023_2_1503_69088_Judgement_09-Mar-2026.pdf,2026 INSC 220(English),https://api.sci.gov.in/supremecourt/2023/9371/9371_2023_2_1503_69088_Judgement_09-Mar-2026.pdf,
HON'BLE MR. JUSTICE VIKRAM NATH,SUPREME_COURT,2026,W.P.(Crl.) No.-000109-000109 - 2026,VISHVJEETVSSTATE OF UTTAR PRADESH,National,Principal,,,COMPLETED,9449/2026,SIDDHARTHA SINHA- 3206 __,HON'BLE MR. JUSTICE SANDEEP MEHTA,2026-03-17,75,https://api.sci.gov.in/supremecourt/2026/9449/9449_2026_2_40_69381_Judgement_17-Mar-2026.pdf,2026 INSC 254(English),https://api.sci.gov.in/supremecourt/2026/9449/9449_2026_2_40_69381_Judgement_17-Mar-2026.pdf,
HON'BLE MR. JUSTICE VIKRAM NATH,SUPREME_COURT,2026,Crl.A. No.-001432-001432 - 2026,SHARLA BAZLIELVSBALDEV THAKUR,National,Principal,,,COMPLETED,10403/2024,PRAGYA BAGHEL- 1841 __,HON'BLE MR. JUSTICE SANDEEP MEHTA,2026-03-17,806,https://api.sci.gov.in/supremecourt/2024/10403/10403_2024_2_1501_69381_Judgement_17-Mar-2026.pdf,2026 INSC 252(English),https://api.sci.gov.in/supremecourt/2024/10403/10403_2024_2_1501_69381_Judgement_17-Mar-2026.pdf,
HON'BLE MR. JUSTICE VIKRAM NATH,SUPREME_COURT,2011,C.A. No.-005168-005169 - 2011,GOBIND SINGH .VSUNION OF INDIA .,National,Principal,,,COMPLETED,10521/2011,KUNAL VERMA- 1724 __,HON'BLE MR. JUSTICE VIKRAM NATH,2026-03-09,5546,https://api.sci.gov.in/supremecourt/2011/10521/10521_2011_2_1501_69088_Judgement_09-Mar-2026.pdf,2026 INSC 211(English),https://api.sci.gov.in/supremecourt/2011/10521/10521_2011_2_1501_69088_Judgement_09-Mar-2026.pdf,
HON'BLE MR. JUSTICE VIKRAM NATH,SUPREME_COURT,2025,C.A. No.-013581-013581 - 2025,ANURAG KRISHNA SINHAVSSTATE OF BIHAR,National,Principal,,,COMPLETED,11052/2024,ROHINI PRASAD- 3083 __,HON'BLE MR. JUSTICE VIKRAM NATH,2026-03-10,799,https://api.sci.gov.in/supremecourt/2024/11052/11052_2024_2_1502_69143_Judgement_10-Mar-2026.pdf,2026 INSC 219(English),https://api.sci.gov.in/supremecourt/2024/11052/11052_2024_2_1502_69143_Judgement_10-Mar-2026.pdf,
HON'BLE MR. JUSTICE VIKRAM NATH,SUPREME_COURT,2026,C.A. No.-003585-003587 - 2026,PREM PORWAL AND ORS. ETC.VSJAGDEESH CHANDRA PRAJAPATI AND ORS.,National,Principal,,,COMPLETED,17821/2015,DIVYAKANT LAHOTI- 2188 __,HON'BLE MR. JUSTICE N.V. ANJARIA,2026-03-19,4095,https://api.sci.gov.in/supremecourt/2015/17821/17821_2015_2_18_69589_Judgement_19-Mar-2026.pdf,2026 INSC 435(English),https://api.sci.gov.in/supremecourt/2015/17821/17821_2015_2_18_69589_Judgement_19-Mar-2026.pdf,
HON'BLE MR. JUSTICE VIKRAM NATH,SUPREME_COURT,2024,C.A. No.-000868-000868 - 2024,PRABHU KUMARVSTHE STATE OF HIMACHAL PRADESH,National,Principal,,,COMPLETED,18801/2021,BIJU P RAMAN- 2211 __,HON'BLE MR. JUSTICE SANDEEP MEHTA,2026-03-11,1895,https://api.sci.gov.in/supremecourt/2021/18801/18801_2021_2_101_69235_Judgement_11-Mar-2026.pdf,2026 INSC 253(English),https://api.sci.gov.in/supremecourt/2021/18801/18801_2021_2_101_69235_Judgement_11-Mar-2026.pdf,
HON'BLE MR. JUSTICE VIKRAM NATH,SUPREME_COURT,2021,W.P.(C) No.-001220 - 2021,RACHANA GANGUVSUNION OF INDIA,National,Principal,,,COMPLETED,26424/2021,SATYA MITRA- 1852 __,HON'BLE MR. JUSTICE VIKRAM NATH,2026-03-10,1894,https://api.sci.gov.in/supremecourt/2021/26424/26424_2021_2_1501_69143_Judgement_10-Mar-2026.pdf,2026 INSC 218(English),https://api.sci.gov.in/supremecourt/2021/26424/26424_2021_2_1501_69143_Judgement_10-Mar-2026.pdf,
HON'BLE MR. JUSTICE VIKRAM NATH,SUPREME_COURT,2025,MA-001256 - 2025,M/S LAMBA EXPORTS PVT. LTD.VSM/S DHIR GLOBAL INDUSTRIES PVT. LTD.,National,Principal,,,COMPLETED,30035/2025,VARUN PUNIA- 2345 __,HON'BLE MR. JUSTICE VIKRAM NATH,2026-03-23,446,https://api.sci.gov.in/supremecourt/2025/30035/30035_2025_2_1501_69545_Judgement_23-Mar-2026.pdf,2026 INSC 275(English),https://api.sci.gov.in/supremecourt/2025/30035/30035_2025_2_1501_69545_Judgement_23-Mar-2026.pdf,
HON'BLE MR. JUSTICE VIKRAM NATH,SUPREME_COURT,2026,C.A. No.-003543-003543 - 2026,R. HALLEVSRELIANCE GENERAL INSURANCE COMPANY LIMITED,National,Principal,,,COMPLETED,37186/2023,RAGHUNATHA SETHUPATHY B- 3238 __,HON'BLE MR. JUSTICE VIKRAM NATH,2026-03-18,1172,https://api.sci.gov.in/supremecourt/2023/37186/37186_2023_2_1501_69414_Judgement_18-Mar-2026.pdf,2026 INSC 260(English),https://api.sci.gov.in/supremecourt/2023/37186/37186_2023_2_1501_69414_Judgement_18-Mar-2026.pdf,
HON'BLE MR. JUSTICE VIKRAM NATH,SUPREME_COURT,2026,Crl.A. No.-001480-001480 - 2026,AYYUB MALIKVSSTATE OF UTTARAKHAND,National,Principal,,,COMPLETED,40344/2025,ASHISH KUMAR UPADHYAY- 3828 __,HON'BLE MR. JUSTICE N.V. ANJARIA,2026-03-19,442,https://api.sci.gov.in/supremecourt/2025/40344/40344_2025_2_13_69589_Judgement_19-Mar-2026.pdf,2026 INSC 331(English),https://api.sci.gov.in/supremecourt/2025/40344/40344_2025_2_13_69589_Judgement_19-Mar-2026.pdf,
HON'BLE MR. JUSTICE VIKRAM NATH,SUPREME_COURT,2026,C.A. No.-003348-003348 - 2026,SUDHANSHU KARDAMVSCOMPTROLLER AND AUDITOR GENERAL OF INDIA,National,Principal,,,COMPLETED,43728/2025,AYYAM PERUMAL KARTHIK M.- 4174 __,HON'BLE MR. JUSTICE VIKRAM NATH,2026-03-12,435,https://api.sci.gov.in/supremecourt/2025/43728/43728_2025_2_1501_69236_Judgement_12-Mar-2026.pdf,2026 INSC 232(English),https://api.sci.gov.in/supremecourt/2025/43728/43728_2025_2_1501_69236_Judgement_12-Mar-2026.pdf,
HON'BLE MR. JUSTICE VIKRAM NATH,SUPREME_COURT,2026,Crl.A. No.-001234-001234 - 2026,DR. SUSHIL KUMAR PURBEYVSTHE STATE OF BIHAR,National,Principal,,,COMPLETED,52848/2023,ROHIT KUMAR SINGH- 3128 __,HON'BLE MR. JUSTICE VIKRAM NATH,2026-03-09,1163,https://api.sci.gov.in/supremecourt/2023/52848/52848_2023_2_1504_69088_Judgement_09-Mar-2026.pdf,2026 INSC 212(English),https://api.sci.gov.in/supremecourt/2023/52848/52848_2023_2_1504_69088_Judgement_09-Mar-2026.pdf,
HON'BLE MR. JUSTICE VIKRAM NATH,SUPREME_COURT,2025,SMW(C) No.-000008-000008 - 2025,"IN RE: 2 MILLION LIVES AT RISK, CONTAMINATION IN JOJARI RIVER, RAJASTHAN",National,Principal,,,COMPLETED,53967/2025,BY COURTS MOTION __,HON'BLE MR. JUSTICE VIKRAM NATH,2026-03-18,441,https://api.sci.gov.in/supremecourt/2025/53967/53967_2025_2_35_69419_Judgement_18-Mar-2026.pdf,2026 INSC 316(English),https://api.sci.gov.in/supremecourt/2025/53967/53967_2025_2_35_69419_Judgement_18-Mar-2026.pdf,
HON'BLE MR. JUSTICE VIKRAM NATH,SUPREME_COURT,2026,C.A. No.-003689-003689 - 2026,STATE OF KARNATAKAVSSANTHOSH KUMAR C,National,Principal,,,COMPLETED,65873/2025,SANCHIT GARGA- 2748 __,HON'BLE MR. JUSTICE VIKRAM NATH,2026-03-23,446,https://api.sci.gov.in/supremecourt/2025/65873/65873_2025_2_1502_69545_Judgement_23-Mar-2026.pdf,2026 INSC 276(English),https://api.sci.gov.in/supremecourt/2025/65873/65873_2025_2_1502_69545_Judgement_23-Mar-2026.pdf,
HON'BLE MR. JUSTICE VIKRAM NATH,SUPREME_COURT,2026,Crl.A. No.-001266-001266 - 2026,POORANMALVSTHE STATE OF RAJASTHAN,National,Principal,,,COMPLETED,74821/2025,RANJEETA ROHATGI- 1723 __,HON'BLE MR. JUSTICE SANDEEP MEHTA,2026-03-10,433,https://api.sci.gov.in/supremecourt/2025/74821/74821_2025_2_1503_69143_Judgement_10-Mar-2026.pdf,2026 INSC 217(English),https://api.sci.gov.in/supremecourt/2025/74821/74821_2025_2_1503_69143_Judgement_10-Mar-2026.pdf,
HON'BLE MR. JUSTICE VIKRAM NATH,SUPREME_COURT,2026,Crl.A. No.-001922-001922 - 2026,ANOSH EKKAVSSTATE THROUGH CENTRAL BUREAU OF INVESTIGATION,National,Principal,,,COMPLETED,1078/2026,NIKHIL JAIN- 1714 __,HON'BLE MR. JUSTICE SANDEEP MEHTA,2026-04-13,102,https://api.sci.gov.in/supremecourt/2026/1078/1078_2026_2_1502_70045_Judgement_13-Apr-2026.pdf,2026 INSC 357(English),https://api.sci.gov.in/supremecourt/2026/1078/1078_2026_2_1502_70045_Judgement_13-Apr-2026.pdf,
HON'BLE MR. JUSTICE VIKRAM NATH,SUPREME_COURT,2024,W.P.(C) No.-000054 - 2024,SAVE MON REGION FEDERATIONVSTHE STATE OF ARUNACHAL PRADESH,National,Principal,,,COMPLETED,2279/2024,PRASHANT BHUSHAN- 515 __,HON'BLE MR. JUSTICE VIKRAM NATH,2026-04-06,826,https://api.sci.gov.in/supremecourt/2024/2279/2279_2024_2_1501_69768_Judgement_06-Apr-2026.pdf,2026 INSC 320(English),https://api.sci.gov.in/supremecourt/2024/2279/2279_2024_2_1501_69768_Judgement_06-Apr-2026.pdf,
HON'BLE MR. JUSTICE VIKRAM NATH,SUPREME_COURT,1998,W.P.(C) No.-000116-000116 - 1998,JUSTICE SUNANDA BHANDARE FOUNDATIONVSU.O.I.,National,Principal,,,COMPLETED,2844/1998,AMBAR QAMARUDDIN- 1438 __ PRASHANT KUMAR,HON'BLE MR. JUSTICE VIKRAM NATH,2026-04-28,10344,https://api.sci.gov.in/supremecourt/1998/2844/2844_1998_2_31_70584_Judgement_28-Apr-2026.pdf,2026 INSC 441(English),https://api.sci.gov.in/supremecourt/1998/2844/2844_1998_2_31_70584_Judgement_28-Apr-2026.pdf,
HON'BLE MR. JUSTICE VIKRAM NATH,SUPREME_COURT,2026,C.A. No.-006825-006825 - 2026,R.IYYAPPANVSUNION OF INDIA,National,Principal,,,COMPLETED,6072/2025,PRANAV SACHDEVA- 2259 __,HON'BLE MR. JUSTICE VIKRAM NATH,2026-04-29,483,https://api.sci.gov.in/supremecourt/2025/6072/6072_2025_2_1501_70707_Judgement_29-Apr-2026.pdf,2026 INSC 431(English),https://api.sci.gov.in/supremecourt/2025/6072/6072_2025_2_1501_70707_Judgement_29-Apr-2026.pdf,
HON'BLE MR. JUSTICE VIKRAM NATH,SUPREME_COURT,2025,W.P.(C) No.-000182-000182 - 2025,SATHYAN NARAVOORVSUNION OF INDIA,National,Principal,,,COMPLETED,7842/2025,MOHAMMED SADIQUE T.A.- 2225 __,HON'BLE MR. JUSTICE VIKRAM NATH,2026-04-21,475,https://api.sci.gov.in/supremecourt/2025/7842/7842_2025_2_1501_70328_Judgement_21-Apr-2026.pdf,2026 INSC 397(English),https://api.sci.gov.in/supremecourt/2025/7842/7842_2025_2_1501_70328_Judgement_21-Apr-2026.pdf,
HON'BLE MR. JUSTICE VIKRAM NATH,SUPREME_COURT,2026,C.A. No.-004318-004319 - 2026,M/S CHOPRA HOTELS PRIVATE LIMITEDVSHARBINDER SINGH SEKHON,National,Principal,,,COMPLETED,13930/2026,E. C. AGRAWALA- 177 __,HON'BLE MR. JUSTICE VIKRAM NATH,2026-04-08,97,https://api.sci.gov.in/supremecourt/2026/13930/13930_2026_2_1501_69873_Judgement_08-Apr-2026.pdf,2026 INSC 335(English),https://api.sci.gov.in/supremecourt/2026/13930/13930_2026_2_1501_69873_Judgement_08-Apr-2026.pdf,
HON'BLE MR. JUSTICE VIKRAM NATH,SUPREME_COURT,2026,SMW(C) No.-000002-000002 - 2026,IN RE: ILLEGAL SAND MINING IN THE NATIONAL CHAMBAL SANCTUARY AND THREAT TO ENDANGERED AQUATIC WILDLIFEVSTHE STATE OF RAJASTHAN,National,Principal,,,COMPLETED,15656/2026,BY COURTS MOTION __,HON'BLE MR. JUSTICE SANDEEP MEHTA,2026-04-17,106,https://api.sci.gov.in/supremecourt/2026/15656/15656_2026_2_1501_70319_Judgement_17-Apr-2026.pdf,2026 INSC 380(English),https://api.sci.gov.in/supremecourt/2026/15656/15656_2026_2_1501_70319_Judgement_17-Apr-2026.pdf,
HON'BLE MR. JUSTICE VIKRAM NATH,SUPREME_COURT,2015,W.P.(C) No.-000392-000392 - 2015,"BHARTIYA MAZDOOR SANGH, UTTAR PRADESH AND ANOTHERVSTHE STATE OF UTTAR PRADESH",National,Principal,,,COMPLETED,19639/2015,SATYA MITRA- 1852 __,HON'BLE MR. JUSTICE RAJESH BINDAL,2026-04-15,4122,https://api.sci.gov.in/supremecourt/2015/19639/19639_2015_2_1501_70164_Judgement_15-Apr-2026.pdf,2026 INSC 364(English),https://api.sci.gov.in/supremecourt/2015/19639/19639_2015_2_1501_70164_Judgement_15-Apr-2026.pdf,
HON'BLE MR. JUSTICE VIKRAM NATH,SUPREME_COURT,2021,W.P.(C) No.-000943 - 2021,ASHWINI KUMAR UPADHYAYVSUNION OF INDIA,National,Principal,,,COMPLETED,19991/2021,ASHWANI KUMAR DUBEY- 1797 __,HON'BLE MR. JUSTICE VIKRAM NATH,2026-04-29,1944,https://api.sci.gov.in/supremecourt/2021/19991/19991_2021_2_1502_70707_Judgement_29-Apr-2026.pdf,2026 INSC 432(English),https://api.sci.gov.in/supremecourt/2021/19991/19991_2021_2_1502_70707_Judgement_29-Apr-2026.pdf,
HON'BLE MR. JUSTICE VIKRAM NATH,SUPREME_COURT,2026,Crl.A. No.-001927-001929 - 2026,ACCAMMA SAM JACOBVSTHE STATE OF KARNATAKA,National,Principal,,,COMPLETED,20175/2022,SRIHARSH NAHUSH BUNDELA- 3801 __,HON'BLE MR. JUSTICE SANDEEP MEHTA,2026-04-13,1563,https://api.sci.gov.in/supremecourt/2022/20175/20175_2022_2_1501_70045_Judgement_13-Apr-2026.pdf,2026 INSC 362(English),https://api.sci.gov.in/supremecourt/2022/20175/20175_2022_2_1501_70045_Judgement_13-Apr-2026.pdf,
HON'BLE MR. JUSTICE VIKRAM NATH,SUPREME_COURT,2025,SLP(C) No.-013374-013375 - 2025,NEW DELHI NATURE SOCIETYVSDIRECTOR HORTICULTURE,National,Principal,,,COMPLETED,20272/2025,RUKHSANA CHOUDHURY- 1545 __,HON'BLE MR. JUSTICE SANDEEP MEHTA,2026-04-27,481,https://api.sci.gov.in/supremecourt/2025/20272/20272_2025_2_1501_70530_Judgement_27-Apr-2026.pdf,2026 INSC 419(English),https://api.sci.gov.in/supremecourt/2025/20272/20272_2025_2_1501_70530_Judgement_27-Apr-2026.pdf,
HON'BLE MR. JUSTICE VIKRAM NATH,SUPREME_COURT,2026,Crl.A. No.-002351-002352 - 2026,AMAN SINGHVSTHE STATE OF BIHAR,National,Principal,,,COMPLETED,24574/2026,RAVI SHARMA- 3026 __,HON'BLE MR. JUSTICE SANDEEP MEHTA,2026-04-27,116,https://api.sci.gov.in/supremecourt/2026/24574/24574_2026_2_301_70717_Judgement_27-Apr-2026.pdf,2026 INSC 424(English),https://api.sci.gov.in/supremecourt/2026/24574/24574_2026_2_301_70717_Judgement_27-Apr-2026.pdf,
HON'BLE MR. JUSTICE VIKRAM NATH,SUPREME_COURT,2026,Crl.A. No.-001774-001774 - 2026,SAJAL BOSEVSTHE STATE OF WEST BENGAL,National,Principal,,,COMPLETED,25536/2024,KHAITAN & CO.- 1509 __,HON'BLE MR. JUSTICE VIKRAM NATH,2026-04-06,826,https://api.sci.gov.in/supremecourt/2024/25536/25536_2024_2_1503_69768_Judgement_06-Apr-2026.pdf,2026 INSC 322(English),https://api.sci.gov.in/supremecourt/2024/25536/25536_2024_2_1503_69768_Judgement_06-Apr-2026.pdf,
HON'BLE MR. JUSTICE VIKRAM NATH,SUPREME_COURT,2026,C.A. No.-004604-004604 - 2026,PAWAN GARGVSSOUTH DELHI MUNICIPAL CORPORATION,National,Principal,,,COMPLETED,26801/2019,SAURABH AJAY GUPTA- 1827 __,HON'BLE MR. JUSTICE VIKRAM NATH,2026-04-20,2666,https://api.sci.gov.in/supremecourt/2019/26801/26801_2019_2_1501_70286_Judgement_20-Apr-2026.pdf,2026 INSC 389(English),https://api.sci.gov.in/supremecourt/2019/26801/26801_2019_2_1501_70286_Judgement_20-Apr-2026.pdf,
HON'BLE MR. JUSTICE VIKRAM NATH,SUPREME_COURT,2026,C.A. No.-004391-004391 - 2026,MAMTA DEVIVSSANJAY KUMAR,National,Principal,,,COMPLETED,27116/2024,GAUTAM JHA- 1980 __,HON'BLE MR. JUSTICE VIKRAM NATH,2026-04-10,830,https://api.sci.gov.in/supremecourt/2024/27116/27116_2024_2_1501_69986_Judgement_10-Apr-2026.pdf,2026 INSC 346(English),https://api.sci.gov.in/supremecourt/2024/27116/27116_2024_2_1501_69986_Judgement_10-Apr-2026.pdf,
HON'BLE MR. JUSTICE VIKRAM NATH,SUPREME_COURT,2026,Crl.A. No.-002269-002269 - 2026,MD. ARIZ HASNAIN @ ARIZ HASNAINVSSTATE OF JHARKHAND,National,Principal,,,COMPLETED,28503/2025,MEHAAK JAGGI- 3215 __,HON'BLE MR. JUSTICE VIKRAM NATH,2026-04-30,484,https://api.sci.gov.in/supremecourt/2025/28503/28503_2025_2_39_70688_Judgement_30-Apr-2026.pdf,2026 INSC 456(English),https://api.sci.gov.in/supremecourt/2025/28503/28503_2025_2_39_70688_Judgement_30-Apr-2026.pdf,
HON'BLE MR. JUSTICE VIKRAM NATH,SUPREME_COURT,2011,C.A. No.-001944-001944 - 2011,M/S. PIAGGIO VEHICLES PVT.LTD.VSTHE STATE OF UTTAR PRADESH,National,Principal,,,COMPLETED,32173/2009,__,HON'BLE MR. JUSTICE VIKRAM NATH,2026-04-06,6304,https://api.sci.gov.in/supremecourt/2009/32173/32173_2009_2_1502_69768_Judgement_06-Apr-2026.pdf,2026 INSC 321(English),https://api.sci.gov.in/supremecourt/2009/32173/32173_2009_2_1502_69768_Judgement_06-Apr-2026.pdf,
HON'BLE MR. JUSTICE VIKRAM NATH,SUPREME_COURT,2011,C.A. No.-001245-001245 - 2011,"KISHAN CHAND (DEAD) THROUGH LRSVSGAUTAM GAUR HITKARAK SABHA, KOTA .",National,Principal,,,COMPLETED,32262/2007,PRATIBHA JAIN- 518 __ AJAY CHOUDHARY- 1342,HON'BLE MR. JUSTICE VIKRAM NATH,2026-04-09,7038,https://api.sci.gov.in/supremecourt/2007/32262/32262_2007_2_106_69874_Judgement_09-Apr-2026.pdf,2026 INSC 448(English),https://api.sci.gov.in/supremecourt/2007/32262/32262_2007_2_106_69874_Judgement_09-Apr-2026.pdf,
HON'BLE MR. JUSTICE VIKRAM NATH,SUPREME_COURT,2026,Crl.A. No.-002066-002066 - 2026,S. ANANDVSSTATE OF TAMILNADU (REPRESENTED BY THE INSPECTOR OF POLICE),National,Principal,,,COMPLETED,40219/2022,MOHD FARAZ ANEES- 3720 __,HON'BLE MR. JUSTICE VIKRAM NATH,2026-04-21,1571,https://api.sci.gov.in/supremecourt/2022/40219/40219_2022_2_24_70328_Judgement_21-Apr-2026.pdf,2026 INSC 418(English),https://api.sci.gov.in/supremecourt/2022/40219/40219_2022_2_24_70328_Judgement_21-Apr-2026.pdf,
HON'BLE MR. JUSTICE VIKRAM NATH,SUPREME_COURT,2026,C.A. No.-004444-004444 - 2026,NEHA SANDEEP TODIVSSANDEEP KHEMRAJ TODI,National,Principal,,,COMPLETED,50168/2024,VACHHER AND AGRUD- 2841 __,HON'BLE MR. JUSTICE SANDEEP MEHTA,2026-04-07,827,https://api.sci.gov.in/supremecourt/2024/50168/50168_2024_2_1501_69825_Judgement_07-Apr-2026.pdf,2026 INSC 334(English),https://api.sci.gov.in/supremecourt/2024/50168/50168_2024_2_1501_69825_Judgement_07-Apr-2026.pdf,
HON'BLE MR. JUSTICE VIKRAM NATH,SUPREME_COURT,2026,C.A. No.-004167-004167 - 2026,J. SRI NISHAVSTHE SPECIAL DIRECTOR,National,Principal,,,COMPLETED,54899/2024,E. SUDARSANAN- 3837 __,HON'BLE MR. JUSTICE VIKRAM NATH,2026-04-01,821,https://api.sci.gov.in/supremecourt/2024/54899/54899_2024_2_1501_69599_Judgement_01-Apr-2026.pdf,2026 INSC 309(English),https://api.sci.gov.in/supremecourt/2024/54899/54899_2024_2_1501_69599_Judgement_01-Apr-2026.pdf,
HON'BLE MR. JUSTICE VIKRAM NATH,SUPREME_COURT,2025,Crl.A. No.-005673-005674 - 2025,NILESH C OJHAVSHIGH COURT OF JUDICATURE AT BOMBAY,National,Principal,,,COMPLETED,64987/2025,PREM SUNDER JHA- 516 __,HON'BLE MR. JUSTICE VIKRAM NATH,2026-04-20,474,https://api.sci.gov.in/supremecourt/2025/64987/64987_2025_2_1502_70286_Judgement_20-Apr-2026.pdf,2026 INSC 390(English),https://api.sci.gov.in/supremecourt/2025/64987/64987_2025_2_1502_70286_Judgement_20-Apr-2026.pdf,
HON'BLE MR. JUSTICE VIKRAM NATH,SUPREME_COURT,2025,C.A. No.-006395-006397 - 2025,A JOHN KENNEDYVSSTATE OF TAMIL NADU,National,Principal,,,COMPLETED,531/2025,PRASANNA S.- 2919 __,HON'BLE MR. JUSTICE VIKRAM NATH,2026-05-29,513,https://api.sci.gov.in/supremecourt/2025/531/531_2025_2_76_71632_Judgement_29-May-2026.pdf,2026 INSC 605(English),https://api.sci.gov.in/supremecourt/2025/531/531_2025_2_76_71632_Judgement_29-May-2026.pdf,
HON'BLE MR. JUSTICE VIKRAM NATH,SUPREME_COURT,2026,C.A. No.-007458-007458 - 2026,PADAM MEHTAVSTHE STATE OF RAJASTHAN,National,Principal,,,COMPLETED,1090/2025,D. K. DEVESH- 2275 __,HON'BLE MR. JUSTICE VIKRAM NATH,2026-05-12,496,https://api.sci.gov.in/supremecourt/2025/1090/1090_2025_2_1502_71114_Judgement_12-May-2026.pdf,2026 INSC 476(English),https://api.sci.gov.in/supremecourt/2025/1090/1090_2025_2_1502_71114_Judgement_12-May-2026.pdf,
HON'BLE MR. JUSTICE VIKRAM NATH,SUPREME_COURT,2026,C.A. No.-008144-008144 - 2026,RAJ KUMAR DAS (D) THR. LRS.VSNATIONAL INSURANCE CO. LTD.,National,Principal,,,COMPLETED,6457/2023,CHAND QURESHI- 3063 __,HON'BLE MR. JUSTICE VIKRAM NATH,2026-05-25,1240,https://api.sci.gov.in/supremecourt/2023/6457/6457_2023_2_1501_71492_Judgement_25-May-2026.pdf,2026 INSC 541(English),https://api.sci.gov.in/supremecourt/2023/6457/6457_2023_2_1501_71492_Judgement_25-May-2026.pdf,
HON'BLE MR. JUSTICE VIKRAM NATH,SUPREME_COURT,2018,Crl.A. No.-001342-001343 - 2018,MEHTABVSTHE STATE OF UTTARAKHAND,National,Principal,,,COMPLETED,22194/2018,N. ANNAPOORANI- 1142 __,HON'BLE MR. JUSTICE SANDEEP MEHTA,2026-05-27,3068,https://api.sci.gov.in/supremecourt/2018/22194/22194_2018_2_1503_71618_Judgement_27-May-2026.pdf,2026 INSC 578(English),https://api.sci.gov.in/supremecourt/2018/22194/22194_2018_2_1503_71618_Judgement_27-May-2026.pdf,
HON'BLE MR. JUSTICE VIKRAM NATH,SUPREME_COURT,2022,C.A. No.-004974 - 2022,AMAZON.COM NV INVESTMENT HOLDINGS LLCVSCOMPETITION COMMISSION OF INDIA,National,Principal,,,COMPLETED,22360/2022,KUNAL CHATTERJI- 1811 __,HON'BLE MR. JUSTICE VIKRAM NATH,2026-05-27,1607,https://api.sci.gov.in/supremecourt/2022/22360/22360_2022_2_1501_71618_Judgement_27-May-2026.pdf,2026 INSC 576(English),https://api.sci.gov.in/supremecourt/2022/22360/22360_2022_2_1501_71618_Judgement_27-May-2026.pdf,
HON'BLE MR. JUSTICE VIKRAM NATH,SUPREME_COURT,2019,Crl.A. No.-000491-000492 - 2019,SHAHJAD ALI@ALI UR REHMANVSTHE STATE OF UTTARAKHAND,National,Principal,,,COMPLETED,25480/2018,SANJAY KUMAR DUBEY- 2228 __,HON'BLE MR. JUSTICE SANDEEP MEHTA,2026-05-06,3047,https://api.sci.gov.in/supremecourt/2018/25480/25480_2018_2_31_70872_Judgement_06-May-2026.pdf,2026 INSC 557(English),https://api.sci.gov.in/supremecourt/2018/25480/25480_2018_2_31_70872_Judgement_06-May-2026.pdf,
HON'BLE MR. JUSTICE VIKRAM NATH,SUPREME_COURT,2022,W.P.(C) No.-000932 - 2022,BIHAR STATE ARDH SARKARI ARAJPATI KARAMCHARI MAHA SANGHVSSTATE OF BIHAR,National,Principal,,,COMPLETED,27653/2022,AMAN MOHIT HINGORANI __,HON'BLE MR. JUSTICE SANDEEP MEHTA,2026-05-29,1609,https://api.sci.gov.in/supremecourt/2022/27653/27653_2022_2_54_71632_Judgement_29-May-2026.pdf,2026 INSC 607(English),https://api.sci.gov.in/supremecourt/2022/27653/27653_2022_2_54_71632_Judgement_29-May-2026.pdf,
HON'BLE MR. JUSTICE VIKRAM NATH,SUPREME_COURT,2025,C.A. No.-004514-004514 - 2025,SUKHENDU BHATTACHARJEEVSTHE STATE OF ASSAM,National,Principal,,,COMPLETED,28163/2017,GAUTAM TALUKDAR- 2063 __,HON'BLE MR. JUSTICE VIKRAM NATH,2026-05-21,3427,https://api.sci.gov.in/supremecourt/2017/28163/28163_2017_2_1501_71532_Judgement_21-May-2026.pdf,2026 INSC 523(English),https://api.sci.gov.in/supremecourt/2017/28163/28163_2017_2_1501_71532_Judgement_21-May-2026.pdf,
HON'BLE MR. JUSTICE VIKRAM NATH,SUPREME_COURT,2026,C.A. No.-008205-008205 - 2026,HINDUSTAN MEDICAL INSTITUTIONVSBIRLA CORPORATION LIMITED,National,Principal,,,COMPLETED,35072/2022,ROHIT AMIT STHALEKAR- 2621 __,HON'BLE MR. JUSTICE VIKRAM NATH,2026-05-26,1606,https://api.sci.gov.in/supremecourt/2022/35072/35072_2022_2_1501_71557_Judgement_26-May-2026.pdf,2026 INSC 554(English),https://api.sci.gov.in/supremecourt/2022/35072/35072_2022_2_1501_71557_Judgement_26-May-2026.pdf,
HON'BLE MR. JUSTICE VIKRAM NATH,SUPREME_COURT,2025,Crl.A. No.-005141-005141 - 2025,"SRIVSSTATE REP. BY THE INSPECTOR OF POLICE, Q BRANCH, RAMANATHAPURAM",National,Principal,,,COMPLETED,36593/2025,T.S. NANDA KUMAR- 4044 __,HON'BLE MR. JUSTICE VIKRAM NATH,2026-05-20,504,https://api.sci.gov.in/supremecourt/2025/36593/36593_2025_2_1501_71531_Judgement_20-May-2026.pdf,2026 INSC 516(English),https://api.sci.gov.in/supremecourt/2025/36593/36593_2025_2_1501_71531_Judgement_20-May-2026.pdf,
HON'BLE MR. JUSTICE VIKRAM NATH,SUPREME_COURT,2026,C.A. No.-007861-007862 - 2026,SOUMYA RANJAN PANDA VSSUBHALAXMI DASH,National,Principal,,,COMPLETED,41698/2015,AJAY SHARMA __,HON'BLE MR. JUSTICE VIKRAM NATH,2026-05-14,4151,https://api.sci.gov.in/supremecourt/2015/41698/41698_2015_2_1501_71076_Judgement_14-May-2026.pdf,2026 INSC 488(English),https://api.sci.gov.in/supremecourt/2015/41698/41698_2015_2_1501_71076_Judgement_14-May-2026.pdf,
HON'BLE MR. JUSTICE VIKRAM NATH,SUPREME_COURT,2025,SMW(C) No.-000005-000005 - 2025,"IN RE: “CITY HOUNDED BY STRAYS, KIDS PAY PRICE”VSTHE STATE OF ANDHRA PRADESH",National,Principal,,,COMPLETED,41706/2025,BY COURTS MOTION __,HON'BLE MR. JUSTICE SANDEEP MEHTA,2026-05-19,503,https://api.sci.gov.in/supremecourt/2025/41706/41706_2025_2_1501_71480_Judgement_19-May-2026.pdf,2026 INSC 506(English),https://api.sci.gov.in/supremecourt/2025/41706/41706_2025_2_1501_71480_Judgement_19-May-2026.pdf,
HON'BLE MR. JUSTICE VIKRAM NATH,SUPREME_COURT,2026,C.A. No.-007459-007459 - 2026,MOHINDER KAUR (D) THR. L.R.VSBRIJ LAL ARORA,National,Principal,,,COMPLETED,43777/2019,RAJAT MITTAL- 2644 __,HON'BLE MR. JUSTICE VIKRAM NATH,2026-05-12,2688,https://api.sci.gov.in/supremecourt/2019/43777/43777_2019_2_1503_71114_Judgement_12-May-2026.pdf,2026 INSC 477(English),https://api.sci.gov.in/supremecourt/2019/43777/43777_2019_2_1503_71114_Judgement_12-May-2026.pdf,
HON'BLE MR. JUSTICE VIKRAM NATH,SUPREME_COURT,2026,C.A. No.-007457-007457 - 2026,ANN SAURABH DUTTVSSAURABH IQBAL BAHADUR DUTT,National,Principal,,,COMPLETED,46233/2024,JESAL WAHI- 2166 __,HON'BLE MR. JUSTICE VIKRAM NATH,2026-05-12,862,https://api.sci.gov.in/supremecourt/2024/46233/46233_2024_2_1501_71114_Judgement_12-May-2026.pdf,2026 INSC 475(English),https://api.sci.gov.in/supremecourt/2024/46233/46233_2024_2_1501_71114_Judgement_12-May-2026.pdf,
HON'BLE MR. JUSTICE VIKRAM NATH,SUPREME_COURT,2025,SLP(C) No.-027738 - 2025,M/S.SHRI AGARWAL CONSTRUCTION COMPANYVSTHE REGISTRAR GENERAL,National,Principal,,,COMPLETED,55302/2025,D. K. DEVESH- 2275 __,HON'BLE MR. JUSTICE VIKRAM NATH,2026-05-29,513,https://api.sci.gov.in/supremecourt/2025/55302/55302_2025_2_1501_71632_Judgement_29-May-2026.pdf,2026 INSC 606(English),https://api.sci.gov.in/supremecourt/2025/55302/55302_2025_2_1501_71632_Judgement_29-May-2026.pdf,
HON'BLE MR. JUSTICE VIKRAM NATH,SUPREME_COURT,2026,C.A. No.-007026-007026 - 2026,"RAJASTHAN PUBLIC SERVICE COMMISSION, AJMERVSLAVANSHU SANKHLA",National,Principal,,,COMPLETED,59911/2025,RAJESH SINGH CHAUHAN- 2213 __,HON'BLE MR. JUSTICE VIKRAM NATH,2026-05-04,488,https://api.sci.gov.in/supremecourt/2025/59911/59911_2025_2_1501_70753_Judgement_04-May-2026.pdf,2026 INSC 444(English),https://api.sci.gov.in/supremecourt/2025/59911/59911_2025_2_1501_70753_Judgement_04-May-2026.pdf,
HON'BLE MR. JUSTICE VIKRAM NATH,SUPREME_COURT,2026,C.A. No.-008238-008238 - 2026,SALIL DHAWANVSPRIYANSHI GHAI,National,Principal,,,COMPLETED,61192/2024,VRINDA BHANDARI- 3550 __,HON'BLE MR. JUSTICE VIKRAM NATH,2026-05-27,877,https://api.sci.gov.in/supremecourt/2024/61192/61192_2024_2_1502_71618_Judgement_27-May-2026.pdf,2026 INSC 577(English),https://api.sci.gov.in/supremecourt/2024/61192/61192_2024_2_1502_71618_Judgement_27-May-2026.pdf,
HON'BLE MR. JUSTICE VIKRAM NATH,SUPREME_COURT,2016,C.A. No.-010724-010724 - 2016,T.K.A. PADMANABHANVSABHIYAN COOPERATIVE GROUP HOUSING SOCIETY LTD.,National,Principal,,,COMPLETED,6150/2016,PETITIONER-IN-PERSON __ ABHINAV MUKERJI,HON'BLE MR. JUSTICE VIKRAM NATH,2026-06-04,3807,https://api.sci.gov.in/supremecourt/2016/6150/6150_2016_2_107_71816_Judgement_04-Jun-2026.pdf,2026 INSC 649(English),https://api.sci.gov.in/supremecourt/2016/6150/6150_2016_2_107_71816_Judgement_04-Jun-2026.pdf,
HON'BLE MR. JUSTICE VIKRAM NATH,SUPREME_COURT,2013,Crl.A. No.-000239-000239 - 2013,DEO PRASADVSTHE STATE OF UTTAR PRADESH,National,Principal,,,COMPLETED,848/2011,__ C. D. SINGH,HON'BLE MR. JUSTICE VIKRAM NATH,2026-07-15,5674,https://api.sci.gov.in/supremecourt/2011/848/848_2011_2_1501_72143_Judgement_15-Jul-2026.pdf,2026 INSC 707(English),https://api.sci.gov.in/supremecourt/2011/848/848_2011_2_1501_72143_Judgement_15-Jul-2026.pdf,
HON'BLE MR. JUSTICE VIKRAM NATH,SUPREME_COURT,2025,C.A. No.-004289-004290 - 2025,TEJAS J. SHAH AND AMISHA T. SHAHVSMANTRI TECHNOLOGY CONSTELLATIONS PRIATE LIMITED (NOW KNOWN AS BUOYANT TECHNOLOGY CONSTELLATIONS PVT. LTD.),National,Principal,,,COMPLETED,9299/2025,SAHIL TAGOTRA- 2520 __,HON'BLE MR. JUSTICE VIKRAM NATH,2026-07-27,572,https://api.sci.gov.in/supremecourt/2025/9299/9299_2025_2_1501_72784_Judgement_27-Jul-2026.pdf,2026 INSC 746(English),https://api.sci.gov.in/supremecourt/2025/9299/9299_2025_2_1501_72784_Judgement_27-Jul-2026.pdf,
HON'BLE MR. JUSTICE VIKRAM NATH,SUPREME_COURT,2025,W.P.(Crl.) No.-000162-000162 - 2025,NATIONAL LEGAL SERVICES AUTHORITYVSUNION OF INDIA,National,Principal,,,COMPLETED,17527/2025,RASHMI NANDAKUMAR- 2190 __,HON'BLE MR. JUSTICE SANDEEP MEHTA,2026-07-16,561,https://api.sci.gov.in/supremecourt/2025/17527/17527_2025_2_1501_72144_Judgement_16-Jul-2026.pdf,2026 INSC 713(English),https://api.sci.gov.in/supremecourt/2025/17527/17527_2025_2_1501_72144_Judgement_16-Jul-2026.pdf,
HON'BLE MR. JUSTICE VIKRAM NATH,SUPREME_COURT,2024,C.A. No.-002820-002820 - 2024,SABITRI DEY @ SWASTHI DEYVSUNION OF INDIA,National,Principal,,,COMPLETED,28741/2020,SATYA MITRA- 1852 __,HON'BLE MR. JUSTICE VIKRAM NATH,2026-07-13,2385,https://api.sci.gov.in/supremecourt/2020/28741/28741_2020_2_1501_71992_Judgement_13-Jul-2026.pdf,2026 INSC 694(English),https://api.sci.gov.in/supremecourt/2020/28741/28741_2020_2_1501_71992_Judgement_13-Jul-2026.pdf,
HON'BLE MR. JUSTICE VIKRAM NATH,SUPREME_COURT,2019,Crl.A. No.-001827-001829 - 2019,ABDUL HAMEEDVSTHE STATE OF RAJASTHAN,National,Principal,,,COMPLETED,38125/2019,KAMINI JAISWAL- 292 __,HON'BLE MR. JUSTICE VIKRAM NATH,2026-07-21,2758,https://api.sci.gov.in/supremecourt/2019/38125/38125_2019_2_1501_72510_Judgement_21-Jul-2026.pdf,2026 INSC 734(English),https://api.sci.gov.in/supremecourt/2019/38125/38125_2019_2_1501_72510_Judgement_21-Jul-2026.pdf,
HON'BLE MR. JUSTICE VIKRAM NATH,SUPREME_COURT,2026,Crl.A. No.-003441-003441 - 2026,THE STATE OF ANDHRA PRADESHVSSUDA SURESH VEERA VENKATA NAGA RAJU,National,Principal,,,COMPLETED,40501/2026,GUNTUR PRAMOD KUMAR- 2788 __,HON'BLE MR. JUSTICE SANDEEP MEHTA,2026-07-27,207,https://api.sci.gov.in/supremecourt/2026/40501/40501_2026_2_1502_72784_Judgement_27-Jul-2026.pdf,2026 INSC 744(English),https://api.sci.gov.in/supremecourt/2026/40501/40501_2026_2_1502_72784_Judgement_27-Jul-2026.pdf,
HON'BLE MR. JUSTICE VIKRAM NATH,SUPREME_COURT,2026,Crl.A. No.-003969-003969 - 2026,RAMKRISHNA CHAUHANVSSTATE OF U. P.,National,Principal,,,COMPLETED,16188/2023,ANUSHREE PRASHIT KAPADIA- 2081 __,HON'BLE MR. JUSTICE VIKRAM NATH,2026-08-20,1327,https://api.sci.gov.in/supremecourt/2023/16188/16188_2023_2_1501_73542_Judgement_20-Aug-2026.pdf,2026 INSC 895(English),https://api.sci.gov.in/supremecourt/2023/16188/16188_2023_2_1501_73542_Judgement_20-Aug-2026.pdf,
HON'BLE MR. JUSTICE VIKRAM NATH,SUPREME_COURT,2026,Crl.A. No.-004056-004056 - 2026,YASH MAHESH GAIKWADVSSTATE OF MAHARASHTRA,National,Principal,,,COMPLETED,20322/2026,PRASTUT MAHESH DALVI- 3254 __,HON'BLE MR. JUSTICE VIKRAM NATH,2026-08-20,231,https://api.sci.gov.in/supremecourt/2026/20322/20322_2026_2_4_73465_Judgement_20-Aug-2026.pdf,2026 INSC 917(English),https://api.sci.gov.in/supremecourt/2026/20322/20322_2026_2_4_73465_Judgement_20-Aug-2026.pdf,
HON'BLE MR. JUSTICE VIKRAM NATH,SUPREME_COURT,2026,Crl.A. No.-003970-003970 - 2026,SUJATA KUMARIVSRAHUL KUMAR,National,Principal,,,COMPLETED,22156/2026,MIMANSAK BHARDWAJ- 3770 __,HON'BLE MR. JUSTICE VIKRAM NATH,2026-08-20,231,https://api.sci.gov.in/supremecourt/2026/22156/22156_2026_2_1502_73542_Judgement_20-Aug-2026.pdf,2026 INSC 896(English),https://api.sci.gov.in/supremecourt/2026/22156/22156_2026_2_1502_73542_Judgement_20-Aug-2026.pdf,
HON'BLE MR. JUSTICE VIKRAM NATH,SUPREME_COURT,2017,W.P.(Crl.) No.-000145 - 2017,RISHI MALHOTRAVSUNION OF INDIA,National,Principal,,,COMPLETED,29088/2017,RISHI MALHOTRA __,HON'BLE MR. JUSTICE VIKRAM NATH,2026-08-18,3516,https://api.sci.gov.in/supremecourt/2017/29088/29088_2017_2_1501_73425_Judgement_18-Aug-2026.pdf,2026 INSC 873(English),https://api.sci.gov.in/supremecourt/2017/29088/29088_2017_2_1501_73425_Judgement_18-Aug-2026.pdf,
HON'BLE MR. JUSTICE VIKRAM NATH,SUPREME_COURT,2026,C.A. No.-009820-009821 - 2026,ADARSH DINKAR SONTAKKEVSNAVODAYA VIDYALAYA SAMITI,National,Principal,,,COMPLETED,42235/2026,CHAPALGAONKAR SIDDHARTH SARANG- 4289 __,HON'BLE MR. JUSTICE VIKRAM NATH,2026-07-30,210,https://api.sci.gov.in/supremecourt/2026/42235/42235_2026_2_27_72738_Judgement_30-Jul-2026.pdf,2026 INSC 865(English),https://api.sci.gov.in/supremecourt/2026/42235/42235_2026_2_27_72738_Judgement_30-Jul-2026.pdf,
HON'BLE MR. JUSTICE VIKRAM NATH,SUPREME_COURT,2025,C.A. No.-012256 - 2025,REHANA KHANVSRIZWAN SIDDHIQUEE,National,Principal,,,COMPLETED,50190/2025,PETITIONER-IN-PERSON __,HON'BLE MR. JUSTICE VIKRAM NATH,2026-08-21,597,https://api.sci.gov.in/supremecourt/2025/50190/50190_2025_2_1501_73680_Judgement_21-Aug-2026.pdf,2026 INSC 907(English),https://api.sci.gov.in/supremecourt/2025/50190/50190_2025_2_1501_73680_Judgement_21-Aug-2026.pdf,
HON'BLE MR. JUSTICE VIKRAM NATH,SUPREME_COURT,2026,Crl.A. No.-004075-004075 - 2026,SAYAD ASIFULLAVSSTATE OF KARNATAKA,National,Principal,,,COMPLETED,54004/2025,LZAFEER AHMAD B. F.- 2941 __,HON'BLE MR. JUSTICE VIKRAM NATH,2026-08-25,601,https://api.sci.gov.in/supremecourt/2025/54004/54004_2025_2_14_73942_Judgement_25-Aug-2026.pdf,2026 INSC 964(English),https://api.sci.gov.in/supremecourt/2025/54004/54004_2025_2_14_73942_Judgement_25-Aug-2026.pdf,
HON'BLE MR. JUSTICE VIKRAM NATH,SUPREME_COURT,2026,C.A. No.-011195-011195 - 2026,"MADURAI FAROOQ AHMEDVSTHE PRINCIPAL SECRETARY TO GOVERNMENT, TAMIL NADU HIGHWAY AND MINOR PORT DEPARTMENT",National,Principal,,,COMPLETED,57464/2025,PETITIONER-IN-PERSON __,HON'BLE MR. JUSTICE VIKRAM NATH,2026-08-21,597,https://api.sci.gov.in/supremecourt/2025/57464/57464_2025_2_1502_73680_Judgement_21-Aug-2026.pdf,2026 INSC 903(English),https://api.sci.gov.in/supremecourt/2025/57464/57464_2025_2_1502_73680_Judgement_21-Aug-2026.pdf,
HON'BLE MR. JUSTICE VIKRAM NATH,SUPREME_COURT,2026,Crl.A. No.-004051-004051 - 2026,SRI ANUMANDALA RAJESH REDDYVSTHE STATE OF KARNATAKA,National,Principal,,,COMPLETED,61141/2024,VENKAT PALWAI LAW ASSOCIATES- 2159 __,HON'BLE MR. JUSTICE VIKRAM NATH,2026-08-24,966,https://api.sci.gov.in/supremecourt/2024/61141/61141_2024_2_31_73842_Judgement_24-Aug-2026.pdf,2026 INSC 1039(English),https://api.sci.gov.in/supremecourt/2024/61141/61141_2024_2_31_73842_Judgement_24-Aug-2026.pdf,
HON'BLE MR. JUSTICE VIKRAM NATH,SUPREME_COURT,2026,C.A. No.-012774-012774 - 2026,DEBARATI BHUNIA CHAKRABORTYVSSUMAN SANKAR BHUNIA,National,Principal,,,COMPLETED,5494/2026,SHASHANK SHEKHAR- 3517 __,HON'BLE MR. JUSTICE SANDEEP MEHTA,2026-09-23,265,https://api.sci.gov.in/supremecourt/2026/5494/5494_2026_2_1501_74537_Judgement_23-Sep-2026.pdf,2026 INSC 1043(English),https://api.sci.gov.in/supremecourt/2026/5494/5494_2026_2_1501_74537_Judgement_23-Sep-2026.pdf,
HON'BLE MR. JUSTICE VIKRAM NATH,SUPREME_COURT,2020,Crl.A. No.-000429-000430 - 2020,WARISVSTHE STATE OF MADHYA PRADESH,National,Principal,,,COMPLETED,7431/2020,KAUSTUBH ANSHURAJ- 1902 __,HON'BLE MR. JUSTICE VIKRAM NATH,2026-09-24,2458,https://api.sci.gov.in/supremecourt/2020/7431/7431_2020_2_1501_74538_Judgement_24-Sep-2026.pdf,2026 INSC 1050(English),https://api.sci.gov.in/supremecourt/2020/7431/7431_2020_2_1501_74538_Judgement_24-Sep-2026.pdf,
HON'BLE MR. JUSTICE VIKRAM NATH,SUPREME_COURT,2026,Crl.A. No.-004336-004336 - 2026,ABU SALEM ABDUL QAYOOM ANSARIVSTHE STATE OF MAHARASHTRA,National,Principal,,,COMPLETED,41145/2026,PREM MALHOTRA- 818 __,HON'BLE MR. JUSTICE VIKRAM NATH,2026-09-10,252,https://api.sci.gov.in/supremecourt/2026/41145/41145_2026_2_1501_74236_Judgement_10-Sep-2026.pdf,2026 INSC 982(English),https://api.sci.gov.in/supremecourt/2026/41145/41145_2026_2_1501_74236_Judgement_10-Sep-2026.pdf,
HON'BLE MR. JUSTICE VIKRAM NATH,SUPREME_COURT,2026,Crl.A. No.-000135-000135 - 2026,DHANRAJVSSTATE OF RAJASTHAN,National,Principal,,,COMPLETED,63149/2025,NAMIT SAXENA- 2887 __,HON'BLE MR. JUSTICE VIKRAM NATH,2026-09-07,614,https://api.sci.gov.in/supremecourt/2025/63149/63149_2025_2_1501_74068_Judgement_07-Sep-2026.pdf,2026 INSC 958(English),https://api.sci.gov.in/supremecourt/2025/63149/63149_2025_2_1501_74068_Judgement_07-Sep-2026.pdf,
HON'BLE MR. JUSTICE VIKRAM NATH,SUPREME_COURT,2026,Crl.A. No.-004604-004604 - 2026,STATE OF MAHARASHTRAVSRAMESH SUKRYA MHATRE,National,Principal,,,COMPLETED,54118/2026,AADITYA ANIRUDDHA PANDE- 3259 __,HON'BLE MR. JUSTICE SANDEEP MEHTA,2026-09-28,270,https://api.sci.gov.in/supremecourt/2026/54118/54118_2026_2_5_74828_Judgement_28-Sep-2026.pdf,2026 INSC 1075(English),https://api.sci.gov.in/supremecourt/2026/54118/54118_2026_2_5_74828_Judgement_28-Sep-2026.pdf,
HON'BLE MRS. JUSTICE B.V. NAGARATHNA,SUPREME_COURT,2011,C.A. No.-001920-001920 - 2011,"ANANDA CHANDRA PANDA DEAD THROUGH LRS.VSCOLLECTOR,KEONJHAR .",National,Principal,,,COMPLETED,14962/2010,V. K. MONGA- 1249 __,HON'BLE MRS. JUSTICE B.V. NAGARATHNA,2026-01-22,5865,https://api.sci.gov.in/supremecourt/2010/14962/14962_2010_4_103_67644_Judgement_22-Jan-2026.pdf,2026 INSC 91(English),https://api.sci.gov.in/supremecourt/2010/14962/14962_2010_4_103_67644_Judgement_22-Jan-2026.pdf,
HON'BLE MRS. JUSTICE B.V. NAGARATHNA,SUPREME_COURT,2026,C.A. No.-000500-000501 - 2026,SYED MOHAMMED SHABBUDDINVSTHE UNION OF INDIA,National,Principal,,,COMPLETED,22945/2025,__,HON'BLE MRS. JUSTICE B.V. NAGARATHNA,2026-01-23,387,https://api.sci.gov.in/supremecourt/2025/22945/22945_2025_4_32_67747_Judgement_23-Jan-2026.pdf,2026 INSC 231(English),https://api.sci.gov.in/supremecourt/2025/22945/22945_2025_4_32_67747_Judgement_23-Jan-2026.pdf,
HON'BLE MRS. JUSTICE B.V. NAGARATHNA,SUPREME_COURT,2016,C.A. No.-008357-008357 - 2016,RAM SINGHVSRAJENDRA PRATAP SINGH @ MOTI SINGH,National,Principal,,,COMPLETED,28622/2016,ROMY CHACKO __,HON'BLE MRS. JUSTICE B.V. NAGARATHNA,2026-01-29,3681,https://api.sci.gov.in/supremecourt/2016/28622/28622_2016_4_16_67781_Judgement_29-Jan-2026.pdf,2026 INSC 110(English),https://api.sci.gov.in/supremecourt/2016/28622/28622_2016_4_16_67781_Judgement_29-Jan-2026.pdf,
HON'BLE MRS. JUSTICE B.V. NAGARATHNA,SUPREME_COURT,2026,C.A. No.-000056-000057 - 2026,GOLDEN FOOD PRODUCTS INDIAVSSTATE OF U.P.,National,Principal,,,COMPLETED,33449/2024,SIDDHARTH PRAVEEN ACHARYA- 3571 __,HON'BLE MRS. JUSTICE B.V. NAGARATHNA,2026-01-06,736,https://api.sci.gov.in/supremecourt/2024/33449/33449_2024_4_1502_67224_Judgement_06-Jan-2026.pdf,2026 INSC 22(English),https://api.sci.gov.in/supremecourt/2024/33449/33449_2024_4_1502_67224_Judgement_06-Jan-2026.pdf,
HON'BLE MRS. JUSTICE B.V. NAGARATHNA,SUPREME_COURT,2026,C.A. No.-000260-000261 - 2026,VAYYAETI SRINIVASARAOVSGAINEEDI JAGAJYOTHI,National,Principal,,,COMPLETED,36675/2023,ABID ALI BEERAN P- 2169 __,HON'BLE MRS. JUSTICE B.V. NAGARATHNA,2026-01-15,1110,https://api.sci.gov.in/supremecourt/2023/36675/36675_2023_4_1501_67373_Judgement_15-Jan-2026.pdf,2026 INSC 59(English),https://api.sci.gov.in/supremecourt/2023/36675/36675_2023_4_1501_67373_Judgement_15-Jan-2026.pdf,
HON'BLE MRS. JUSTICE B.V. NAGARATHNA,SUPREME_COURT,2016,C.A. No.-006130-006130 - 2016,DALSUKHBHAI BACHUBHAI SATASIA AND ORS.VSSTATE OF GUJARAT AND ORS.,National,Principal,,,COMPLETED,37162/2014,RABIN MAJUMDER- 1825 __ DEEPANWITA PRIYANKA- 2618,HON'BLE MRS. JUSTICE B.V. NAGARATHNA,2026-01-06,4388,https://api.sci.gov.in/supremecourt/2014/37162/37162_2014_4_1501_67224_Judgement_06-Jan-2026.pdf,2026 INSC 21(English),https://api.sci.gov.in/supremecourt/2014/37162/37162_2014_4_1501_67224_Judgement_06-Jan-2026.pdf,
HON'BLE MRS. JUSTICE B.V. NAGARATHNA,SUPREME_COURT,2026,C.A. No.-000380-000381 - 2026,V.ANIMA MALARVSS. AADHAVAN,National,Principal,,,COMPLETED,37381/2024,ANU GUPTA- 1437 __,HON'BLE MRS. JUSTICE B.V. NAGARATHNA,2026-01-20,750,https://api.sci.gov.in/supremecourt/2024/37381/37381_2024_4_13_67590_Judgement_20-Jan-2026.pdf,2026 INSC 108(English),https://api.sci.gov.in/supremecourt/2024/37381/37381_2024_4_13_67590_Judgement_20-Jan-2026.pdf,
HON'BLE MRS. JUSTICE B.V. NAGARATHNA,SUPREME_COURT,2026,C.A. No.-000383-000383 - 2026,42605-B CDR YOGESH MAHLAVSUNION OF INDIA,National,Principal,,,COMPLETED,39361/2025,AKSHAY BHANDARI- 3400 __,HON'BLE MRS. JUSTICE B.V. NAGARATHNA,2026-01-20,384,https://api.sci.gov.in/supremecourt/2025/39361/39361_2025_4_18_67590_Judgement_20-Jan-2026.pdf,2026 INSC 107(English),https://api.sci.gov.in/supremecourt/2025/39361/39361_2025_4_18_67590_Judgement_20-Jan-2026.pdf,
HON'BLE MRS. JUSTICE B.V. NAGARATHNA,SUPREME_COURT,2018,W.P.(C) No.-001373 - 2018,CENTRE FOR PUBLIC INTEREST LITIGATIONVSUNION OF INDIA,National,Principal,,,COMPLETED,40618/2018,PRASHANT BHUSHAN- 515 __,HON'BLE MRS. JUSTICE B.V. NAGARATHNA,2026-01-13,2934,https://api.sci.gov.in/supremecourt/2018/40618/40618_2018_4_1501_67544_Judgement_13-Jan-2026.pdf,2026 INSC 55(English),https://api.sci.gov.in/supremecourt/2018/40618/40618_2018_4_1501_67544_Judgement_13-Jan-2026.pdf,
HON'BLE MRS. JUSTICE B.V. NAGARATHNA,SUPREME_COURT,2018,C.A. No.-011183 - 2018,K.M. SHAJIVSM. V. NIKESH KUMAR,National,Principal,,,COMPLETED,43393/2018,PALLAVI PRATAP- 2553 __,HON'BLE MRS. JUSTICE B.V. NAGARATHNA,2026-01-29,2950,https://api.sci.gov.in/supremecourt/2018/43393/43393_2018_4_18_67781_Judgement_29-Jan-2026.pdf,2026 INSC 111(English),https://api.sci.gov.in/supremecourt/2018/43393/43393_2018_4_18_67781_Judgement_29-Jan-2026.pdf,
HON'BLE MRS. JUSTICE B.V. NAGARATHNA,SUPREME_COURT,2026,C.A. No.-000316-000316 - 2026,ALKA SHRIRANG CHAVANVSHEMCHANDRA RAJARAM BHONSALE,National,Principal,,,COMPLETED,44153/2025,SHIVAJI M. JADHAV- 1117 __,HON'BLE MR. JUSTICE UJJAL BHUYAN,2026-01-12,376,https://api.sci.gov.in/supremecourt/2025/44153/44153_2025_4_1501_67358_Judgement_12-Jan-2026.pdf,2026 INSC 52(English),https://api.sci.gov.in/supremecourt/2025/44153/44153_2025_4_1501_67358_Judgement_12-Jan-2026.pdf,
HON'BLE MRS. JUSTICE B.V. NAGARATHNA,SUPREME_COURT,2026,Crl.A. No.-000542-000542 - 2026,YATENDRA SINGHVSSTATE OF UP.,National,Principal,,,COMPLETED,74777/2025,SANJEEV MALHOTRA- 728 __,HON'BLE MRS. JUSTICE B.V. NAGARATHNA,2026-01-30,394,https://api.sci.gov.in/supremecourt/2025/74777/74777_2025_4_20_67782_Judgement_30-Jan-2026.pdf,2026 INSC 109(English),https://api.sci.gov.in/supremecourt/2025/74777/74777_2025_4_20_67782_Judgement_30-Jan-2026.pdf,
HON'BLE MRS. JUSTICE B.V. NAGARATHNA,SUPREME_COURT,2026,Crl.A. No.-000693-000693 - 2026,PRAMOD KUMAR NAVRATNAVSSTATE OF CHHATTISGARH,National,Principal,,,COMPLETED,14110/2025,JUGUL KISHOR GUPTA- 3271 __,HON'BLE MRS. JUSTICE B.V. NAGARATHNA,2026-02-05,400,https://api.sci.gov.in/supremecourt/2025/14110/14110_2025_4_1501_68198_Judgement_05-Feb-2026.pdf,2026 INSC 124(English),https://api.sci.gov.in/supremecourt/2025/14110/14110_2025_4_1501_68198_Judgement_05-Feb-2026.pdf,
HON'BLE MRS. JUSTICE B.V. NAGARATHNA,SUPREME_COURT,2024,C.A. No.-013749-013755 - 2024,M/S SHYAM BEEJ BHANDARVSSURESH ETC.,National,Principal,,,COMPLETED,16675/2021,TULIKA MUKHERJEE- 2201 __,HON'BLE MRS. JUSTICE B.V. NAGARATHNA,2026-02-05,1861,https://api.sci.gov.in/supremecourt/2021/16675/16675_2021_4_101_68198_Judgement_05-Feb-2026.pdf,2026 INSC 158(English),https://api.sci.gov.in/supremecourt/2021/16675/16675_2021_4_101_68198_Judgement_05-Feb-2026.pdf,
HON'BLE MRS. JUSTICE B.V. NAGARATHNA,SUPREME_COURT,2016,C.A. No.-003200-003200 - 2016,BHAGYALAXMI CO-OPERATIVE BANK LTD.VSBABALDAS AMTHARAM PATEL (D) THROUGH LRS. .,National,Principal,,,COMPLETED,30741/2008,RAGHAVENDRA S. SRIVATSA __ KEDAR NATH TRIPATHY- 1749,HON'BLE MRS. JUSTICE B.V. NAGARATHNA,2026-02-27,6632,https://api.sci.gov.in/supremecourt/2008/30741/30741_2008_4_1501_68890_Judgement_27-Feb-2026.pdf,2026 INSC 205(English),https://api.sci.gov.in/supremecourt/2008/30741/30741_2008_4_1501_68890_Judgement_27-Feb-2026.pdf,
HON'BLE MRS. JUSTICE B.V. NAGARATHNA,SUPREME_COURT,2022,C.A. No.-006371-006384 - 2022,S G JAMALUDHEEN ETC ETCVSSTATE OF KARNATAKA AND ORS ETC ETC,National,Principal,,,COMPLETED,38359/2014,NAVEEN R. NATH __,HON'BLE MRS. JUSTICE B.V. NAGARATHNA,2026-02-26,4439,https://api.sci.gov.in/supremecourt/2014/38359/38359_2014_4_101_69016_Judgement_26-Feb-2026.pdf,2026 INSC 235(English),https://api.sci.gov.in/supremecourt/2014/38359/38359_2014_4_101_69016_Judgement_26-Feb-2026.pdf,
HON'BLE MRS. JUSTICE B.V. NAGARATHNA,SUPREME_COURT,2026,C.A. No.-000723-000724 - 2026,SUSHIL KAMALNAYAN BHARUKAVSTHE STATE OF MAHARASHTRA,National,Principal,,,COMPLETED,38904/2023,RITESH KUMAR CHOWDHARY- 2270 __,HON'BLE MRS. JUSTICE B.V. NAGARATHNA,2026-02-03,1129,https://api.sci.gov.in/supremecourt/2023/38904/38904_2023_4_4_67902_Judgement_03-Feb-2026.pdf,2026 INSC 168(English),https://api.sci.gov.in/supremecourt/2023/38904/38904_2023_4_4_67902_Judgement_03-Feb-2026.pdf,
HON'BLE MRS. JUSTICE B.V. NAGARATHNA,SUPREME_COURT,2024,C.A. No.-011746-011747 - 2024,TORRENT POWER LIMITEDVSASHISH ARJUNKUMAR RATHI,National,Principal,,,COMPLETED,48102/2024,S. S. SHROFF- 710 __,HON'BLE MRS. JUSTICE B.V. NAGARATHNA,2026-02-27,788,https://api.sci.gov.in/supremecourt/2024/48102/48102_2024_4_1502_68890_Judgement_27-Feb-2026.pdf,2026 INSC 206(English),https://api.sci.gov.in/supremecourt/2024/48102/48102_2024_4_1502_68890_Judgement_27-Feb-2026.pdf,
HON'BLE MRS. JUSTICE B.V. NAGARATHNA,SUPREME_COURT,2026,Crl.A. No.-000971-000971 - 2026,GOURAB MONDAL @ SHANUVSSTATE OF WEST BENGAL,National,Principal,,,COMPLETED,65894/2025,SUSHIL BALWADA- 1340 __,HON'BLE MRS. JUSTICE B.V. NAGARATHNA,2026-02-18,413,https://api.sci.gov.in/supremecourt/2025/65894/65894_2025_4_11_68592_Judgement_18-Feb-2026.pdf,2026 INSC 184(English),https://api.sci.gov.in/supremecourt/2025/65894/65894_2025_4_11_68592_Judgement_18-Feb-2026.pdf,
HON'BLE MRS. JUSTICE B.V. NAGARATHNA,SUPREME_COURT,2026,C.A. No.-001478-001478 - 2026,HERO CYCLES LIMITEDVSHERO ECOTECH LIMITED,National,Principal,,,COMPLETED,68939/2025,ASHUTOSH NAGAR- 3728 __,HON'BLE MRS. JUSTICE B.V. NAGARATHNA,2026-02-10,405,https://api.sci.gov.in/supremecourt/2025/68939/68939_2025_3_46_68261_Judgement_10-Feb-2026.pdf,2026 INSC 169(English),https://api.sci.gov.in/supremecourt/2025/68939/68939_2025_3_46_68261_Judgement_10-Feb-2026.pdf,
HON'BLE MRS. JUSTICE B.V. NAGARATHNA,SUPREME_COURT,2026,Crl.A. No.-001638-001638 - 2026,CHARUL SHUKLAVSSTATE OF U.P.,National,Principal,,,COMPLETED,1421/2024,DIVYESH PRATAP SINGH- 2543 __,HON'BLE MRS. JUSTICE B.V. NAGARATHNA,2026-03-25,814,https://api.sci.gov.in/supremecourt/2024/1421/1421_2024_4_1501_69606_Judgement_25-Mar-2026.pdf,2026 INSC 297(English),https://api.sci.gov.in/supremecourt/2024/1421/1421_2024_4_1501_69606_Judgement_25-Mar-2026.pdf,
HON'BLE MRS. JUSTICE B.V. NAGARATHNA,SUPREME_COURT,2013,C.A. No.-002219-002220 - 2013,M/S RASHTRIYA CHEM. AND FER. LTD.VSCOMM. OF CENTRAL EX. AND SERV. TAX(LTU),National,Principal,,,COMPLETED,21219/2012,RAJESH KUMAR- 1107 __,HON'BLE MRS. JUSTICE B.V. NAGARATHNA,2026-03-24,5196,https://api.sci.gov.in/supremecourt/2012/21219/21219_2012_4_1501_69605_Judgement_24-Mar-2026.pdf,2026 INSC 285(English),https://api.sci.gov.in/supremecourt/2012/21219/21219_2012_4_1501_69605_Judgement_24-Mar-2026.pdf,
HON'BLE MRS. JUSTICE B.V. NAGARATHNA,SUPREME_COURT,2026,C.A. No.-004545-004546 - 2026,AKKIRAJU PANDURANGA RAOVSGUNDLAPALLY RANGA RAO,National,Principal,,,COMPLETED,29951/2023,SRAVAN KUMAR KARANAM- 3132 __,HON'BLE MRS. JUSTICE B.V. NAGARATHNA,2026-04-16,1201,https://api.sci.gov.in/supremecourt/2023/29951/29951_2023_4_39_70208_Judgement_16-Apr-2026.pdf,2026 INSC 428(English),https://api.sci.gov.in/supremecourt/2023/29951/29951_2023_4_39_70208_Judgement_16-Apr-2026.pdf,
HON'BLE MRS. JUSTICE B.V. NAGARATHNA,SUPREME_COURT,2024,C.A. No.-003624-003624 - 2024,S VALLIAMMAIVSS RAMANATHAN,National,Principal,,,COMPLETED,33436/2019,K J JOHN AND CO- 1287 __,HON'BLE MRS. JUSTICE B.V. NAGARATHNA,2026-04-16,2662,https://api.sci.gov.in/supremecourt/2019/33436/33436_2019_4_1501_70360_Judgement_16-Apr-2026.pdf,2026 INSC 372(English),https://api.sci.gov.in/supremecourt/2019/33436/33436_2019_4_1501_70360_Judgement_16-Apr-2026.pdf,
HON'BLE MRS. JUSTICE B.V. NAGARATHNA,SUPREME_COURT,2026,Crl.A. No.-001982-001982 - 2026,VENU GOPALAKRISHNANVSTHE STATE OF KERALA,National,Principal,,,COMPLETED,54203/2025,VISHNU P.- 4183 __,HON'BLE MRS. JUSTICE B.V. NAGARATHNA,2026-04-16,470,https://api.sci.gov.in/supremecourt/2025/54203/54203_2025_4_1502_70360_Judgement_16-Apr-2026.pdf,2026 INSC 373(English),https://api.sci.gov.in/supremecourt/2025/54203/54203_2025_4_1502_70360_Judgement_16-Apr-2026.pdf,
HON'BLE MRS. JUSTICE B.V. NAGARATHNA,SUPREME_COURT,2026,Crl.A. No.-003090-003091 - 2026,KARAN CHETTRIVSSTATE OF SIKKIM,National,Principal,,,COMPLETED,26611/2025,MANIKA TRIPATHY- 1568 __,HON'BLE MRS. JUSTICE B.V. NAGARATHNA,2026-05-20,504,https://api.sci.gov.in/supremecourt/2025/26611/26611_2025_4_26_71403_Judgement_20-May-2026.pdf,2026 INSC 659(English),https://api.sci.gov.in/supremecourt/2025/26611/26611_2025_4_26_71403_Judgement_20-May-2026.pdf,
HON'BLE MRS. JUSTICE B.V. NAGARATHNA,SUPREME_COURT,2023,W.P.(Crl.) No.-000446 - 2023,ROHIT CHATURVEDIVSSTATE OF UTTARAKHAND,National,Principal,,,COMPLETED,37958/2023,VANYA GUPTA- 3189 __,HON'BLE MRS. JUSTICE B.V. NAGARATHNA,2026-05-15,1230,https://api.sci.gov.in/supremecourt/2023/37958/37958_2023_4_1501_71175_Judgement_15-May-2026.pdf,2026 INSC 490(English),https://api.sci.gov.in/supremecourt/2023/37958/37958_2023_4_1501_71175_Judgement_15-May-2026.pdf,
HON'BLE MRS. JUSTICE B.V. NAGARATHNA,SUPREME_COURT,2026,Crl.A. No.-002974-002974 - 2026,VIJAY KUMAR KELAVSCENTRAL BUREAU OF INVESTIGATION,National,Principal,,,COMPLETED,54473/2024,DHAWESH PAHUJA- 3642 __,HON'BLE MRS. JUSTICE B.V. NAGARATHNA,2026-05-29,879,https://api.sci.gov.in/supremecourt/2024/54473/54473_2024_3_1506_71667_Judgement_29-May-2026.pdf,2026 INSC 588(English),https://api.sci.gov.in/supremecourt/2024/54473/54473_2024_3_1506_71667_Judgement_29-May-2026.pdf,
HON'BLE MRS. JUSTICE B.V. NAGARATHNA,SUPREME_COURT,2026,Crl.A. No.-003001-003001 - 2026,ISHWAR CHAND SHARMAVSSTATE OF U.P.,National,Principal,,,COMPLETED,62571/2025,SANJEEV MALHOTRA- 728 __,HON'BLE MRS. JUSTICE B.V. NAGARATHNA,2026-05-29,513,https://api.sci.gov.in/supremecourt/2025/62571/62571_2025_3_1505_71667_Judgement_29-May-2026.pdf,2026 INSC 587(English),https://api.sci.gov.in/supremecourt/2025/62571/62571_2025_3_1505_71667_Judgement_29-May-2026.pdf,
HON'BLE MRS. JUSTICE B.V. NAGARATHNA,SUPREME_COURT,2026,Crl.A. No.-002603-002603 - 2026,"SYED IFTIKHAR ANDRABIVSNATIONAL INVESTIGATION AGENCY, JAMMU",National,Principal,,,COMPLETED,71878/2025,TALHA ABDUL RAHMAN- 2467 __,HON'BLE MR. JUSTICE UJJAL BHUYAN,2026-05-18,502,https://api.sci.gov.in/supremecourt/2025/71878/71878_2025_4_1501_71300_Judgement_18-May-2026.pdf,2026 INSC 503(English),https://api.sci.gov.in/supremecourt/2025/71878/71878_2025_4_1501_71300_Judgement_18-May-2026.pdf,
HON'BLE MRS. JUSTICE B.V. NAGARATHNA,SUPREME_COURT,2026,Crl.A. No.-002911-002911 - 2026,JITTU YADAVVSSTATE OF CHHATTISGARH,National,Principal,,,COMPLETED,74967/2025,MAYANK PANDEY- 2297 __,HON'BLE MRS. JUSTICE B.V. NAGARATHNA,2026-05-27,511,https://api.sci.gov.in/supremecourt/2025/74967/74967_2025_4_95_71620_Judgement_27-May-2026.pdf,2026 INSC 657(English),https://api.sci.gov.in/supremecourt/2025/74967/74967_2025_4_95_71620_Judgement_27-May-2026.pdf,
HON'BLE MRS. JUSTICE B.V. NAGARATHNA,SUPREME_COURT,2026,MA-001802 - 2026,SUDESH PALVSTHE STATE OF UTTAR PRADESH,National,Principal,,,COMPLETED,61544/2025,CHAND QURESHI- 3063 __,HON'BLE MRS. JUSTICE B.V. NAGARATHNA,2026-07-15,560,https://api.sci.gov.in/supremecourt/2025/61544/61544_2025_3_2_72108_Judgement_15-Jul-2026.pdf,2026 INSC 768(English),https://api.sci.gov.in/supremecourt/2025/61544/61544_2025_3_2_72108_Judgement_15-Jul-2026.pdf,
HON'BLE MRS. JUSTICE B.V. NAGARATHNA,SUPREME_COURT,2019,C.A. No.-003454-003454 - 2019,TEHRI HYDRO DEVELOPMENT CORPORATION LTD.VSS.P. SINGH,National,Principal,,,COMPLETED,1442/2018,PUNEET TANEJA __,HON'BLE MR. JUSTICE R. MAHADEVAN,2026-07-31,3133,https://api.sci.gov.in/supremecourt/2018/1442/1442_2018_3_1502_72789_Judgement_31-Jul-2026.pdf,2026 INSC 773(English),https://api.sci.gov.in/supremecourt/2018/1442/1442_2018_3_1502_72789_Judgement_31-Jul-2026.pdf,
HON'BLE MRS. JUSTICE B.V. NAGARATHNA,SUPREME_COURT,2026,Crl.A. No.-003654-003654 - 2026,KUNTEGOWDAVSTHURUBAIAH,National,Principal,,,COMPLETED,3876/2024,RAJKUMARI BANJU- 2224 __,HON'BLE MRS. JUSTICE B.V. NAGARATHNA,2026-08-04,946,https://api.sci.gov.in/supremecourt/2024/3876/3876_2024_3_1501_72892_Judgement_04-Aug-2026.pdf,2026 INSC 790(English),https://api.sci.gov.in/supremecourt/2024/3876/3876_2024_3_1501_72892_Judgement_04-Aug-2026.pdf,
HON'BLE MRS. JUSTICE B.V. NAGARATHNA,SUPREME_COURT,2010,C.A. No.-004477-004477 - 2010,UNION OF INDIA .VSTHE BOARD OF TRUSTEES OF THE PORT OF BOMBAY,National,Principal,,,COMPLETED,4820/2010,GURMEET SINGH MAKKER- 2357 __ A. V. RANGAM,HON'BLE MRS. JUSTICE B.V. NAGARATHNA,2026-08-25,6080,https://api.sci.gov.in/supremecourt/2010/4820/4820_2010_3_1501_73756_Judgement_25-Aug-2026.pdf,2026 INSC 919(English),https://api.sci.gov.in/supremecourt/2010/4820/4820_2010_3_1501_73756_Judgement_25-Aug-2026.pdf,
HON'BLE MRS. JUSTICE B.V. NAGARATHNA,SUPREME_COURT,2002,C.A. No.-000897-000897 - 2002,STATE OF U.P.VSJAI BIR SINGH,National,Principal,,,COMPLETED,9099/2001,SUDEEP KUMAR- 2779 __,HON'BLE THE CHIEF JUSTICE,2026-08-20,9362,https://api.sci.gov.in/supremecourt/2001/9099/9099_2001_1_1501_73712_Judgement_20-Aug-2026.pdf,2026 INSC 897(English),https://api.sci.gov.in/supremecourt/2001/9099/9099_2001_1_1501_73712_Judgement_20-Aug-2026.pdf,
HON'BLE MRS. JUSTICE B.V. NAGARATHNA,SUPREME_COURT,2026,Crl.A. No.-003565-003565 - 2026,G. SAMINATHANVSTHE STATE REPRESENTED BY THE SUB INSPECTOR OF POLICE,National,Principal,,,COMPLETED,35246/2025,SHASHWAT SINGH- 3941 __,HON'BLE MRS. JUSTICE B.V. NAGARATHNA,2026-07-31,576,https://api.sci.gov.in/supremecourt/2025/35246/35246_2025_3_1501_72789_Judgement_31-Jul-2026.pdf,2026 INSC 772(English),https://api.sci.gov.in/supremecourt/2025/35246/35246_2025_3_1501_72789_Judgement_31-Jul-2026.pdf,
HON'BLE MRS. JUSTICE B.V. NAGARATHNA,SUPREME_COURT,2025,T.P.(Crl.) No.-000493 - 2025,SHIKHAVSSTATE OF ODISHA,National,Principal,,,COMPLETED,27200/2025,__,HON'BLE MRS. JUSTICE B.V. NAGARATHNA,2026-09-28,635,https://api.sci.gov.in/supremecourt/2025/27200/27200_2025_3_1501_74716_Judgement_28-Sep-2026.pdf,2026 INSC 1060(English),https://api.sci.gov.in/supremecourt/2025/27200/27200_2025_3_1501_74716_Judgement_28-Sep-2026.pdf,
HON'BLE MR. JUSTICE M.M. SUNDRESH,SUPREME_COURT,1999,Crl.A. No.-001255-001255 - 1999,PEOPLES UNION FOR CIVIL LIBERTIESVSTHE STATE OF MAHARASHTRA,National,Principal,,,COMPLETED,15285/1999,PAREKH & CO.- 1370 __ AADITYA ANIRUDDHA PANDE- 3259,HON'BLE MR. JUSTICE M.M. SUNDRESH,2026-01-15,9876,https://api.sci.gov.in/supremecourt/1999/15285/15285_1999_5_101_67287_Judgement_15-Jan-2026.pdf,2026 INSC 79(English),https://api.sci.gov.in/supremecourt/1999/15285/15285_1999_5_101_67287_Judgement_15-Jan-2026.pdf,
HON'BLE MR. JUSTICE M.M. SUNDRESH,SUPREME_COURT,2022,MA-002034 - 2022,SATENDER KUMAR ANTILVSCENTRAL BUREAU OF INVESTIGATION,National,Principal,,,COMPLETED,37889/2022,BY COURTS MOTION __,HON'BLE MR. JUSTICE M.M. SUNDRESH,2026-01-15,1475,https://api.sci.gov.in/supremecourt/2022/37889/37889_2022_5_2_67463_Judgement_15-Jan-2026.pdf,2026 INSC 115(English),https://api.sci.gov.in/supremecourt/2022/37889/37889_2022_5_2_67463_Judgement_15-Jan-2026.pdf,
HON'BLE MR. JUSTICE M.M. SUNDRESH,SUPREME_COURT,2026,Crl.A. No.-000122-000134 - 2026,"THE JOINT DIRECTOR (RAYALASEEMA), ANTI-CORRUPTION BUREAU, A.P.VSDAYAM PEDA RANGA RAO",National,Principal,,,COMPLETED,52369/2025,GUNTUR PRAMOD KUMAR- 2788 __,HON'BLE MR. JUSTICE M.M. SUNDRESH,2026-01-08,372,https://api.sci.gov.in/supremecourt/2025/52369/52369_2025_5_1501_67260_Judgement_08-Jan-2026.pdf,2026 INSC 37(English),https://api.sci.gov.in/supremecourt/2025/52369/52369_2025_5_1501_67260_Judgement_08-Jan-2026.pdf,
HON'BLE MR. JUSTICE M.M. SUNDRESH,SUPREME_COURT,2026,C.A. No.-003136-003136 - 2026,UNION OF INDIAVSLARSEN AND TUBRO LIMITED (L AND T),National,Principal,,,COMPLETED,26611/2023,__,HON'BLE MR. JUSTICE VIPUL M. PANCHOLI,2026-02-27,1153,https://api.sci.gov.in/supremecourt/2023/26611/26611_2023_5_1501_69139_Judgement_27-Feb-2026.pdf,2026 INSC 203(English),https://api.sci.gov.in/supremecourt/2023/26611/26611_2023_5_1501_69139_Judgement_27-Feb-2026.pdf,
HON'BLE MR. JUSTICE M.M. SUNDRESH,SUPREME_COURT,2012,C.A. No.-007407-007407 - 2012,THE STATE OF WEST BENGALVSJAI HIND P.LTD.,National,Principal,,,COMPLETED,27662/2012,KUNAL MIMANI- 2753 __,HON'BLE MR. JUSTICE M.M. SUNDRESH,2026-02-06,5150,https://api.sci.gov.in/supremecourt/2012/27662/27662_2012_4_1502_67910_Judgement_06-Feb-2026.pdf,2026 INSC 132(English),https://api.sci.gov.in/supremecourt/2012/27662/27662_2012_4_1502_67910_Judgement_06-Feb-2026.pdf,
HON'BLE MR. JUSTICE M.M. SUNDRESH,SUPREME_COURT,2026,C.A. No.-000909-000910 - 2026,THE DEPUTY COMMISSIONER AND SPECIAL LAND ACQUISITION OFFICERVSM/S S.V. GLOBAL MILL LIMITED,National,Principal,,,COMPLETED,36664/2022,SANCHIT GARGA- 2748 __,HON'BLE MR. JUSTICE M.M. SUNDRESH,2026-02-09,1500,https://api.sci.gov.in/supremecourt/2022/36664/36664_2022_3_1501_68148_Judgement_09-Feb-2026.pdf,2026 INSC 138(English),https://api.sci.gov.in/supremecourt/2022/36664/36664_2022_3_1501_68148_Judgement_09-Feb-2026.pdf,
HON'BLE MR. JUSTICE M.M. SUNDRESH,SUPREME_COURT,2026,C.A. No.-003897-003903 - 2026,ANDANAYYAVSDEPUTY CHIEF ENGINEER,National,Principal,,,COMPLETED,15760/2020,DHARMAPRABHAS LAW ASSOCIATES- 2718 __,HON'BLE MR. JUSTICE M.M. SUNDRESH,2026-03-25,2275,https://api.sci.gov.in/supremecourt/2020/15760/15760_2020_5_1501_69610_Judgement_25-Mar-2026.pdf,2026 INSC 293(English),https://api.sci.gov.in/supremecourt/2020/15760/15760_2020_5_1501_69610_Judgement_25-Mar-2026.pdf,
HON'BLE MR. JUSTICE M.M. SUNDRESH,SUPREME_COURT,2026,SLP(C) No.-001484 - 2026,PRIYANKA SARKARIYAVSTHE UNION OF INDIA,National,Principal,,,COMPLETED,924/2026,AMOL B. KARANDE- 2114 __,HON'BLE MR. JUSTICE M.M. SUNDRESH,2026-04-16,105,https://api.sci.gov.in/supremecourt/2026/924/924_2026_5_1501_70361_Judgement_16-Apr-2026.pdf,2026 INSC 371(English),https://api.sci.gov.in/supremecourt/2026/924/924_2026_5_1501_70361_Judgement_16-Apr-2026.pdf,
HON'BLE MR. JUSTICE M.M. SUNDRESH,SUPREME_COURT,2025,Crl.A. No.-002859-002859 - 2025,VIJAYAKUMARVSSTATE OF TAMILNADU,National,Principal,,,COMPLETED,1112/2025,M.P. PARTHIBAN- 2667 __,HON'BLE MR. JUSTICE NONGMEIKAPAM KOTISWAR SINGH,2026-05-22,506,https://api.sci.gov.in/supremecourt/2025/1112/1112_2025_5_1502_71440_Judgement_22-May-2026.pdf,2026 INSC 525(English),https://api.sci.gov.in/supremecourt/2025/1112/1112_2025_5_1502_71440_Judgement_22-May-2026.pdf,
HON'BLE MR. JUSTICE M.M. SUNDRESH,SUPREME_COURT,2026,Crl.A. No.-002777-002777 - 2026,BHAGAT SINGHVSTHE STATE OF UTTAR PRADESH,National,Principal,,,COMPLETED,10813/2026,DCOSTA IVO MANUEL SIMON- 3486 __,HON'BLE MR. JUSTICE NONGMEIKAPAM KOTISWAR SINGH,2026-05-22,141,https://api.sci.gov.in/supremecourt/2026/10813/10813_2026_5_1504_71440_Judgement_22-May-2026.pdf,2026 INSC 527(English),https://api.sci.gov.in/supremecourt/2026/10813/10813_2026_5_1504_71440_Judgement_22-May-2026.pdf,
HON'BLE MR. JUSTICE M.M. SUNDRESH,SUPREME_COURT,2011,Crl.A. No.-002207-002207 - 2011,ROSHAN LALVSTHE STATE OF HARYANA,National,Principal,,,COMPLETED,37964/2010,SUMIT SRIVAASTAVA- 1644 __,HON'BLE MR. JUSTICE NONGMEIKAPAM KOTISWAR SINGH,2026-05-22,5985,https://api.sci.gov.in/supremecourt/2010/37964/37964_2010_5_1501_71440_Judgement_22-May-2026.pdf,2026 INSC 524(English),https://api.sci.gov.in/supremecourt/2010/37964/37964_2010_5_1501_71440_Judgement_22-May-2026.pdf,
HON'BLE MR. JUSTICE M.M. SUNDRESH,SUPREME_COURT,2025,Crl.A. No.-002493-002502 - 2025,THE STATE OF TAMIL NADUVSPONNUSAMY,National,Principal,,,COMPLETED,42099/2024,PURNIMA KRISHNA- 2741 __,HON'BLE MR. JUSTICE SATISH CHANDRA SHARMA,2026-05-19,869,https://api.sci.gov.in/supremecourt/2024/42099/42099_2024_5_1502_71414_Judgement_19-May-2026.pdf,2026 INSC 507(English),https://api.sci.gov.in/supremecourt/2024/42099/42099_2024_5_1502_71414_Judgement_19-May-2026.pdf,
HON'BLE MR. JUSTICE M.M. SUNDRESH,SUPREME_COURT,2026,Crl.A. No.-002678-002678 - 2026,PARVINDER SINGHVSENFORCEMENT OF DIRECTORATE,National,Principal,,,COMPLETED,44465/2025,ABHAY PRATAP SINGH- 3071 __,HON'BLE MR. JUSTICE M.M. SUNDRESH,2026-05-19,503,https://api.sci.gov.in/supremecourt/2025/44465/44465_2025_5_1501_71414_Judgement_19-May-2026.pdf,2026 INSC 519(English),https://api.sci.gov.in/supremecourt/2025/44465/44465_2025_5_1501_71414_Judgement_19-May-2026.pdf,
HON'BLE MR. JUSTICE M.M. SUNDRESH,SUPREME_COURT,2026,Crl.A. No.-002771-002771 - 2026,MOHSEENVSTHE STATE OF UP,National,Principal,,,COMPLETED,56981/2025,ANSAR AHMAD CHAUDHARY- 1402 __,HON'BLE MR. JUSTICE NONGMEIKAPAM KOTISWAR SINGH,2026-05-22,506,https://api.sci.gov.in/supremecourt/2025/56981/56981_2025_5_1503_71440_Judgement_22-May-2026.pdf,2026 INSC 526(English),https://api.sci.gov.in/supremecourt/2025/56981/56981_2025_5_1503_71440_Judgement_22-May-2026.pdf,
HON'BLE MR. JUSTICE M.M. SUNDRESH,SUPREME_COURT,2026,Crl.A. No.-002881-002881 - 2026,ARTI MEHTAVSTHE STATE OF MADHYA PRADESH,National,Principal,,,COMPLETED,58255/2024,VIDHI PANKAJ THAKER- 3668 __,HON'BLE MR. JUSTICE M.M. SUNDRESH,2026-05-25,875,https://api.sci.gov.in/supremecourt/2024/58255/58255_2024_5_1501_71495_Judgement_25-May-2026.pdf,2026 INSC 533(English),https://api.sci.gov.in/supremecourt/2024/58255/58255_2024_5_1501_71495_Judgement_25-May-2026.pdf,
HON'BLE MR. JUSTICE M.M. SUNDRESH,SUPREME_COURT,2026,Crl.A. No.-002917-002917 - 2026,THE STATE BY LOKAYUKTHA POLICEVSK. RANGAYYA,National,Principal,,,COMPLETED,61194/2024,NISHANTH PATIL- 2510 __,HON'BLE MR. JUSTICE NONGMEIKAPAM KOTISWAR SINGH,2026-05-26,876,https://api.sci.gov.in/supremecourt/2024/61194/61194_2024_5_1501_71560_Judgement_26-May-2026.pdf,2026 INSC 574(English),https://api.sci.gov.in/supremecourt/2024/61194/61194_2024_5_1501_71560_Judgement_26-May-2026.pdf,
HON'BLE MR. JUSTICE M.M. SUNDRESH,SUPREME_COURT,2025,Crl.A. No.-003909-003909 - 2025,DEBOJIT PANKIKA CHARAIDEO SONARIVSTHE STATE OF ASSAM,National,Principal,,,COMPLETED,3793/2025,SUSHIL BALWADA- 1340 __,HON'BLE MR. JUSTICE PRASANNA B. VARALE,2026-07-13,558,https://api.sci.gov.in/supremecourt/2025/3793/3793_2025_4_1504_71996_Judgement_13-Jul-2026.pdf,2026 INSC 687(English),https://api.sci.gov.in/supremecourt/2025/3793/3793_2025_4_1504_71996_Judgement_13-Jul-2026.pdf,
HON'BLE MR. JUSTICE M.M. SUNDRESH,SUPREME_COURT,2011,Crl.A. No.-002282-002284 - 2011,THE STATE OF MAHARASHTRAVSMONIKA KIRAN SURYAWANSHI,National,Principal,,,COMPLETED,6340/2011,AADITYA ANIRUDDHA PANDE- 3259 __,HON'BLE MR. JUSTICE PRASANNA B. VARALE,2026-07-13,5672,https://api.sci.gov.in/supremecourt/2011/6340/6340_2011_4_1501_71996_Judgement_13-Jul-2026.pdf,2026 INSC 685(English),https://api.sci.gov.in/supremecourt/2011/6340/6340_2011_4_1501_71996_Judgement_13-Jul-2026.pdf,
HON'BLE MR. JUSTICE M.M. SUNDRESH,SUPREME_COURT,2018,C.A. No.-008142-008142 - 2018,"MANOJ GOYALVSRAJASTHAN HIGH COURT,",National,Principal,,,COMPLETED,20151/2018,PRASHANT BHUSHAN- 515 __,HON'BLE MR. JUSTICE PRASANNA B. VARALE,2026-07-13,3115,https://api.sci.gov.in/supremecourt/2018/20151/20151_2018_4_1502_71996_Judgement_13-Jul-2026.pdf,2026 INSC 699(English),https://api.sci.gov.in/supremecourt/2018/20151/20151_2018_4_1502_71996_Judgement_13-Jul-2026.pdf,
HON'BLE MR. JUSTICE M.M. SUNDRESH,SUPREME_COURT,2026,Crl.A. No.-003131-003131 - 2026,THE STATE OF JHARKHANDVSJAGDISH LAKRA,National,Principal,,,COMPLETED,53831/2023,SHANTANU SAGAR- 2058 __,HON'BLE MR. JUSTICE PRASANNA B. VARALE,2026-07-13,1289,https://api.sci.gov.in/supremecourt/2023/53831/53831_2023_4_1503_71996_Judgement_13-Jul-2026.pdf,2026 INSC 686(English),https://api.sci.gov.in/supremecourt/2023/53831/53831_2023_4_1503_71996_Judgement_13-Jul-2026.pdf,
HON'BLE MR. JUSTICE M.M. SUNDRESH,SUPREME_COURT,2010,Crl.A. No.-001047-001048 - 2010,KARTIKA @ KIRTAN @ KIRTAN CHARAN JENAVSTHE STATE OF ODISHA,National,Principal,,,COMPLETED,24782/2009,A. VENAYAGAM BALAN- 1578 __ VISHNU KANT- 2998,HON'BLE MR. JUSTICE PRASANNA B. VARALE,2026-09-18,6469,https://api.sci.gov.in/supremecourt/2009/24782/24782_2009_3_1501_74388_Judgement_18-Sep-2026.pdf,2026 INSC 1015(English),https://api.sci.gov.in/supremecourt/2009/24782/24782_2009_3_1501_74388_Judgement_18-Sep-2026.pdf,
HON'BLE MR. JUSTICE PAMIDIGHANTAM SRI NARASIMHA,SUPREME_COURT,2026,C.A. No.-000438-000438 - 2026,VIRAJ IMPEX PVT. LTD.VSUNION OF INDIA,National,Principal,,,COMPLETED,2376/2019,ASHWANI KUMAR- 1341 __,HON'BLE MR. JUSTICE ALOK ARADHE,2026-01-21,2577,https://api.sci.gov.in/supremecourt/2019/2376/2376_2019_6_1501_67610_Judgement_21-Jan-2026.pdf,2026 INSC 80(English),https://api.sci.gov.in/supremecourt/2019/2376/2376_2019_6_1501_67610_Judgement_21-Jan-2026.pdf,
HON'BLE MR. JUSTICE PAMIDIGHANTAM SRI NARASIMHA,SUPREME_COURT,2017,SLP(C) No.-010105-010105 - 2017,DINESH BIWAJI ASHTIKARVSSTATE OF MAHARASHTRA,National,Principal,,,COMPLETED,8696/2017,VARINDER KUMAR SHARMA- 1237 __,HON'BLE MR. JUSTICE PAMIDIGHANTAM SRI NARASIMHA,2026-01-13,3299,https://api.sci.gov.in/supremecourt/2017/8696/8696_2017_6_1501_67436_Judgement_13-Jan-2026.pdf,2026 INSC 56(English),https://api.sci.gov.in/supremecourt/2017/8696/8696_2017_6_1501_67436_Judgement_13-Jan-2026.pdf,
HON'BLE MR. JUSTICE PAMIDIGHANTAM SRI NARASIMHA,SUPREME_COURT,2024,C.A. No.-009701 - 2024,UV ASSET RECONSTRUCTION COMPANY LIMITEDVSELECTROSTEEL CASTINGS LIMITED,National,Principal,,,COMPLETED,11108/2024,ROHAN BATRA- 2936 __,HON'BLE MR. JUSTICE ALOK ARADHE,2026-01-06,736,https://api.sci.gov.in/supremecourt/2024/11108/11108_2024_6_1501_67227_Judgement_06-Jan-2026.pdf,2026 INSC 14(English),https://api.sci.gov.in/supremecourt/2024/11108/11108_2024_6_1501_67227_Judgement_06-Jan-2026.pdf,
HON'BLE MR. JUSTICE PAMIDIGHANTAM SRI NARASIMHA,SUPREME_COURT,2026,C.A. No.-000344-000344 - 2026,GUJARAT PUBLIC SERVICE COMMISSIONVSGNANESHWARY DUSHYANTKUMAR SHAH,National,Principal,,,COMPLETED,54046/2025,ANSHUMAN SRIVASTAVA- 2946 __,HON'BLE MR. JUSTICE ALOK ARADHE,2026-01-19,383,https://api.sci.gov.in/supremecourt/2025/54046/54046_2025_6_1501_67570_Judgement_19-Jan-2026.pdf,2026 INSC 70(English),https://api.sci.gov.in/supremecourt/2025/54046/54046_2025_6_1501_67570_Judgement_19-Jan-2026.pdf,
HON'BLE MR. JUSTICE PAMIDIGHANTAM SRI NARASIMHA,SUPREME_COURT,2026,Crl.A. No.-000047-000047 - 2026,ARVIND DHAMVSDIRECTORATE OF ENFORCEMENT,National,Principal,,,COMPLETED,55164/2025,E. C. AGRAWALA- 177 __,HON'BLE MR. JUSTICE ALOK ARADHE,2026-01-06,370,https://api.sci.gov.in/supremecourt/2025/55164/55164_2025_6_1502_67227_Judgement_06-Jan-2026.pdf,2026 INSC 12(English),https://api.sci.gov.in/supremecourt/2025/55164/55164_2025_6_1502_67227_Judgement_06-Jan-2026.pdf,
HON'BLE MR. JUSTICE PAMIDIGHANTAM SRI NARASIMHA,SUPREME_COURT,2026,C.A. No.-000574-000575 - 2026,JAGDEEP CHOWGULEVSSHEELA CHOWGULE,National,Principal,,,COMPLETED,55611/2024,SURBHI KAPOOR- 3277 __,HON'BLE MR. JUSTICE PAMIDIGHANTAM SRI NARASIMHA,2026-01-29,759,https://api.sci.gov.in/supremecourt/2024/55611/55611_2024_6_1501_68028_Judgement_29-Jan-2026.pdf,2026 INSC 92(English),https://api.sci.gov.in/supremecourt/2024/55611/55611_2024_6_1501_68028_Judgement_29-Jan-2026.pdf,
HON'BLE MR. JUSTICE PAMIDIGHANTAM SRI NARASIMHA,SUPREME_COURT,2026,C.A. No.-000696-000696 - 2026,C. VELUSAMYVSK INDHERA,National,Principal,,,COMPLETED,8522/2025,VIJAY KUMAR __,HON'BLE MR. JUSTICE PAMIDIGHANTAM SRI NARASIMHA,2026-02-03,398,https://api.sci.gov.in/supremecourt/2025/8522/8522_2025_6_1501_67912_Judgement_03-Feb-2026.pdf,2026 INSC 112(English),https://api.sci.gov.in/supremecourt/2025/8522/8522_2025_6_1501_67912_Judgement_03-Feb-2026.pdf,
HON'BLE MR. JUSTICE PAMIDIGHANTAM SRI NARASIMHA,SUPREME_COURT,2026,C.A. No.-000674-000674 - 2026,RAJIA BEGUMVSBARNALI MUKHERJEE,National,Principal,,,COMPLETED,9620/2021,AVIRAL SAXENA- 2786 __,HON'BLE MR. JUSTICE ALOK ARADHE,2026-02-02,1858,https://api.sci.gov.in/supremecourt/2021/9620/9620_2021_6_1501_67911_Judgement_02-Feb-2026.pdf,2026 INSC 106(English),https://api.sci.gov.in/supremecourt/2021/9620/9620_2021_6_1501_67911_Judgement_02-Feb-2026.pdf,
HON'BLE MR. JUSTICE PAMIDIGHANTAM SRI NARASIMHA,SUPREME_COURT,2021,C.A. No.-001810 - 2021,STATE BANK OF INDIAVSUNION OF INDIA,National,Principal,,,COMPLETED,11612/2021,CYRIL AMARCHAND MANGALDAS AOR- 2238 __,HON'BLE MR. JUSTICE PAMIDIGHANTAM SRI NARASIMHA,2026-02-13,1869,https://api.sci.gov.in/supremecourt/2021/11612/11612_2021_6_1501_68374_Judgement_13-Feb-2026.pdf,2026 INSC 153(English),https://api.sci.gov.in/supremecourt/2021/11612/11612_2021_6_1501_68374_Judgement_13-Feb-2026.pdf,
HON'BLE MR. JUSTICE PAMIDIGHANTAM SRI NARASIMHA,SUPREME_COURT,2018,C.A. No.-006820-006824 - 2018,UNION OF INDIA THROUGH ITS SECRETARYVSSGT GIRISH KUMAR AND ORS.,National,Principal,,,COMPLETED,21811/2018,__,HON'BLE MR. JUSTICE ALOK ARADHE,2026-02-12,2964,https://api.sci.gov.in/supremecourt/2018/21811/21811_2018_6_1501_68439_Judgement_12-Feb-2026.pdf,2026 INSC 149(English),https://api.sci.gov.in/supremecourt/2018/21811/21811_2018_6_1501_68439_Judgement_12-Feb-2026.pdf,
HON'BLE MR. JUSTICE PAMIDIGHANTAM SRI NARASIMHA,SUPREME_COURT,2022,C.A. No.-007140 - 2022,S. RAJENDRANVSTHE DEPUTY COMMISSIONER OF INCOME TAX (BENAMI PROHIBITION),National,Principal,,,COMPLETED,30995/2022,SHIVENDRA SINGH- 2607 __ RAJ BAHADUR YADAV- 2771,HON'BLE MR. JUSTICE PAMIDIGHANTAM SRI NARASIMHA,2026-02-24,1515,https://api.sci.gov.in/supremecourt/2022/30995/30995_2022_6_1501_68838_Judgement_24-Feb-2026.pdf,2026 INSC 187(English),https://api.sci.gov.in/supremecourt/2022/30995/30995_2022_6_1501_68838_Judgement_24-Feb-2026.pdf,
HON'BLE MR. JUSTICE PAMIDIGHANTAM SRI NARASIMHA,SUPREME_COURT,2026,C.A. No.-001473-001473 - 2026,MAHENDRA PRASAD AGARWALVSARVIND KUMAR SINGH,National,Principal,,,COMPLETED,34072/2025,SAMAR VIJAY SINGH- 2093 __,HON'BLE MR. JUSTICE PAMIDIGHANTAM SRI NARASIMHA,2026-02-10,405,https://api.sci.gov.in/supremecourt/2025/34072/34072_2025_5_8_68263_Judgement_10-Feb-2026.pdf,2026 INSC 175(English),https://api.sci.gov.in/supremecourt/2025/34072/34072_2025_5_8_68263_Judgement_10-Feb-2026.pdf,
HON'BLE MR. JUSTICE PAMIDIGHANTAM SRI NARASIMHA,SUPREME_COURT,2024,C.A. No.-010527-010528 - 2024,SRIGANESH CHANDRASEKARANVSM/S UNISHIRE HOMES LLP,National,Principal,,,COMPLETED,35842/2024,SAHIL TAGOTRA- 2520 __,HON'BLE MR. JUSTICE ALOK ARADHE,2026-02-20,781,https://api.sci.gov.in/supremecourt/2024/35842/35842_2024_5_1501_68600_Judgement_20-Feb-2026.pdf,2026 INSC 172(English),https://api.sci.gov.in/supremecourt/2024/35842/35842_2024_5_1501_68600_Judgement_20-Feb-2026.pdf,
HON'BLE MR. JUSTICE PAMIDIGHANTAM SRI NARASIMHA,SUPREME_COURT,2026,C.A. No.-001464-001465 - 2026,ABDUL KHALEKVSTHE STATE OF ASSAM,National,Principal,,,COMPLETED,46846/2025,ADEEL AHMED- 2734 __,HON'BLE MR. JUSTICE ALOK ARADHE,2026-02-10,405,https://api.sci.gov.in/supremecourt/2025/46846/46846_2025_5_1501_68263_Judgement_10-Feb-2026.pdf,2026 INSC 140(English),https://api.sci.gov.in/supremecourt/2025/46846/46846_2025_5_1501_68263_Judgement_10-Feb-2026.pdf,
HON'BLE MR. JUSTICE PAMIDIGHANTAM SRI NARASIMHA,SUPREME_COURT,2026,C.A. No.-001613-001614 - 2026,THE TIRUCHIRAPPALLI DISTRICT CRICKET ASSOCIATIONVSANNA NAGAR CRICKET CLUB AND ANR ETC.,National,Principal,,,COMPLETED,50301/2024,PRAGYA BAGHEL- 1841 __,HON'BLE MR. JUSTICE PAMIDIGHANTAM SRI NARASIMHA,2026-02-13,774,https://api.sci.gov.in/supremecourt/2024/50301/50301_2024_6_1502_68374_Judgement_13-Feb-2026.pdf,2026 INSC 154(English),https://api.sci.gov.in/supremecourt/2024/50301/50301_2024_6_1502_68374_Judgement_13-Feb-2026.pdf,
HON'BLE MR. JUSTICE PAMIDIGHANTAM SRI NARASIMHA,SUPREME_COURT,2010,C.A. No.-003012-003026 - 2010,THE STATE OF MAHARASHTRAVSRELIANCE INDUSTRIES LTD.,National,Principal,,,COMPLETED,6006/2010,__ K. R. SASIPRABHU- 895,HON'BLE MR. JUSTICE ALOK ARADHE,2026-03-25,5927,https://api.sci.gov.in/supremecourt/2010/6006/6006_2010_6_1503_69614_Judgement_25-Mar-2026.pdf,2026 INSC 296(English),https://api.sci.gov.in/supremecourt/2010/6006/6006_2010_6_1503_69614_Judgement_25-Mar-2026.pdf,
HON'BLE MR. JUSTICE PAMIDIGHANTAM SRI NARASIMHA,SUPREME_COURT,2025,C.A. No.-004495 - 2025,SOUTHERN POWER DISTRIBUTION COMPANY OF ANDHRA PRADESH LIMITEDVSGREEN INFRA WIND SOLUTIONS LIMITED,National,Principal,,,COMPLETED,13927/2025,TARUN GUPTA- 1917 __,HON'BLE MR. JUSTICE PAMIDIGHANTAM SRI NARASIMHA,2026-03-25,448,https://api.sci.gov.in/supremecourt/2025/13927/13927_2025_6_1501_69614_Judgement_25-Mar-2026.pdf,2026 INSC 294(English),https://api.sci.gov.in/supremecourt/2025/13927/13927_2025_6_1501_69614_Judgement_25-Mar-2026.pdf,
HON'BLE MR. JUSTICE PAMIDIGHANTAM SRI NARASIMHA,SUPREME_COURT,2026,C.A. No.-003647-003669 - 2026,CHAYAVSTHE STATE OF MAHARASHTRA,National,Principal,,,COMPLETED,15877/2025,TOM JOSEPH- 2953 __,HON'BLE MR. JUSTICE ALOK ARADHE,2026-03-23,446,https://api.sci.gov.in/supremecourt/2025/15877/15877_2025_6_1501_69549_Judgement_23-Mar-2026.pdf,2026 INSC 277(English),https://api.sci.gov.in/supremecourt/2025/15877/15877_2025_6_1501_69549_Judgement_23-Mar-2026.pdf,
HON'BLE MR. JUSTICE PAMIDIGHANTAM SRI NARASIMHA,SUPREME_COURT,2013,C.A. No.-008743-008743 - 2013,REGISTRAR CANE COOPERATIVE SOCIETIESVSGURDEEP SINGH NARVAL (D) THR. LRS.,National,Principal,,,COMPLETED,29929/2007,ABHISHEK ATREY- 1601 __ T. N. SINGH- 749,HON'BLE MR. JUSTICE ALOK ARADHE,2026-03-10,7008,https://api.sci.gov.in/supremecourt/2007/29929/29929_2007_6_1501_69047_Judgement_10-Mar-2026.pdf,2026 INSC 216(English),https://api.sci.gov.in/supremecourt/2007/29929/29929_2007_6_1501_69047_Judgement_10-Mar-2026.pdf,
HON'BLE MR. JUSTICE PAMIDIGHANTAM SRI NARASIMHA,SUPREME_COURT,2026,Crl.A. No.-001499-001499 - 2026,SUJOY GHOSHVSTHE STATE OF JHARKHAND,National,Principal,,,COMPLETED,34046/2025,ANU SHRIVASTAVA- 3439 __,HON'BLE MR. JUSTICE ALOK ARADHE,2026-03-20,443,https://api.sci.gov.in/supremecourt/2025/34046/34046_2025_6_1501_69514_Judgement_20-Mar-2026.pdf,2026 INSC 267(English),https://api.sci.gov.in/supremecourt/2025/34046/34046_2025_6_1501_69514_Judgement_20-Mar-2026.pdf,
HON'BLE MR. JUSTICE PAMIDIGHANTAM SRI NARASIMHA,SUPREME_COURT,2017,SLP(C) No.-001127-001127 - 2017,M/S. BHARAT UDYOG LTD. (FORMERLY KNOWN AS M/S. JAI HIND CONTRACTORS PVT. LTD.)VSAMBERNATH MUNICIPAL COUNCIL THROUGH COMMISSIONER,National,Principal,,,COMPLETED,37371/2016,__,HON'BLE MR. JUSTICE PAMIDIGHANTAM SRI NARASIMHA,2026-03-24,3735,https://api.sci.gov.in/supremecourt/2016/37371/37371_2016_6_1501_69613_Judgement_24-Mar-2026.pdf,2026 INSC 288(English),https://api.sci.gov.in/supremecourt/2016/37371/37371_2016_6_1501_69613_Judgement_24-Mar-2026.pdf,
HON'BLE MR. JUSTICE PAMIDIGHANTAM SRI NARASIMHA,SUPREME_COURT,2026,C.A. No.-003895-003896 - 2026,STEAG ENERGY SERVICES (INDIA) PVT. LTD.VSGSPC PIPAVAV POWER COMPANY LTD. (GPPC),National,Principal,,,COMPLETED,59737/2025,P. SRINIVASAN- 3793 __,HON'BLE MR. JUSTICE PAMIDIGHANTAM SRI NARASIMHA,2026-03-25,448,https://api.sci.gov.in/supremecourt/2025/59737/59737_2025_6_1502_69614_Judgement_25-Mar-2026.pdf,2026 INSC 295(English),https://api.sci.gov.in/supremecourt/2025/59737/59737_2025_6_1502_69614_Judgement_25-Mar-2026.pdf,
HON'BLE MR. JUSTICE PAMIDIGHANTAM SRI NARASIMHA,SUPREME_COURT,2026,C.A. No.-004131-004131 - 2026,RAJIV GADDHVSSUBODH PARKASH,National,Principal,,,COMPLETED,5935/2025,LUBNA NAAZ- 3009 __,HON'BLE MR. JUSTICE ALOK ARADHE,2026-04-01,455,https://api.sci.gov.in/supremecourt/2025/5935/5935_2025_6_1501_69615_Judgement_01-Apr-2026.pdf,2026 INSC 302(English),https://api.sci.gov.in/supremecourt/2025/5935/5935_2025_6_1501_69615_Judgement_01-Apr-2026.pdf,
HON'BLE MR. JUSTICE PAMIDIGHANTAM SRI NARASIMHA,SUPREME_COURT,2026,C.A. No.-004654-004654 - 2026,MESSER GRIESHEIM GMBH (NOW CALLED AIR LIQUIDE DEUTSCHLAND GMBH)VSGOYAL MG GASES PRIVATE LIMITED,National,Principal,,,COMPLETED,7022/2023,MOHNA- 1648 __,HON'BLE MR. JUSTICE PAMIDIGHANTAM SRI NARASIMHA,2026-04-21,1206,https://api.sci.gov.in/supremecourt/2023/7022/7022_2023_6_1501_70332_Judgement_21-Apr-2026.pdf,2026 INSC 401(English),https://api.sci.gov.in/supremecourt/2023/7022/7022_2023_6_1501_70332_Judgement_21-Apr-2026.pdf,
HON'BLE MR. JUSTICE PAMIDIGHANTAM SRI NARASIMHA,SUPREME_COURT,2026,C.A. No.-004152-004152 - 2026,M/S A. K. G. CONSTRUCTION AND DEVELOPERS PVT. LTDVSSTATE OF JHARKHAND,National,Principal,,,COMPLETED,23491/2025,R. AYYAM PERUMAL- 893 __,HON'BLE MR. JUSTICE PAMIDIGHANTAM SRI NARASIMHA,2026-04-02,456,https://api.sci.gov.in/supremecourt/2025/23491/23491_2025_6_1501_69616_Judgement_02-Apr-2026.pdf,2026 INSC 312(English),https://api.sci.gov.in/supremecourt/2025/23491/23491_2025_6_1501_69616_Judgement_02-Apr-2026.pdf,
HON'BLE MR. JUSTICE PAMIDIGHANTAM SRI NARASIMHA,SUPREME_COURT,2024,C.A. No.-001996-001996 - 2024,MADAN SINGHVSTHE STATE OF HARYANA,National,Principal,,,COMPLETED,32194/2018,HARESH RAICHURA- 1082 __,HON'BLE MR. JUSTICE ATUL S. CHANDURKAR,2026-04-16,3027,https://api.sci.gov.in/supremecourt/2018/32194/32194_2018_6_1501_70359_Judgement_16-Apr-2026.pdf,2026 INSC 379(English),https://api.sci.gov.in/supremecourt/2018/32194/32194_2018_6_1501_70359_Judgement_16-Apr-2026.pdf,
HON'BLE MR. JUSTICE PAMIDIGHANTAM SRI NARASIMHA,SUPREME_COURT,2026,C.A. No.-007425-007425 - 2026,DINESH KUMARVSSURTA NATH @ SURAT NATH,National,Principal,,,COMPLETED,33700/2023,ANKUR YADAV- 2487 __,HON'BLE MR. JUSTICE PAMIDIGHANTAM SRI NARASIMHA,2026-04-29,1214,https://api.sci.gov.in/supremecourt/2023/33700/33700_2023_6_16_70632_Judgement_29-Apr-2026.pdf,2026 INSC 485(English),https://api.sci.gov.in/supremecourt/2023/33700/33700_2023_6_16_70632_Judgement_29-Apr-2026.pdf,
HON'BLE MR. JUSTICE PAMIDIGHANTAM SRI NARASIMHA,SUPREME_COURT,2022,C.A. No.-008247 - 2022,ANJANI TECHNOPLAST LTD.VSSHUBH GAUTAM,National,Principal,,,COMPLETED,35192/2022,MEGHA KARNWAL- 2805 __,HON'BLE MR. JUSTICE PAMIDIGHANTAM SRI NARASIMHA,2026-04-23,1573,https://api.sci.gov.in/supremecourt/2022/35192/35192_2022_6_1501_70385_Judgement_23-Apr-2026.pdf,2026 INSC 410(English),https://api.sci.gov.in/supremecourt/2022/35192/35192_2022_6_1501_70385_Judgement_23-Apr-2026.pdf,
HON'BLE MR. JUSTICE PAMIDIGHANTAM SRI NARASIMHA,SUPREME_COURT,2022,C.A. No.-008527 - 2022,STATE BANK OF INDIAVSDOHA BANK Q.P.S.C.,National,Principal,,,COMPLETED,36440/2022,SANJAY KAPUR- 1202 __,HON'BLE MR. JUSTICE ALOK ARADHE,2026-04-28,1578,https://api.sci.gov.in/supremecourt/2022/36440/36440_2022_6_1502_70588_Judgement_28-Apr-2026.pdf,2026 INSC 423(English),https://api.sci.gov.in/supremecourt/2022/36440/36440_2022_6_1502_70588_Judgement_28-Apr-2026.pdf,
HON'BLE MR. JUSTICE PAMIDIGHANTAM SRI NARASIMHA,SUPREME_COURT,2026,C.A. No.-004461-004461 - 2026,J AND K ECONOMIC RECONSTRUCTION AGENCYVSRASH BUILDERS INDIA PRIVATE LIMITED,National,Principal,,,COMPLETED,44792/2025,PASHUPATHI NATH RAZDAN- 2054 __,HON'BLE MR. JUSTICE ALOK ARADHE,2026-04-15,469,https://api.sci.gov.in/supremecourt/2025/44792/44792_2025_6_1501_70119_Judgement_15-Apr-2026.pdf,2026 INSC 368(English),https://api.sci.gov.in/supremecourt/2025/44792/44792_2025_6_1501_70119_Judgement_15-Apr-2026.pdf,
HON'BLE MR. JUSTICE PAMIDIGHANTAM SRI NARASIMHA,SUPREME_COURT,2026,C.A. No.-004655-004655 - 2026,M/S MARG LIMITEDVSSUSIL LALWANI,National,Principal,,,COMPLETED,46762/2025,MOHD FARAZ ANEES- 3720 __,HON'BLE MR. JUSTICE ALOK ARADHE,2026-04-21,475,https://api.sci.gov.in/supremecourt/2025/46762/46762_2025_6_1502_70332_Judgement_21-Apr-2026.pdf,2026 INSC 402(English),https://api.sci.gov.in/supremecourt/2025/46762/46762_2025_6_1502_70332_Judgement_21-Apr-2026.pdf,
HON'BLE MR. JUSTICE PAMIDIGHANTAM SRI NARASIMHA,SUPREME_COURT,2026,SLP(C) No.-015499-015499 - 2026,"LUCKNOW PUBLIC SCHOOL, ELDICOVSTHE STATE OF UTTAR PRADESH",National,Principal,,,COMPLETED,60657/2024,VIVEK SINGH- 1761 __,HON'BLE MR. JUSTICE PAMIDIGHANTAM SRI NARASIMHA,2026-04-28,848,https://api.sci.gov.in/supremecourt/2024/60657/60657_2024_6_1501_70588_Judgement_28-Apr-2026.pdf,2026 INSC 422(English),https://api.sci.gov.in/supremecourt/2024/60657/60657_2024_6_1501_70588_Judgement_28-Apr-2026.pdf,
HON'BLE MR. JUSTICE PAMIDIGHANTAM SRI NARASIMHA,SUPREME_COURT,2025,C.A. No.-013158-013159 - 2025,SHANKAR KHANDELWALVSOMKARA ASSET RECONSTRUCTION PVT. LTD.,National,Principal,,,COMPLETED,61442/2025,SHUBHAM JAIN- 3449 __,HON'BLE MR. JUSTICE ALOK ARADHE,2026-04-29,483,https://api.sci.gov.in/supremecourt/2025/61442/61442_2025_6_1501_70614_Judgement_29-Apr-2026.pdf,2026 INSC 429(English),https://api.sci.gov.in/supremecourt/2025/61442/61442_2025_6_1501_70614_Judgement_29-Apr-2026.pdf,
HON'BLE MR. JUSTICE PAMIDIGHANTAM SRI NARASIMHA,SUPREME_COURT,2025,C.A. No.-013092-013093 - 2025,K. RAHEJA CORP. PRIVATE LIMITEDVSTHE STATE OF MAHARASHTRA,National,Principal,,,COMPLETED,1019/2015,E. C. AGRAWALA- 177 __,HON'BLE MR. JUSTICE ALOK ARADHE,2026-05-26,4163,https://api.sci.gov.in/supremecourt/2015/1019/1019_2015_6_1502_71561_Judgement_26-May-2026.pdf,2026 INSC 551(English),https://api.sci.gov.in/supremecourt/2015/1019/1019_2015_6_1502_71561_Judgement_26-May-2026.pdf,
HON'BLE MR. JUSTICE PAMIDIGHANTAM SRI NARASIMHA,SUPREME_COURT,2026,C.A. No.-000769-000770 - 2026,GUJARAT WATER SUPPLY AND SEWERAGE BOARDVSSARYU PLASTICS PVT. LTD.,National,Principal,,,COMPLETED,4480/2023,SHAMIK SHIRISHBHAI SANJANWALA- 2390 __,HON'BLE MR. JUSTICE ALOK ARADHE,2026-05-26,1241,https://api.sci.gov.in/supremecourt/2023/4480/4480_2023_6_1503_71561_Judgement_26-May-2026.pdf,2026 INSC 552(English),https://api.sci.gov.in/supremecourt/2023/4480/4480_2023_6_1503_71561_Judgement_26-May-2026.pdf,
HON'BLE MR. JUSTICE PAMIDIGHANTAM SRI NARASIMHA,SUPREME_COURT,2025,C.A. No.-006388 - 2025,DELHI ELECTRICITY REGULATORY COMMISSIONVSTATA POWER DELHI DISTRIBUTION LTD,National,Principal,,,COMPLETED,19370/2025,DHANANJAY BAIJAL- 2906 __,HON'BLE MR. JUSTICE ALOK ARADHE,2026-05-07,491,https://api.sci.gov.in/supremecourt/2025/19370/19370_2025_6_1503_70796_Judgement_07-May-2026.pdf,2026 INSC 461(English),https://api.sci.gov.in/supremecourt/2025/19370/19370_2025_6_1503_70796_Judgement_07-May-2026.pdf,
HON'BLE MR. JUSTICE PAMIDIGHANTAM SRI NARASIMHA,SUPREME_COURT,2010,C.A. No.-008973-008973 - 2010,DR. BAIS SURGICAL AND MEDICAL INSTITUTE PVT. LTD.VSDHANANJAY PANDE,National,Principal,,,COMPLETED,22121/2009,RAMESHWAR PRASAD GOYAL- 1350 __ BINA GUPTA- 109,HON'BLE MR. JUSTICE PAMIDIGHANTAM SRI NARASIMHA,2026-05-04,6332,https://api.sci.gov.in/supremecourt/2009/22121/22121_2009_6_1501_70756_Judgement_04-May-2026.pdf,2026 INSC 447(English),https://api.sci.gov.in/supremecourt/2009/22121/22121_2009_6_1501_70756_Judgement_04-May-2026.pdf,
HON'BLE MR. JUSTICE PAMIDIGHANTAM SRI NARASIMHA,SUPREME_COURT,2022,C.A. No.-007184 - 2022,DHANLAXMI BANK LTD.VSMOHAMMED JAVED SULTAN,National,Principal,,,COMPLETED,27803/2022,AMARJIT SINGH BEDI- 1560 __,HON'BLE MR. JUSTICE ALOK ARADHE,2026-05-07,1587,https://api.sci.gov.in/supremecourt/2022/27803/27803_2022_6_1502_70796_Judgement_07-May-2026.pdf,2026 INSC 460(English),https://api.sci.gov.in/supremecourt/2022/27803/27803_2022_6_1502_70796_Judgement_07-May-2026.pdf,
HON'BLE MR. JUSTICE PAMIDIGHANTAM SRI NARASIMHA,SUPREME_COURT,2026,C.A. No.-008054-008054 - 2026,VICE CHANCELLOR RAJIV GANDHI NATIONAL AVIATION UNIVERSITYVSJITENDRA SINGH,National,Principal,,,COMPLETED,28156/2024,BHAKTI VARDHAN SINGH- 2454 __,HON'BLE MR. JUSTICE ALOK ARADHE,2026-05-21,871,https://api.sci.gov.in/supremecourt/2024/28156/28156_2024_6_1501_71306_Judgement_21-May-2026.pdf,2026 INSC 520(English),https://api.sci.gov.in/supremecourt/2024/28156/28156_2024_6_1501_71306_Judgement_21-May-2026.pdf,
HON'BLE MR. JUSTICE PAMIDIGHANTAM SRI NARASIMHA,SUPREME_COURT,2026,Crl.A. No.-002461-002462 - 2026,NARAYANA HEALTHVSTHE STATE OF WEST BENGAL,National,Principal,,,COMPLETED,28694/2023,SHIVENDRA SINGH- 2607 __,HON'BLE MR. JUSTICE PAMIDIGHANTAM SRI NARASIMHA,2026-05-12,1227,https://api.sci.gov.in/supremecourt/2023/28694/28694_2023_6_1501_71049_Judgement_12-May-2026.pdf,2026 INSC 481(English),https://api.sci.gov.in/supremecourt/2023/28694/28694_2023_6_1501_71049_Judgement_12-May-2026.pdf,
HON'BLE MR. JUSTICE PAMIDIGHANTAM SRI NARASIMHA,SUPREME_COURT,2026,C.A. No.-008181-008181 - 2026,ABDUR RAHMANVSUNION OF INDIA,National,Principal,,,COMPLETED,40790/2024,ROHIT KUMAR SINGH- 1658 __,HON'BLE MR. JUSTICE PAMIDIGHANTAM SRI NARASIMHA,2026-05-26,876,https://api.sci.gov.in/supremecourt/2024/40790/40790_2024_6_1501_71561_Judgement_26-May-2026.pdf,2026 INSC 550(English),https://api.sci.gov.in/supremecourt/2024/40790/40790_2024_6_1501_71561_Judgement_26-May-2026.pdf,
HON'BLE MR. JUSTICE PAMIDIGHANTAM SRI NARASIMHA,SUPREME_COURT,2026,C.A. No.-007073-007073 - 2026,DURGAPUR STEEL PLANTVSBIDHAN CHANDRA CHOWDHURY,National,Principal,,,COMPLETED,43108/2019,SUNIL KUMAR JAIN- 707 __,HON'BLE MR. JUSTICE ALOK ARADHE,2026-05-07,2683,https://api.sci.gov.in/supremecourt/2019/43108/43108_2019_6_1501_70796_Judgement_07-May-2026.pdf,2026 INSC 459(English),https://api.sci.gov.in/supremecourt/2019/43108/43108_2019_6_1501_70796_Judgement_07-May-2026.pdf,
HON'BLE MR. JUSTICE PAMIDIGHANTAM SRI NARASIMHA,SUPREME_COURT,2026,C.A. No.-008388-008388 - 2026,NATIONAL HIGHWAY AUTHORITY OF INDIAVST. YOUNIS,National,Principal,,,COMPLETED,10437/2024,VENKITA SUBRAMONIAM T.R- 1904 __,HON'BLE MR. JUSTICE PAMIDIGHANTAM SRI NARASIMHA,2026-06-02,883,https://api.sci.gov.in/supremecourt/2024/10437/10437_2024_3_1501_71811_Judgement_02-Jun-2026.pdf,2026 INSC 616(English),https://api.sci.gov.in/supremecourt/2024/10437/10437_2024_3_1501_71811_Judgement_02-Jun-2026.pdf,
HON'BLE MR. JUSTICE PAMIDIGHANTAM SRI NARASIMHA,SUPREME_COURT,2025,C.A. No.-007667 - 2025,KULSUM NISHAVSSTATE OF U.P,National,Principal,,,COMPLETED,25456/2025,ROHIT AMIT STHALEKAR- 2621 __,HON'BLE MR. JUSTICE ALOK ARADHE,2026-06-02,517,https://api.sci.gov.in/supremecourt/2025/25456/25456_2025_3_1502_71811_Judgement_02-Jun-2026.pdf,2026 INSC 617(English),https://api.sci.gov.in/supremecourt/2025/25456/25456_2025_3_1502_71811_Judgement_02-Jun-2026.pdf,
HON'BLE MR. JUSTICE PAMIDIGHANTAM SRI NARASIMHA,SUPREME_COURT,2025,C.A. No.-004665-004666 - 2025,MANIYAR ILIYAZ @ SHAIK RIYAZVSP. AYYAPPAN,National,Principal,,,COMPLETED,42514/2024,SUPREETA SHARANAGOUDA- 2263 __,HON'BLE MR. JUSTICE PAMIDIGHANTAM SRI NARASIMHA,2026-06-19,900,https://api.sci.gov.in/supremecourt/2024/42514/42514_2024_3_1501_71888_Judgement_19-Jun-2026.pdf,2026 INSC 647(English),https://api.sci.gov.in/supremecourt/2024/42514/42514_2024_3_1501_71888_Judgement_19-Jun-2026.pdf,
HON'BLE MR. JUSTICE PAMIDIGHANTAM SRI NARASIMHA,SUPREME_COURT,2024,C.A. No.-003070-003070 - 2024,THE STATE OF UTTARAKHANDVSJAGDISH CHANDRA KANDPAL,National,Principal,,,COMPLETED,1189/2020,__,HON'BLE MR. JUSTICE PAMIDIGHANTAM SRI NARASIMHA,2026-07-29,2401,https://api.sci.gov.in/supremecourt/2020/1189/1189_2020_5_1502_72672_Judgement_29-Jul-2026.pdf,2026 INSC 759(English),https://api.sci.gov.in/supremecourt/2020/1189/1189_2020_5_1502_72672_Judgement_29-Jul-2026.pdf,
HON'BLE MR. JUSTICE PAMIDIGHANTAM SRI NARASIMHA,SUPREME_COURT,2014,C.A. No.-004081-004081 - 2014,M/S OTIS ELEVATOR CO.(INDIA) LTDVSRASHMI HANDA,National,Principal,,,COMPLETED,6284/2014,S. S. SHROFF- 710 __,HON'BLE MR. JUSTICE PAMIDIGHANTAM SRI NARASIMHA,2026-07-29,4592,https://api.sci.gov.in/supremecourt/2014/6284/6284_2014_5_1501_72672_Judgement_29-Jul-2026.pdf,2026 INSC 756(English),https://api.sci.gov.in/supremecourt/2014/6284/6284_2014_5_1501_72672_Judgement_29-Jul-2026.pdf,
HON'BLE MR. JUSTICE PAMIDIGHANTAM SRI NARASIMHA,SUPREME_COURT,2026,C.A. No.-008751-008751 - 2026,AJAY VIJHVSINDIAN BANKS ASSOCIATION,National,Principal,,,COMPLETED,10787/2024,E. C. AGRAWALA- 177 __,HON'BLE MR. JUSTICE PAMIDIGHANTAM SRI NARASIMHA,2026-07-07,918,https://api.sci.gov.in/supremecourt/2024/10787/10787_2024_13_1501_71953_Judgement_07-Jul-2026.pdf,2026 INSC 670(English),https://api.sci.gov.in/supremecourt/2024/10787/10787_2024_13_1501_71953_Judgement_07-Jul-2026.pdf,
HON'BLE MR. JUSTICE PAMIDIGHANTAM SRI NARASIMHA,SUPREME_COURT,2023,C.A. No.-002448-002449 - 2023,JASPAL SINGHVSASHWANI KUMAR,National,Principal,,,COMPLETED,32126/2019,ANIS AHMED KHAN __,HON'BLE MR. JUSTICE ALOK ARADHE,2026-07-14,2751,https://api.sci.gov.in/supremecourt/2019/32126/32126_2019_5_1501_71999_Judgement_14-Jul-2026.pdf,2026 INSC 700(English),https://api.sci.gov.in/supremecourt/2019/32126/32126_2019_5_1501_71999_Judgement_14-Jul-2026.pdf,
HON'BLE MR. JUSTICE PAMIDIGHANTAM SRI NARASIMHA,SUPREME_COURT,2025,C.A. No.-011950 - 2025,POOJA RAMESH SINGHVSJAMMU AND KASHMIR BANK LTD,National,Principal,,,COMPLETED,52338/2025,VISHESH VIJAY KALRA- 4021 __,HON'BLE MR. JUSTICE PAMIDIGHANTAM SRI NARASIMHA,2026-07-02,547,https://api.sci.gov.in/supremecourt/2025/52338/52338_2025_5_1501_71939_Judgement_02-Jul-2026.pdf,2026 INSC 668(English),https://api.sci.gov.in/supremecourt/2025/52338/52338_2025_5_1501_71939_Judgement_02-Jul-2026.pdf,
HON'BLE MR. JUSTICE PAMIDIGHANTAM SRI NARASIMHA,SUPREME_COURT,2002,C.A. No.-000897-000897 - 2002,STATE OF U.P.VSJAI BIR SINGH,National,Principal,,,COMPLETED,9099/2001,SUDEEP KUMAR- 2779 __,HON'BLE THE CHIEF JUSTICE,2026-08-20,9362,https://api.sci.gov.in/supremecourt/2001/9099/9099_2001_1_1501_73712_Judgement_20-Aug-2026.pdf,2026 INSC 897(English),https://api.sci.gov.in/supremecourt/2001/9099/9099_2001_1_1501_73712_Judgement_20-Aug-2026.pdf,
HON'BLE MR. JUSTICE PAMIDIGHANTAM SRI NARASIMHA,SUPREME_COURT,2016,C.A. No.-000182-000182 - 2016,SHEELA GEHLOTVSMOHINI HARDAYAL SINGH .,National,Principal,,,COMPLETED,18149/2009,ARUN K. SINHA- 38 __ RAM SWARUP SHARMA,HON'BLE MR. JUSTICE PAMIDIGHANTAM SRI NARASIMHA,2026-08-14,6434,https://api.sci.gov.in/supremecourt/2009/18149/18149_2009_4_1502_73322_Judgement_14-Aug-2026.pdf,2026 INSC 863(English),https://api.sci.gov.in/supremecourt/2009/18149/18149_2009_4_1502_73322_Judgement_14-Aug-2026.pdf,
HON'BLE MR. JUSTICE PAMIDIGHANTAM SRI NARASIMHA,SUPREME_COURT,2013,C.A. No.-009228-009231 - 2013,LAKSHMI MOHAN (DEAD) THROUGH LRS.VSM/S. AIRTECH PROJECTS ENGINEERS PVT. LTD.,National,Principal,,,COMPLETED,18156/2013,SHAKUN SHARMA- 1844 __ V. BALACHANDRAN- 784,HON'BLE MR. JUSTICE ALOK ARADHE,2026-08-21,4980,https://api.sci.gov.in/supremecourt/2013/18156/18156_2013_4_1501_73607_Judgement_21-Aug-2026.pdf,2026 INSC 909(English),https://api.sci.gov.in/supremecourt/2013/18156/18156_2013_4_1501_73607_Judgement_21-Aug-2026.pdf,
HON'BLE MR. JUSTICE PAMIDIGHANTAM SRI NARASIMHA,SUPREME_COURT,2026,C.A. No.-010601-010606 - 2026,SHRUTI MANAV SHARMAVSSUNANINA SINGH,National,Principal,,,COMPLETED,18253/2026,MOHIT PAUL- 1899 __,HON'BLE MR. JUSTICE ALOK ARADHE,2026-08-12,223,https://api.sci.gov.in/supremecourt/2026/18253/18253_2026_5_1501_73185_Judgement_12-Aug-2026.pdf,2026 INSC 843(English),https://api.sci.gov.in/supremecourt/2026/18253/18253_2026_5_1501_73185_Judgement_12-Aug-2026.pdf,
HON'BLE MR. JUSTICE PAMIDIGHANTAM SRI NARASIMHA,SUPREME_COURT,2026,C.A. No.-010906-010906 - 2026,BAPPA BARAIVSUNION OF INDIA,National,Principal,,,COMPLETED,18460/2022,ANAND MISHRA- 2252 __,HON'BLE MR. JUSTICE PAMIDIGHANTAM SRI NARASIMHA,2026-08-18,1690,https://api.sci.gov.in/supremecourt/2022/18460/18460_2022_5_1501_73428_Judgement_18-Aug-2026.pdf,2026 INSC 882(English),https://api.sci.gov.in/supremecourt/2022/18460/18460_2022_5_1501_73428_Judgement_18-Aug-2026.pdf,
HON'BLE MR. JUSTICE PAMIDIGHANTAM SRI NARASIMHA,SUPREME_COURT,2020,C.A. No.-004020 - 2020,AMRAVATI MUNICIPAL CORPORATIONVSGANESH DADARAO ANASANE,National,Principal,,,COMPLETED,27032/2020,ANSHULA VIJAY KUMAR GROVER- 2754 __,HON'BLE MR. JUSTICE PAMIDIGHANTAM SRI NARASIMHA,2026-08-04,2407,https://api.sci.gov.in/supremecourt/2020/27032/27032_2020_5_1501_72900_Judgement_04-Aug-2026.pdf,2026 INSC 796(English),https://api.sci.gov.in/supremecourt/2020/27032/27032_2020_5_1501_72900_Judgement_04-Aug-2026.pdf,
HON'BLE MR. JUSTICE PAMIDIGHANTAM SRI NARASIMHA,SUPREME_COURT,2024,C.A. No.-009308-009308 - 2024,DELHI TECHNOLOGICAL UNIVERSITYVSB.S. RAWAT,National,Principal,,,COMPLETED,31607/2022,ANKIT ROY- 3248 __,HON'BLE MR. JUSTICE PAMIDIGHANTAM SRI NARASIMHA,2026-08-04,1676,https://api.sci.gov.in/supremecourt/2022/31607/31607_2022_5_1502_72900_Judgement_04-Aug-2026.pdf,2026 INSC 797(English),https://api.sci.gov.in/supremecourt/2022/31607/31607_2022_5_1502_72900_Judgement_04-Aug-2026.pdf,
HON'BLE MR. JUSTICE PAMIDIGHANTAM SRI NARASIMHA,SUPREME_COURT,2026,C.A. No.-010723-010723 - 2026,RELIANCE INDUSTRIES LIMITEDVSNTPC LIMITED,National,Principal,,,COMPLETED,42298/2024,PAREKH & CO.- 1370 __,HON'BLE MR. JUSTICE PAMIDIGHANTAM SRI NARASIMHA,2026-08-14,956,https://api.sci.gov.in/supremecourt/2024/42298/42298_2024_4_1501_73322_Judgement_14-Aug-2026.pdf,2026 INSC 862(English),https://api.sci.gov.in/supremecourt/2024/42298/42298_2024_4_1501_73322_Judgement_14-Aug-2026.pdf,
HON'BLE MR. JUSTICE PAMIDIGHANTAM SRI NARASIMHA,SUPREME_COURT,2026,C.A. No.-012885-012885 - 2026,UNION OF INDIAVSNC ISAAC (RETD.),National,Principal,,,COMPLETED,129/2025,SHREEKANT NEELAPPA TERDAL- 909 __,HON'BLE MR. JUSTICE PAMIDIGHANTAM SRI NARASIMHA,2026-09-15,622,https://api.sci.gov.in/supremecourt/2025/129/129_2025_4_1501_74249_Judgement_15-Sep-2026.pdf,2026 INSC 993(English),https://api.sci.gov.in/supremecourt/2025/129/129_2025_4_1501_74249_Judgement_15-Sep-2026.pdf,
HON'BLE MR. JUSTICE PAMIDIGHANTAM SRI NARASIMHA,SUPREME_COURT,2013,W.P.(C) No.-000123-000123 - 2013,VINIT KUMARVSSTATE OF U.P. THROUGH SECRETARY,National,Principal,,,COMPLETED,5749/2013,__,HON'BLE MR. JUSTICE ALOK ARADHE,2026-09-16,5006,https://api.sci.gov.in/supremecourt/2013/5749/5749_2013_3_1501_74328_Judgement_16-Sep-2026.pdf,2026 INSC 997(English),https://api.sci.gov.in/supremecourt/2013/5749/5749_2013_3_1501_74328_Judgement_16-Sep-2026.pdf,
HON'BLE MR. JUSTICE PAMIDIGHANTAM SRI NARASIMHA,SUPREME_COURT,2026,C.A. No.-012525-012525 - 2026,MS GVV CONSTRUCTIONS PVT LTD MANAGING DIRECTORVSTHE UNION OF INDIA,National,Principal,,,COMPLETED,7614/2026,P. MOHITH RAO- 3826 __,HON'BLE MR. JUSTICE ALOK ARADHE,2026-09-08,250,https://api.sci.gov.in/supremecourt/2026/7614/7614_2026_5_1502_74042_Judgement_08-Sep-2026.pdf,2026 INSC 976(English),https://api.sci.gov.in/supremecourt/2026/7614/7614_2026_5_1502_74042_Judgement_08-Sep-2026.pdf,
HON'BLE MR. JUSTICE PAMIDIGHANTAM SRI NARASIMHA,SUPREME_COURT,2025,C.A. No.-005351-005352 - 2025,SANDEEP S. GHANDATVSRESERVE BANK OF INDIA,National,Principal,,,COMPLETED,8530/2025,ANANDH KANNAN N.- 2053 __,HON'BLE MR. JUSTICE ALOK ARADHE,2026-09-03,610,https://api.sci.gov.in/supremecourt/2025/8530/8530_2025_5_1503_73954_Judgement_03-Sep-2026.pdf,2026 INSC 955(English),https://api.sci.gov.in/supremecourt/2025/8530/8530_2025_5_1503_73954_Judgement_03-Sep-2026.pdf,
HON'BLE MR. JUSTICE PAMIDIGHANTAM SRI NARASIMHA,SUPREME_COURT,2026,C.A. No.-012950-012950 - 2026,HARI DUTTA SHARMAVSSTATE OF U.P.,National,Principal,,,COMPLETED,10952/2026,SHASHANK SINGH- 3052 __,HON'BLE MR. JUSTICE ALOK ARADHE,2026-09-16,258,https://api.sci.gov.in/supremecourt/2026/10952/10952_2026_3_1502_74328_Judgement_16-Sep-2026.pdf,2026 INSC 998(English),https://api.sci.gov.in/supremecourt/2026/10952/10952_2026_3_1502_74328_Judgement_16-Sep-2026.pdf,
HON'BLE MR. JUSTICE PAMIDIGHANTAM SRI NARASIMHA,SUPREME_COURT,2021,SLP(C) No.-008442 - 2021,"FISHERMAN CAREVSTHE GOVERNMENT OF INDIA DEPARTMENT OF ANIMAL HUSBANDRY, DAIRYING AND FISHERIES REP. BY ITS SECRETARY",National,Principal,,,COMPLETED,11669/2021,__,HON'BLE MR. JUSTICE PAMIDIGHANTAM SRI NARASIMHA,2026-09-02,2070,https://api.sci.gov.in/supremecourt/2021/11669/11669_2021_5_1501_73953_Judgement_02-Sep-2026.pdf,2026 INSC 937(English),https://api.sci.gov.in/supremecourt/2021/11669/11669_2021_5_1501_73953_Judgement_02-Sep-2026.pdf,
HON'BLE MR. JUSTICE PAMIDIGHANTAM SRI NARASIMHA,SUPREME_COURT,2026,C.A. No.-012526-012526 - 2026,NATIONAL SKILL DEVELOPMENT CORPORATIONVSSURYA WIRES PRIVATE LIMITED,National,Principal,,,COMPLETED,13090/2026,ABHINAV AGRAWAL- 2630 __,HON'BLE MR. JUSTICE ALOK ARADHE,2026-09-08,250,https://api.sci.gov.in/supremecourt/2026/13090/13090_2026_5_1503_74042_Judgement_08-Sep-2026.pdf,2026 INSC 977(English),https://api.sci.gov.in/supremecourt/2026/13090/13090_2026_5_1503_74042_Judgement_08-Sep-2026.pdf,
HON'BLE MR. JUSTICE PAMIDIGHANTAM SRI NARASIMHA,SUPREME_COURT,2026,SLP(C) No.-010538 - 2026,M/S AMALGAM STEELS AND POWER LTD.VSENERGY WATCHDOG,National,Principal,,,COMPLETED,15483/2026,E. C. AGRAWALA- 177 __,HON'BLE MR. JUSTICE PAMIDIGHANTAM SRI NARASIMHA,2026-09-03,245,https://api.sci.gov.in/supremecourt/2026/15483/15483_2026_5_1502_73954_Judgement_03-Sep-2026.pdf,2026 INSC 954(English),https://api.sci.gov.in/supremecourt/2026/15483/15483_2026_5_1502_73954_Judgement_03-Sep-2026.pdf,
HON'BLE MR. JUSTICE PAMIDIGHANTAM SRI NARASIMHA,SUPREME_COURT,2026,C.A. No.-012179-012179 - 2026,THE NATIONAL COUNCIL FOR TEACHERS EDUCATIONVSASSOCIATION OF NCTE APPROVED COLLEGES TRUST,National,Principal,,,COMPLETED,17543/2023,MANISHA T. KARIA __,HON'BLE MR. JUSTICE PAMIDIGHANTAM SRI NARASIMHA,2026-09-03,1341,https://api.sci.gov.in/supremecourt/2023/17543/17543_2023_5_1501_73954_Judgement_03-Sep-2026.pdf,2026 INSC 953(English),https://api.sci.gov.in/supremecourt/2023/17543/17543_2023_5_1501_73954_Judgement_03-Sep-2026.pdf,
HON'BLE MR. JUSTICE PAMIDIGHANTAM SRI NARASIMHA,SUPREME_COURT,2026,C.A. No.-013042-013042 - 2026,MICKY TRADERSVSL. R. Y. LABOUR CONTRACTOR,National,Principal,,,COMPLETED,36454/2026,SIDDHARTHA IYER- 3384 __,HON'BLE MR. JUSTICE ALOK ARADHE,2026-09-21,263,https://api.sci.gov.in/supremecourt/2026/36454/36454_2026_5_1501_74467_Judgement_21-Sep-2026.pdf,2026 INSC 1025(English),https://api.sci.gov.in/supremecourt/2026/36454/36454_2026_5_1501_74467_Judgement_21-Sep-2026.pdf,
HON'BLE MR. JUSTICE PAMIDIGHANTAM SRI NARASIMHA,SUPREME_COURT,2025,C.A. No.-010900-010902 - 2025,NEW OKHLA INDUSTRIAL DEVELOPMENT AUTHORITYVSM/S. SUNSHINE TRADE TOWER PVT LTD,National,Principal,,,COMPLETED,45155/2024,SOAYIB QURESHI- 2971 __,HON'BLE MR. JUSTICE PAMIDIGHANTAM SRI NARASIMHA,2026-09-08,981,https://api.sci.gov.in/supremecourt/2024/45155/45155_2024_5_1501_74042_Judgement_08-Sep-2026.pdf,2026 INSC 975(English),https://api.sci.gov.in/supremecourt/2024/45155/45155_2024_5_1501_74042_Judgement_08-Sep-2026.pdf,
HON'BLE MR. JUSTICE PAMIDIGHANTAM SRI NARASIMHA,SUPREME_COURT,2026,C.A. No.-013081-013081 - 2026,NORTH EASTERN ELECTRIC POWER CORPORATION LIMITED (NEEPCO)VSASTRA CONSTRUCTION PRIVATE LIMITED,National,Principal,,,COMPLETED,48363/2025,SONALI JAIN- 3722 __,HON'BLE MR. JUSTICE ALOK ARADHE,2026-09-22,629,https://api.sci.gov.in/supremecourt/2025/48363/48363_2025_5_1501_74275_Judgement_22-Sep-2026.pdf,2026 INSC 1036(English),https://api.sci.gov.in/supremecourt/2025/48363/48363_2025_5_1501_74275_Judgement_22-Sep-2026.pdf,
HON'BLE MR. JUSTICE PAMIDIGHANTAM SRI NARASIMHA,SUPREME_COURT,2026,C.A. No.-013010-013010 - 2026,NATIONAL SEEDS CORPORATION LTD.VSNATIONAL AGRO SEED CORPORATION (INDIA),National,Principal,,,COMPLETED,52296/2024,APOORV SHUKLA- 2830 __,HON'BLE MR. JUSTICE ALOK ARADHE,2026-09-18,991,https://api.sci.gov.in/supremecourt/2024/52296/52296_2024_4_1501_74389_Judgement_18-Sep-2026.pdf,2026 INSC 1017(English),https://api.sci.gov.in/supremecourt/2024/52296/52296_2024_4_1501_74389_Judgement_18-Sep-2026.pdf,
HON'BLE MR. JUSTICE PAMIDIGHANTAM SRI NARASIMHA,SUPREME_COURT,2026,C.A. No.-013299-013299 - 2026,M/S. AWADHESH SINGH GAUTAMVSSTATE OF CHHATTISGARH,National,Principal,,,COMPLETED,13091/2026,DHARMAPRABHAS LAW ASSOCIATES- 2718 __,HON'BLE MR. JUSTICE ALOK ARADHE,2026-09-30,272,https://api.sci.gov.in/supremecourt/2026/13091/13091_2026_4_1503_74762_Judgement_30-Sep-2026.pdf,2026 INSC 1072(English),https://api.sci.gov.in/supremecourt/2026/13091/13091_2026_4_1503_74762_Judgement_30-Sep-2026.pdf,
HON'BLE MR. JUSTICE PAMIDIGHANTAM SRI NARASIMHA,SUPREME_COURT,2014,C.A. No.-010077-010078 - 2014,STERLING HOLIDAY RESORTS LIMITEDVSM/S P.M.ASSOCIATES,National,Principal,,,COMPLETED,27633/2013,K. K. MANI- 305 __,HON'BLE MR. JUSTICE ALOK ARADHE,2026-09-30,5020,https://api.sci.gov.in/supremecourt/2013/27633/27633_2013_4_1502_74762_Judgement_30-Sep-2026.pdf,2026 INSC 1071(English),https://api.sci.gov.in/supremecourt/2013/27633/27633_2013_4_1502_74762_Judgement_30-Sep-2026.pdf,
HON'BLE MR. JUSTICE PAMIDIGHANTAM SRI NARASIMHA,SUPREME_COURT,2023,C.A. No.-006792-006796 - 2023,GREENOPOLIS WELFARE CONFEDERATIONVSRAKESH KUMAR GUPTA,National,Principal,,,COMPLETED,36252/2023,NIKILESH RAMACHANDRAN- 1406 __,HON'BLE MR. JUSTICE PAMIDIGHANTAM SRI NARASIMHA,2026-09-30,1368,https://api.sci.gov.in/supremecourt/2023/36252/36252_2023_4_1501_74762_Judgement_30-Sep-2026.pdf,2026 INSC 1070(English),https://api.sci.gov.in/supremecourt/2023/36252/36252_2023_4_1501_74762_Judgement_30-Sep-2026.pdf,
HON'BLE MR. JUSTICE J.B. PARDIWALA,SUPREME_COURT,2026,C.A. No.-000262-000262 - 2026,THE AUTHORITY FOR ADVANCE RULINGS (INCOME TAX)VSTIGER GLOBAL INTERNATIONAL II HOLDINGS,National,Principal,,,COMPLETED,1251/2025,RAJ BAHADUR YADAV- 2771 __,HON'BLE MR. JUSTICE R. MAHADEVAN,2026-01-15,379,https://api.sci.gov.in/supremecourt/2025/1251/1251_2025_7_1501_67552_Judgement_15-Jan-2026.pdf,2026 INSC 60(English),https://api.sci.gov.in/supremecourt/2025/1251/1251_2025_7_1501_67552_Judgement_15-Jan-2026.pdf,
HON'BLE MR. JUSTICE J.B. PARDIWALA,SUPREME_COURT,2026,C.A. No.-000092-000092 - 2026,THE PROPERTY COMPANY (P) LTDVSROHINTEN DADDY MAZDA,National,Principal,,,COMPLETED,2094/2017,R. N. KESWANI- 577 __,HON'BLE MR. JUSTICE J.B. PARDIWALA,2026-01-07,3293,https://api.sci.gov.in/supremecourt/2017/2094/2094_2017_7_1501_67179_Judgement_07-Jan-2026.pdf,2026 INSC 33(English),https://api.sci.gov.in/supremecourt/2017/2094/2094_2017_7_1501_67179_Judgement_07-Jan-2026.pdf,
HON'BLE MR. JUSTICE J.B. PARDIWALA,SUPREME_COURT,2026,C.A. No.-000036-000036 - 2026,MOTILAL OSWAL FINANCIAL SERVICE LIMITEDVSSANTOSH CORDEIRO,National,Principal,,,COMPLETED,5070/2025,SANJANA SADDY- 3231 __,HON'BLE MR. JUSTICE K.V. VISWANATHAN,2026-01-05,369,https://api.sci.gov.in/supremecourt/2025/5070/5070_2025_7_1503_67143_Judgement_05-Jan-2026.pdf,2026 INSC 5(English),https://api.sci.gov.in/supremecourt/2025/5070/5070_2025_7_1503_67143_Judgement_05-Jan-2026.pdf,
HON'BLE MR. JUSTICE J.B. PARDIWALA,SUPREME_COURT,2024,C.A. No.-002996 - 2024,GLOSTER LTD.VSGLOSTER CABLES LTD.,National,Principal,,,COMPLETED,7939/2024,PRATIKSHA MISHRA- 3222 __,HON'BLE MR. JUSTICE K.V. VISWANATHAN,2026-01-22,752,https://api.sci.gov.in/supremecourt/2024/7939/7939_2024_7_1501_67651_Judgement_22-Jan-2026.pdf,2026 INSC 81(English),https://api.sci.gov.in/supremecourt/2024/7939/7939_2024_7_1501_67651_Judgement_22-Jan-2026.pdf,
HON'BLE MR. JUSTICE J.B. PARDIWALA,SUPREME_COURT,2026,C.A. No.-000066-000066 - 2026,IFGL REFRACTORIES LTDVSORISSA STATE FINANCIAL CORPORATION,National,Principal,,,COMPLETED,8648/2019,TARUNA SINGH GOHIL- 2509 __,HON'BLE MR. JUSTICE J.B. PARDIWALA,2026-01-06,2562,https://api.sci.gov.in/supremecourt/2019/8648/8648_2019_7_1501_67163_Judgement_06-Jan-2026.pdf,2026 INSC 18(English),https://api.sci.gov.in/supremecourt/2019/8648/8648_2019_7_1501_67163_Judgement_06-Jan-2026.pdf,
HON'BLE MR. JUSTICE J.B. PARDIWALA,SUPREME_COURT,2026,C.A. No.-000039-000039 - 2026,M/S.BHAGHEERATHA ENGINEERING LTDVSSTATE OF KERALA,National,Principal,,,COMPLETED,11333/2025,DHIRAJ ABRAHAM PHILIP- 2643 __,HON'BLE MR. JUSTICE K.V. VISWANATHAN,2026-01-05,369,https://api.sci.gov.in/supremecourt/2025/11333/11333_2025_7_1504_67143_Judgement_05-Jan-2026.pdf,2026 INSC 4(English),https://api.sci.gov.in/supremecourt/2025/11333/11333_2025_7_1504_67143_Judgement_05-Jan-2026.pdf,
HON'BLE MR. JUSTICE J.B. PARDIWALA,SUPREME_COURT,2022,W.P.(C) No.-000369 - 2022,YASH CHARITABLE TRUSTVSUNION OF INDIA,National,Principal,,,COMPLETED,14452/2022,PRATEEK K CHADHA- 2651 __,HON'BLE MR. JUSTICE J.B. PARDIWALA,2026-01-30,1490,https://api.sci.gov.in/supremecourt/2022/14452/14452_2022_7_1501_68117_Judgement_30-Jan-2026.pdf,2026 INSC 96(English),https://api.sci.gov.in/supremecourt/2022/14452/14452_2022_7_1501_68117_Judgement_30-Jan-2026.pdf,
HON'BLE MR. JUSTICE J.B. PARDIWALA,SUPREME_COURT,2026,C.A. No.-000037-000038 - 2026,BHADRA INTERNATIONAL (INDIA) PVT. LTD.VSAIRPORTS AUTHORITY OF INDIA,National,Principal,,,COMPLETED,25327/2025,AKSHIT PRADHAN- 3683 __,HON'BLE MR. JUSTICE J.B. PARDIWALA,2026-01-05,369,https://api.sci.gov.in/supremecourt/2025/25327/25327_2025_7_1502_67143_Judgement_05-Jan-2026.pdf,2026 INSC 6(English),https://api.sci.gov.in/supremecourt/2025/25327/25327_2025_7_1502_67143_Judgement_05-Jan-2026.pdf,
HON'BLE MR. JUSTICE J.B. PARDIWALA,SUPREME_COURT,2017,C.A. No.-023525-023526 - 2017,HT MEDIA LIMITEDVSPRINCIPAL COMMISSIONER DELHI SOUTH GOODS AND SERVICE TAX,National,Principal,,,COMPLETED,34384/2017,KARAN BHARIHOKE- 2371 __,HON'BLE MR. JUSTICE J.B. PARDIWALA,2026-01-16,3302,https://api.sci.gov.in/supremecourt/2017/34384/34384_2017_7_1501_67488_Judgement_16-Jan-2026.pdf,2026 INSC 66(English),https://api.sci.gov.in/supremecourt/2017/34384/34384_2017_7_1501_67488_Judgement_16-Jan-2026.pdf,
HON'BLE MR. JUSTICE J.B. PARDIWALA,SUPREME_COURT,2022,W.P.(C) No.-001000 - 2022,DR. JAYA THAKURVSGOVERNMENT OF INDIA,National,Principal,,,COMPLETED,35023/2022,__,HON'BLE MR. JUSTICE J.B. PARDIWALA,2026-01-30,1490,https://api.sci.gov.in/supremecourt/2022/35023/35023_2022_7_1502_68117_Judgement_30-Jan-2026.pdf,2026 INSC 97(English),https://api.sci.gov.in/supremecourt/2022/35023/35023_2022_7_1502_68117_Judgement_30-Jan-2026.pdf,
HON'BLE MR. JUSTICE J.B. PARDIWALA,SUPREME_COURT,2026,Crl.A. No.-000109-000109 - 2026,MD IMRAN @D.C. GUDDUVSTHE STATE OF JHARKHAND,National,Principal,,,COMPLETED,37750/2025,RAJEEV SINGH- 1626 __,HON'BLE MR. JUSTICE J.B. PARDIWALA,2026-01-07,371,https://api.sci.gov.in/supremecourt/2025/37750/37750_2025_7_21_67179_Judgement_07-Jan-2026.pdf,2026 INSC 36(English),https://api.sci.gov.in/supremecourt/2025/37750/37750_2025_7_21_67179_Judgement_07-Jan-2026.pdf,
HON'BLE MR. JUSTICE J.B. PARDIWALA,SUPREME_COURT,2025,C.A. No.-010261 - 2025,ELEGNA CO-OP HOUSING AND COMMERCIAL SOCIETY LTDVSEDELWEISS ASSET RECONSTRUCTION COMPANY LIMITED,National,Principal,,,COMPLETED,37766/2025,PURTI GUPTA- 3237 __,HON'BLE MR. JUSTICE R. MAHADEVAN,2026-01-15,379,https://api.sci.gov.in/supremecourt/2025/37766/37766_2025_7_1502_67552_Judgement_15-Jan-2026.pdf,2026 INSC 58(English),https://api.sci.gov.in/supremecourt/2025/37766/37766_2025_7_1502_67552_Judgement_15-Jan-2026.pdf,
HON'BLE MR. JUSTICE J.B. PARDIWALA,SUPREME_COURT,2026,C.A. No.-000120-000120 - 2026,SUJATA BORAVSCOAL INDIA LIMITED,National,Principal,,,COMPLETED,38094/2024,JURISTRUST LAW OFFICES- 3644 __,HON'BLE MR. JUSTICE J.B. PARDIWALA,2026-01-13,743,https://api.sci.gov.in/supremecourt/2024/38094/38094_2024_7_1501_67437_Judgement_13-Jan-2026.pdf,2026 INSC 53(English),https://api.sci.gov.in/supremecourt/2024/38094/38094_2024_7_1501_67437_Judgement_13-Jan-2026.pdf,
HON'BLE MR. JUSTICE J.B. PARDIWALA,SUPREME_COURT,2025,Crl.A. No.-001425-001425 - 2025,AMIT KUMARVSUNION OF INDIA,National,Principal,,,COMPLETED,40105/2024,R. H. A. SIKANDER- 3227 __,HON'BLE MR. JUSTICE J.B. PARDIWALA,2026-01-15,745,https://api.sci.gov.in/supremecourt/2024/40105/40105_2024_7_301_67552_Judgement_15-Jan-2026.pdf,2026 INSC 62(English),https://api.sci.gov.in/supremecourt/2024/40105/40105_2024_7_301_67552_Judgement_15-Jan-2026.pdf,
HON'BLE MR. JUSTICE J.B. PARDIWALA,SUPREME_COURT,2026,C.A. No.-000040-000040 - 2026,NIRBHAY SINGH SULIYAVSSTATE OF MADHYA PRADESH,National,Principal,,,COMPLETED,42546/2024,YASH S. VIJAY- 3775 __,HON'BLE MR. JUSTICE K.V. VISWANATHAN,2026-01-05,735,https://api.sci.gov.in/supremecourt/2024/42546/42546_2024_7_1501_67143_Judgement_05-Jan-2026.pdf,2026 INSC 7(English),https://api.sci.gov.in/supremecourt/2024/42546/42546_2024_7_1501_67143_Judgement_05-Jan-2026.pdf,
HON'BLE MR. JUSTICE J.B. PARDIWALA,SUPREME_COURT,2025,C.A. No.-005531 - 2025,COMMISSIONER OF CUSTOMS (IMPORT)VSM/S WELKIN FOODS,National,Principal,,,COMPLETED,53645/2024,GURMEET SINGH MAKKER- 2357 __,HON'BLE MR. JUSTICE J.B. PARDIWALA,2026-01-06,736,https://api.sci.gov.in/supremecourt/2024/53645/53645_2024_7_1502_67163_Judgement_06-Jan-2026.pdf,2026 INSC 19(English),https://api.sci.gov.in/supremecourt/2024/53645/53645_2024_7_1502_67163_Judgement_06-Jan-2026.pdf,
HON'BLE MR. JUSTICE J.B. PARDIWALA,SUPREME_COURT,2026,Crl.A. No.-000830-000830 - 2026,SUMITVSSTATE OF U P,National,Principal,,,COMPLETED,3119/2026,SHIV SAGAR TIWARI- 1165 __,HON'BLE MR. JUSTICE J.B. PARDIWALA,2026-02-09,39,https://api.sci.gov.in/supremecourt/2026/3119/3119_2026_5_32_68496_Judgement_09-Feb-2026.pdf,2026 INSC 145(English),https://api.sci.gov.in/supremecourt/2026/3119/3119_2026_5_32_68496_Judgement_09-Feb-2026.pdf,
HON'BLE MR. JUSTICE J.B. PARDIWALA,SUPREME_COURT,2026,MA-000196 - 2026,JANE KAUSHIKVSUNION OF INDIA,National,Principal,,,COMPLETED,4527/2026,AMICUS CURIE __,HON'BLE MR. JUSTICE J.B. PARDIWALA,2026-02-06,36,https://api.sci.gov.in/supremecourt/2026/4527/4527_2026_6_302_68390_Judgement_06-Feb-2026.pdf,2026 INSC 129(English),https://api.sci.gov.in/supremecourt/2026/4527/4527_2026_6_302_68390_Judgement_06-Feb-2026.pdf,
HON'BLE MR. JUSTICE J.B. PARDIWALA,SUPREME_COURT,2026,C.A. No.-000753-000753 - 2026,M/S EMINENT COLONIZERS PRIVATE LIMITEDVSRAJASTHAN HOUSING BOARD,National,Principal,,,COMPLETED,14254/2021,YOOTHICA PALLAVI- 2880 __,HON'BLE MR. JUSTICE K.V. VISWANATHAN,2026-02-04,1860,https://api.sci.gov.in/supremecourt/2021/14254/14254_2021_7_1501_68204_Judgement_04-Feb-2026.pdf,2026 INSC 116(English),https://api.sci.gov.in/supremecourt/2021/14254/14254_2021_7_1501_68204_Judgement_04-Feb-2026.pdf,
HON'BLE MR. JUSTICE J.B. PARDIWALA,SUPREME_COURT,2026,C.A. No.-001560-001560 - 2026,K. RAJAIAHVSTHE HIGH COURT FOR THE STATE OF TELANGANA,National,Principal,,,COMPLETED,20265/2024,KRISHNA KUMAR SINGH- 2265 __,HON'BLE MR. JUSTICE K.V. VISWANATHAN,2026-02-11,772,https://api.sci.gov.in/supremecourt/2024/20265/20265_2024_7_1501_68480_Judgement_11-Feb-2026.pdf,2026 INSC 142(English),https://api.sci.gov.in/supremecourt/2024/20265/20265_2024_7_1501_68480_Judgement_11-Feb-2026.pdf,
HON'BLE MR. JUSTICE J.B. PARDIWALA,SUPREME_COURT,2026,C.A. No.-000779-000779 - 2026,ANKHIM HOLDINGS PVT. LTD.VSZAVERI CONSTRUCTION PVT. LTD.,National,Principal,,,COMPLETED,22455/2024,PALLAVI PRATAP- 2553 __,HON'BLE MR. JUSTICE J.B. PARDIWALA,2026-02-04,765,https://api.sci.gov.in/supremecourt/2024/22455/22455_2024_7_9_67918_Judgement_04-Feb-2026.pdf,2026 INSC 137(English),https://api.sci.gov.in/supremecourt/2024/22455/22455_2024_7_9_67918_Judgement_04-Feb-2026.pdf,
HON'BLE MR. JUSTICE J.B. PARDIWALA,SUPREME_COURT,2026,C.A. No.-003362-003362 - 2026,OM SAKTHI SEKARVSV SUKUMAR,National,Principal,,,COMPLETED,2291/2022,AYUSH ANAND- 3409 __,HON'BLE MR. JUSTICE R. MAHADEVAN,2026-03-13,1532,https://api.sci.gov.in/supremecourt/2022/2291/2291_2022_7_1502_69377_Judgement_13-Mar-2026.pdf,2026 INSC 237(English),https://api.sci.gov.in/supremecourt/2022/2291/2291_2022_7_1502_69377_Judgement_13-Mar-2026.pdf,
HON'BLE MR. JUSTICE J.B. PARDIWALA,SUPREME_COURT,2024,C.A. No.-013861-013861 - 2024,CANARA BANK OVERSEAS BRANCHVSARCHEAN INDUSTRIES PRIVATE LTD.,National,Principal,,,COMPLETED,16434/2022,RAJESH KUMAR GAUTAM- 2540 __,HON'BLE MR. JUSTICE R. MAHADEVAN,2026-03-17,1536,https://api.sci.gov.in/supremecourt/2022/16434/16434_2022_7_1503_69584_Judgement_17-Mar-2026.pdf,2026 INSC 247(English),https://api.sci.gov.in/supremecourt/2022/16434/16434_2022_7_1503_69584_Judgement_17-Mar-2026.pdf,
HON'BLE MR. JUSTICE J.B. PARDIWALA,SUPREME_COURT,2021,W.P.(C) No.-000960 - 2021,HAMSAANANDINI NANDURIVSUNION OF INDIA,National,Principal,,,COMPLETED,18032/2021,MUKESH KUMAR SINGH AND CO.- 2589 __,HON'BLE MR. JUSTICE J.B. PARDIWALA,2026-03-17,1901,https://api.sci.gov.in/supremecourt/2021/18032/18032_2021_7_1502_69584_Judgement_17-Mar-2026.pdf,2026 INSC 246(English),https://api.sci.gov.in/supremecourt/2021/18032/18032_2021_7_1502_69584_Judgement_17-Mar-2026.pdf,
HON'BLE MR. JUSTICE J.B. PARDIWALA,SUPREME_COURT,2022,C.A. No.-005209-005211 - 2022,SECURITIES AND EXCHANGE BOARD OF INDIAVSTERRASCOPE VENTURES LIMITED ETC. ETC.,National,Principal,,,COMPLETED,23328/2022,__,HON'BLE MR. JUSTICE K.V. VISWANATHAN,2026-03-17,1536,https://api.sci.gov.in/supremecourt/2022/23328/23328_2022_7_1501_69386_Judgement_17-Mar-2026.pdf,2026 INSC 245(English),https://api.sci.gov.in/supremecourt/2022/23328/23328_2022_7_1501_69386_Judgement_17-Mar-2026.pdf,
HON'BLE MR. JUSTICE J.B. PARDIWALA,SUPREME_COURT,2014,W.P.(C) No.-000022-000022 - 2014,MIZO CHIEF COUNCIL MIZORAM THR. PRESIDENT SHRI L. CHINZAHVSUNION OF INDIA,National,Principal,,,COMPLETED,39284/2013,KEDAR NATH TRIPATHY- 1749 __,HON'BLE MR. JUSTICE J.B. PARDIWALA,2026-03-13,4819,https://api.sci.gov.in/supremecourt/2013/39284/39284_2013_7_1501_69377_Judgement_13-Mar-2026.pdf,2026 INSC 236(English),https://api.sci.gov.in/supremecourt/2013/39284/39284_2013_7_1501_69377_Judgement_13-Mar-2026.pdf,
HON'BLE MR. JUSTICE J.B. PARDIWALA,SUPREME_COURT,2025,MA-002238 - 2025,HARISH RANAVSUNION OF INDIA,National,Principal,,,COMPLETED,60980/2025,RASHMI NANDAKUMAR- 2190 __,HON'BLE MR. JUSTICE J.B. PARDIWALA,2026-03-11,434,https://api.sci.gov.in/supremecourt/2025/60980/60980_2025_7_1501_69246_Judgement_11-Mar-2026.pdf,2026 INSC 222(English),https://api.sci.gov.in/supremecourt/2025/60980/60980_2025_7_1501_69246_Judgement_11-Mar-2026.pdf,
HON'BLE MR. JUSTICE J.B. PARDIWALA,SUPREME_COURT,2024,Crl.A. No.-001864-001864 - 2024,ANAND JAKKAPPA PUJARI @ GADDADARVSTHE STATE OF KARNATAKA,National,Principal,,,COMPLETED,5361/2022,ANKOLEKAR GURUDATTA- 1677 __,HON'BLE MR. JUSTICE J.B. PARDIWALA,2026-04-27,1577,https://api.sci.gov.in/supremecourt/2022/5361/5361_2022_7_1501_70535_Judgement_27-Apr-2026.pdf,2026 INSC 417(English),https://api.sci.gov.in/supremecourt/2022/5361/5361_2022_7_1501_70535_Judgement_27-Apr-2026.pdf,
HON'BLE MR. JUSTICE J.B. PARDIWALA,SUPREME_COURT,2026,Crl.A. No.-002534-002534 - 2026,KAILASH CHANDRA KAPRIVSSTATE OF UTTAR PRADESH,National,Principal,,,COMPLETED,19375/2026,RAJESH GULAB INAMDAR- 3386 __,HON'BLE MR. JUSTICE J.B. PARDIWALA,2026-04-29,118,https://api.sci.gov.in/supremecourt/2026/19375/19375_2026_7_16_70715_Judgement_29-Apr-2026.pdf,2026 INSC 473(English),https://api.sci.gov.in/supremecourt/2026/19375/19375_2026_7_16_70715_Judgement_29-Apr-2026.pdf,
HON'BLE MR. JUSTICE J.B. PARDIWALA,SUPREME_COURT,2026,C.A. No.-004243-004244 - 2026,STATE BANK OF INDIAVSAMIT IRON PRIVATE LIMITED,National,Principal,,,COMPLETED,34877/2025,SANJAY KAPUR- 1202 __,HON'BLE MR. JUSTICE K.V. VISWANATHAN,2026-04-07,461,https://api.sci.gov.in/supremecourt/2025/34877/34877_2025_7_1501_69830_Judgement_07-Apr-2026.pdf,2026 INSC 323(English),https://api.sci.gov.in/supremecourt/2025/34877/34877_2025_7_1501_69830_Judgement_07-Apr-2026.pdf,
HON'BLE MR. JUSTICE J.B. PARDIWALA,SUPREME_COURT,2025,C.A. No.-011193 - 2025,M/S. NIRMAL UJJWAL CREDIT CO-OPERATIVE SOCIETY LTD.VSRAVI SETHIA,National,Principal,,,COMPLETED,48219/2025,AMIT PAI- 2649 __,HON'BLE MR. JUSTICE J.B. PARDIWALA,2026-04-09,463,https://api.sci.gov.in/supremecourt/2025/48219/48219_2025_7_1501_69857_Judgement_09-Apr-2026.pdf,2026 INSC 338(English),https://api.sci.gov.in/supremecourt/2025/48219/48219_2025_7_1501_69857_Judgement_09-Apr-2026.pdf,
HON'BLE MR. JUSTICE J.B. PARDIWALA,SUPREME_COURT,2025,C.A. No.-002587 - 2025,CANARA BANKVSKAVITA CHOWDHARY,National,Principal,,,COMPLETED,50187/2024,BRIJESH KUMAR TAMBER- 2254 __,HON'BLE MR. JUSTICE UJJAL BHUYAN,2026-04-15,835,https://api.sci.gov.in/supremecourt/2024/50187/50187_2024_7_1501_70151_Judgement_15-Apr-2026.pdf,2026 INSC 363(English),https://api.sci.gov.in/supremecourt/2024/50187/50187_2024_7_1501_70151_Judgement_15-Apr-2026.pdf,
HON'BLE MR. JUSTICE J.B. PARDIWALA,SUPREME_COURT,2022,MA-000530 - 2022,PRAJWALAVSUNION OF INDIA .,National,Principal,,,COMPLETED,7980/2022,RAJKUMARI BANJU- 2224 __ ABHINAV MUKERJI,HON'BLE MR. JUSTICE J.B. PARDIWALA,2026-05-29,1609,https://api.sci.gov.in/supremecourt/2022/7980/7980_2022_6_1502_71676_Judgement_29-May-2026.pdf,2026 INSC 609(English),https://api.sci.gov.in/supremecourt/2022/7980/7980_2022_6_1502_71676_Judgement_29-May-2026.pdf,
HON'BLE MR. JUSTICE J.B. PARDIWALA,SUPREME_COURT,2026,C.A. No.-007370-007370 - 2026,MANJULAVSD.A. SRINIVAS,National,Principal,,,COMPLETED,13889/2024,MAHESH THAKUR- 2511 __,HON'BLE MR. JUSTICE J.B. PARDIWALA,2026-05-08,858,https://api.sci.gov.in/supremecourt/2024/13889/13889_2024_7_1501_71025_Judgement_08-May-2026.pdf,2026 INSC 465(English),https://api.sci.gov.in/supremecourt/2024/13889/13889_2024_7_1501_71025_Judgement_08-May-2026.pdf,
HON'BLE MR. JUSTICE J.B. PARDIWALA,SUPREME_COURT,2014,Crl.A. No.-001803-001803 - 2014,GOUR ACHARJEEVSTHE STATE OF TRIPURA HOME DEPARTMENT THROUGH SECRETARY,National,Principal,,,COMPLETED,16242/2013,DIKSHA RAI- 1974 __,HON'BLE MR. JUSTICE K.V. VISWANATHAN,2026-05-25,4892,https://api.sci.gov.in/supremecourt/2013/16242/16242_2013_7_1502_71589_Judgement_25-May-2026.pdf,2026 INSC 535(English),https://api.sci.gov.in/supremecourt/2013/16242/16242_2013_7_1502_71589_Judgement_25-May-2026.pdf,
HON'BLE MR. JUSTICE J.B. PARDIWALA,SUPREME_COURT,2026,C.A. No.-008190-008190 - 2026,SARLA DEVIVSRELIANCE GENERAL INSURANCE COMPANY LIMITED,National,Principal,,,COMPLETED,17230/2018,SATISH KUMAR- 1822 __,HON'BLE MR. JUSTICE VIJAY BISHNOI,2026-05-26,3067,https://api.sci.gov.in/supremecourt/2018/17230/17230_2018_7_1501_71562_Judgement_26-May-2026.pdf,2026 INSC 575(English),https://api.sci.gov.in/supremecourt/2018/17230/17230_2018_7_1501_71562_Judgement_26-May-2026.pdf,
HON'BLE MR. JUSTICE J.B. PARDIWALA,SUPREME_COURT,2012,C.A. No.-009107-009107 - 2012,SANAND PROPERTIES P.LTD.VSJT.COMMR.OF I.T . RANGE 6 AND ORS.,National,Principal,,,COMPLETED,17883/2012,MANISHA T. KARIA __ MADHULIKA UPADHYAY- 4185,HON'BLE MR. JUSTICE J.B. PARDIWALA,2026-05-12,5245,https://api.sci.gov.in/supremecourt/2012/17883/17883_2012_7_1501_71155_Judgement_12-May-2026.pdf,2026 INSC 472(English),https://api.sci.gov.in/supremecourt/2012/17883/17883_2012_7_1501_71155_Judgement_12-May-2026.pdf,
HON'BLE MR. JUSTICE J.B. PARDIWALA,SUPREME_COURT,2010,C.A. No.-008030-008030 - 2010,M/S ALUPRO BUILDING SYSTEMS PVT. LTD.VSCOMMISSIONER OF CENTRAL EXCISE BANGALORE II,National,Principal,,,COMPLETED,24511/2010,R. PARTHASARATHY- 1523 __ GURMEET SINGH MAKKER- 2357,HON'BLE MR. JUSTICE J.B. PARDIWALA,2026-05-27,5990,https://api.sci.gov.in/supremecourt/2010/24511/24511_2010_7_1504_71652_Judgement_27-May-2026.pdf,2026 INSC 582(English),https://api.sci.gov.in/supremecourt/2010/24511/24511_2010_7_1504_71652_Judgement_27-May-2026.pdf,
HON'BLE MR. JUSTICE J.B. PARDIWALA,SUPREME_COURT,2020,C.A. No.-004015 - 2020,RELIANCE INDUSTRIES LIMITEDVSTHE SECURITIES AND EXCHANGE BOARD OF INDIA,National,Principal,,,COMPLETED,26825/2020,K. R. SASIPRABHU- 895 __,HON'BLE MR. JUSTICE J.B. PARDIWALA,2026-05-29,2340,https://api.sci.gov.in/supremecourt/2020/26825/26825_2020_6_1501_71676_Judgement_29-May-2026.pdf,2026 INSC 585(English),https://api.sci.gov.in/supremecourt/2020/26825/26825_2020_6_1501_71676_Judgement_29-May-2026.pdf,
HON'BLE MR. JUSTICE J.B. PARDIWALA,SUPREME_COURT,2023,C.A. No.-006124-006131 - 2023,THE STATE OF TAMIL NADUVSJUNGLEE GAMES INDIA PRIVATE LIMITED,National,Principal,,,COMPLETED,27706/2021,JOSEPH ARISTOTLE S. __,HON'BLE MR. JUSTICE J.B. PARDIWALA,2026-05-27,1972,https://api.sci.gov.in/supremecourt/2021/27706/27706_2021_7_1503_71652_Judgement_27-May-2026.pdf,2026 INSC 594(English),https://api.sci.gov.in/supremecourt/2021/27706/27706_2021_7_1503_71652_Judgement_27-May-2026.pdf,
HON'BLE MR. JUSTICE J.B. PARDIWALA,SUPREME_COURT,2026,C.A. No.-008241-008244 - 2026,DIRECTORATE GENERAL OF GOODS AND SERVICES TAX INTELLIGENCE (HQS)VSGAMESKRAFT TECHNOLOGIES PRIVATE LIMITED,National,Principal,,,COMPLETED,30797/2023,MUKESH KUMAR MARORIA- 2324 __,HON'BLE MR. JUSTICE R. MAHADEVAN,2026-05-27,1242,https://api.sci.gov.in/supremecourt/2023/30797/30797_2023_7_1505_71652_Judgement_27-May-2026.pdf,2026 INSC 595(English),https://api.sci.gov.in/supremecourt/2023/30797/30797_2023_7_1505_71652_Judgement_27-May-2026.pdf,
HON'BLE MR. JUSTICE J.B. PARDIWALA,SUPREME_COURT,2012,C.A. No.-000527-000527 - 2012,L.K. TRUSTVSCOMMISSIONER OF INCOME TAX,National,Principal,,,COMPLETED,34718/2010,NAVEEN KUMAR- 1725 __ SUDARSHAN LAMBA- 3667,HON'BLE MR. JUSTICE J.B. PARDIWALA,2026-05-07,5970,https://api.sci.gov.in/supremecourt/2010/34718/34718_2010_7_103_70808_Judgement_07-May-2026.pdf,2026 INSC 474(English),https://api.sci.gov.in/supremecourt/2010/34718/34718_2010_7_103_70808_Judgement_07-May-2026.pdf,
HON'BLE MR. JUSTICE J.B. PARDIWALA,SUPREME_COURT,2026,Crl.A. No.-003038-003039 - 2026,DINESHCHAND SURANAVSUCO BANK,National,Principal,,,COMPLETED,37189/2024,ISHAAN GEORGE- 2976 __,HON'BLE MR. JUSTICE J.B. PARDIWALA,2026-05-27,877,https://api.sci.gov.in/supremecourt/2024/37189/37189_2024_7_1501_71653_Judgement_27-May-2026.pdf,2026 INSC 579(English),https://api.sci.gov.in/supremecourt/2024/37189/37189_2024_7_1501_71653_Judgement_27-May-2026.pdf,
HON'BLE MR. JUSTICE J.B. PARDIWALA,SUPREME_COURT,2025,C.A. No.-013598-013598 - 2025,VIDYASAGAR VIJAYKUMAR KAMBOJVSTHE STATE OF MAHARASHTRA,National,Principal,,,COMPLETED,46040/2025,M. VEERARAGAVAN- 3890 __,HON'BLE MR. JUSTICE J.B. PARDIWALA,2026-05-07,491,https://api.sci.gov.in/supremecourt/2025/46040/46040_2025_7_109_70808_Judgement_07-May-2026.pdf,2026 INSC 697(English),https://api.sci.gov.in/supremecourt/2025/46040/46040_2025_7_109_70808_Judgement_07-May-2026.pdf,
HON'BLE MR. JUSTICE J.B. PARDIWALA,SUPREME_COURT,2026,C.A. No.-008155-008155 - 2026,STATE OF HIMACHAL PRADESHVSM/S KUNDLAS LOH UDYOG,National,Principal,,,COMPLETED,46725/2025,SUGANDHA ANAND- 3167 __,HON'BLE MR. JUSTICE J.B. PARDIWALA,2026-05-25,509,https://api.sci.gov.in/supremecourt/2025/46725/46725_2025_7_1501_71589_Judgement_25-May-2026.pdf,2026 INSC 534(English),https://api.sci.gov.in/supremecourt/2025/46725/46725_2025_7_1501_71589_Judgement_25-May-2026.pdf,
HON'BLE MR. JUSTICE J.B. PARDIWALA,SUPREME_COURT,2024,C.A. No.-012264-012266 - 2024,SANJAY DAVEVSANDHRA BANK LTD.,National,Principal,,,COMPLETED,51722/2024,PURTI GUPTA- 3237 __,HON'BLE MR. JUSTICE K.V. VISWANATHAN,2026-05-27,877,https://api.sci.gov.in/supremecourt/2024/51722/51722_2024_7_1502_71653_Judgement_27-May-2026.pdf,2026 INSC 580(English),https://api.sci.gov.in/supremecourt/2024/51722/51722_2024_7_1502_71653_Judgement_27-May-2026.pdf,
HON'BLE MR. JUSTICE J.B. PARDIWALA,SUPREME_COURT,2026,Crl.A. No.-003507-003507 - 2026,KHALIL PASHAVSABDUL RASHEED,National,Principal,,,COMPLETED,2445/2023,AMOL NIRMALKUMAR SURYAWANSHI- 1786 __,HON'BLE MR. JUSTICE J.B. PARDIWALA,2026-07-28,1304,https://api.sci.gov.in/supremecourt/2023/2445/2445_2023_6_1501_72628_Judgement_28-Jul-2026.pdf,2026 INSC 754(English),https://api.sci.gov.in/supremecourt/2023/2445/2445_2023_6_1501_72628_Judgement_28-Jul-2026.pdf,
HON'BLE MR. JUSTICE J.B. PARDIWALA,SUPREME_COURT,2026,C.A. No.-009342-009342 - 2026,MAHABANOOVSM/S. KALIKUND DEVELOPERS,National,Principal,,,COMPLETED,4712/2026,SOMIRAN SHARMA- 1656 __,HON'BLE MR. JUSTICE J.B. PARDIWALA,2026-07-23,203,https://api.sci.gov.in/supremecourt/2026/4712/4712_2026_5_1501_72492_Judgement_23-Jul-2026.pdf,2026 INSC 737(English),https://api.sci.gov.in/supremecourt/2026/4712/4712_2026_5_1501_72492_Judgement_23-Jul-2026.pdf,
HON'BLE MR. JUSTICE J.B. PARDIWALA,SUPREME_COURT,2026,Crl.A. No.-003299-003299 - 2026,XVSTHE STATE OF BIHAR,National,Principal,,,COMPLETED,6698/2026,KAILAS BAJIRAO AUTADE- 2645 __,HON'BLE MR. JUSTICE J.B. PARDIWALA,2026-07-21,201,https://api.sci.gov.in/supremecourt/2026/6698/6698_2026_5_1502_72301_Judgement_21-Jul-2026.pdf,2026 INSC 728(English),https://api.sci.gov.in/supremecourt/2026/6698/6698_2026_5_1502_72301_Judgement_21-Jul-2026.pdf,
HON'BLE MR. JUSTICE J.B. PARDIWALA,SUPREME_COURT,2026,C.A. No.-009224-009224 - 2026,PRAKASH KUMAR DIXITVSAJAY KUMAR BHALLA,National,Principal,,,COMPLETED,13673/2025,ANAND SHANKAR JHA- 2476 __,HON'BLE MR. JUSTICE K. VINOD CHANDRAN,2026-07-21,566,https://api.sci.gov.in/supremecourt/2025/13673/13673_2025_5_1503_72301_Judgement_21-Jul-2026.pdf,2026 INSC 725(English),https://api.sci.gov.in/supremecourt/2025/13673/13673_2025_5_1503_72301_Judgement_21-Jul-2026.pdf,
HON'BLE MR. JUSTICE J.B. PARDIWALA,SUPREME_COURT,2019,Crl.A. No.-001615-001615 - 2019,MUNU SENVSTHE STATE OF CHHATTISGARH,National,Principal,,,COMPLETED,14909/2014,JAIL PETITION __ ANIRUDDHA P. MAYEE,HON'BLE MR. JUSTICE J.B. PARDIWALA,2026-07-29,4592,https://api.sci.gov.in/supremecourt/2014/14909/14909_2014_6_101_72728_Judgement_29-Jul-2026.pdf,2026 INSC 780(English),https://api.sci.gov.in/supremecourt/2014/14909/14909_2014_6_101_72728_Judgement_29-Jul-2026.pdf,
HON'BLE MR. JUSTICE J.B. PARDIWALA,SUPREME_COURT,2026,Crl.A. No.-003467-003467 - 2026,B.S. SOLANKIVSTHE STATE OF MADHYA PRADESH,National,Principal,,,COMPLETED,16009/2024,DHAWESH PAHUJA- 3642 __,HON'BLE MR. JUSTICE J.B. PARDIWALA,2026-07-24,935,https://api.sci.gov.in/supremecourt/2024/16009/16009_2024_5_44_72304_Judgement_24-Jul-2026.pdf,2026 INSC 749(English),https://api.sci.gov.in/supremecourt/2024/16009/16009_2024_5_44_72304_Judgement_24-Jul-2026.pdf,
HON'BLE MR. JUSTICE J.B. PARDIWALA,SUPREME_COURT,2013,Crl.A. No.-002142-002143 - 2013,STANDARD CHARTERED BANKVSENFORCEMENT OFFICER MINISTRY OF HOME AFFAIRS,National,Principal,,,COMPLETED,17026/2012,GAGAN GUPTA __,HON'BLE MR. JUSTICE J.B. PARDIWALA,2026-07-21,5315,https://api.sci.gov.in/supremecourt/2012/17026/17026_2012_5_1501_72301_Judgement_21-Jul-2026.pdf,2026 INSC 727(English),https://api.sci.gov.in/supremecourt/2012/17026/17026_2012_5_1501_72301_Judgement_21-Jul-2026.pdf,
HON'BLE MR. JUSTICE J.B. PARDIWALA,SUPREME_COURT,2026,MA-002228-002228 - 2026,HIGH COURT OF JUDICATURE FOR RAJASTHANVSABHAY JAIN,National,Principal,,,COMPLETED,17219/2024,K.PARAMESHWAR __,HON'BLE MR. JUSTICE J.B. PARDIWALA,2026-07-29,940,https://api.sci.gov.in/supremecourt/2024/17219/17219_2024_6_1501_72728_Judgement_29-Jul-2026.pdf,2026 INSC 762(English),https://api.sci.gov.in/supremecourt/2024/17219/17219_2024_6_1501_72728_Judgement_29-Jul-2026.pdf,
HON'BLE MR. JUSTICE J.B. PARDIWALA,SUPREME_COURT,2026,C.A. No.-009729-009731 - 2026,MOHAMMADALI ANSARAHMAD KHANVSTHE STATE OF GUJARAT,National,Principal,,,COMPLETED,28130/2024,ANSHUMAN SRIVASTAVA- 2946 __,HON'BLE MR. JUSTICE J.B. PARDIWALA,2026-07-24,935,https://api.sci.gov.in/supremecourt/2024/28130/28130_2024_5_58_72304_Judgement_24-Jul-2026.pdf,2026 INSC 750(English),https://api.sci.gov.in/supremecourt/2024/28130/28130_2024_5_58_72304_Judgement_24-Jul-2026.pdf,
HON'BLE MR. JUSTICE J.B. PARDIWALA,SUPREME_COURT,2026,Crl.A. No.-003427-003427 - 2026,N. DAMODARANVSSTATE REP. BY INSPECTOR OF POLICE,National,Principal,,,COMPLETED,31495/2024,M.P. PARTHIBAN- 2667 __,HON'BLE MR. JUSTICE J.B. PARDIWALA,2026-07-24,935,https://api.sci.gov.in/supremecourt/2024/31495/31495_2024_5_45_72304_Judgement_24-Jul-2026.pdf,2026 INSC 751(English),https://api.sci.gov.in/supremecourt/2024/31495/31495_2024_5_45_72304_Judgement_24-Jul-2026.pdf,
HON'BLE MR. JUSTICE J.B. PARDIWALA,SUPREME_COURT,2024,C.A. No.-006526-006526 - 2024,R. VERONICAVSRUDRAYANI DEVAKI(D) THROUGH LRS. S. SATHA KUMAR,National,Principal,,,COMPLETED,33475/2018,PRAKASH RANJAN NAYAK- 2126 __,HON'BLE MR. JUSTICE J.B. PARDIWALA,2026-07-14,3116,https://api.sci.gov.in/supremecourt/2018/33475/33475_2018_6_1501_72001_Judgement_14-Jul-2026.pdf,2026 INSC 703(English),https://api.sci.gov.in/supremecourt/2018/33475/33475_2018_6_1501_72001_Judgement_14-Jul-2026.pdf,
HON'BLE MR. JUSTICE J.B. PARDIWALA,SUPREME_COURT,2026,C.A. No.-009775-009775 - 2026,IJM CORPORATION BERHADVSM/S LAKSHMI SAI CONSTRUCTIONS COMPANY,National,Principal,,,COMPLETED,41624/2022,K.PARAMESHWAR __,HON'BLE MR. JUSTICE K. VINOD CHANDRAN,2026-07-28,1669,https://api.sci.gov.in/supremecourt/2022/41624/41624_2022_6_32_72628_Judgement_28-Jul-2026.pdf,2026 INSC 777(English),https://api.sci.gov.in/supremecourt/2022/41624/41624_2022_6_32_72628_Judgement_28-Jul-2026.pdf,
HON'BLE MR. JUSTICE J.B. PARDIWALA,SUPREME_COURT,2026,MA-000748 - 2026,M SABITHAVSBRAHMA SWAMULU,National,Principal,,,COMPLETED,50782/2025,GOPAL JHA- 2306 __,HON'BLE MR. JUSTICE K. VINOD CHANDRAN,2026-07-13,558,https://api.sci.gov.in/supremecourt/2025/50782/50782_2025_6_12_72000_Judgement_13-Jul-2026.pdf,2026 INSC 704(English),https://api.sci.gov.in/supremecourt/2025/50782/50782_2025_6_12_72000_Judgement_13-Jul-2026.pdf,
HON'BLE MR. JUSTICE J.B. PARDIWALA,SUPREME_COURT,2026,C.A. No.-009774-009774 - 2026,CHITRAVSC. NATARAJAN,National,Principal,,,COMPLETED,51259/2025,CHITRANGDA RASTRAVARA- 3666 __,HON'BLE MR. JUSTICE J.B. PARDIWALA,2026-07-28,573,https://api.sci.gov.in/supremecourt/2025/51259/51259_2025_6_23_72628_Judgement_28-Jul-2026.pdf,2026 INSC 781(English),https://api.sci.gov.in/supremecourt/2025/51259/51259_2025_6_23_72628_Judgement_28-Jul-2026.pdf,
HON'BLE MR. JUSTICE J.B. PARDIWALA,SUPREME_COURT,2026,C.A. No.-009807-009807 - 2026,BISHEN PRASAD TIWARIVSSHEELA DEVI,National,Principal,,,COMPLETED,54967/2024,RAJEEV SINGH- 1626 __,HON'BLE MR. JUSTICE J.B. PARDIWALA,2026-07-17,928,https://api.sci.gov.in/supremecourt/2024/54967/54967_2024_6_48_72196_Judgement_17-Jul-2026.pdf,2026 INSC 760(English),https://api.sci.gov.in/supremecourt/2024/54967/54967_2024_6_48_72196_Judgement_17-Jul-2026.pdf,
HON'BLE MR. JUSTICE J.B. PARDIWALA,SUPREME_COURT,2026,SLP(Crl) No.-002951 - 2026,STATE OF RAJASTHANVSDEV KANT MEENA,National,Principal,,,COMPLETED,56448/2025,SAURABH RAJPAL- 3577 __,HON'BLE MR. JUSTICE J.B. PARDIWALA,2026-07-23,568,https://api.sci.gov.in/supremecourt/2025/56448/56448_2025_5_20_72303_Judgement_23-Jul-2026.pdf,2026 INSC 752(English),https://api.sci.gov.in/supremecourt/2025/56448/56448_2025_5_20_72303_Judgement_23-Jul-2026.pdf,
HON'BLE MR. JUSTICE J.B. PARDIWALA,SUPREME_COURT,2026,Crl.A. No.-003117-003117 - 2026,BRAJESH KUMAR @ BIRJESH KUMAR SINGHVSTHE STATE OF BIHAR,National,Principal,,,COMPLETED,69274/2025,NEERAJ SHEKHAR- 1635 __,HON'BLE MR. JUSTICE J.B. PARDIWALA,2026-07-13,558,https://api.sci.gov.in/supremecourt/2025/69274/69274_2025_6_1501_72000_Judgement_13-Jul-2026.pdf,2026 INSC 695(English),https://api.sci.gov.in/supremecourt/2025/69274/69274_2025_6_1501_72000_Judgement_13-Jul-2026.pdf,
HON'BLE MR. JUSTICE J.B. PARDIWALA,SUPREME_COURT,2026,C.A. No.-009836-009836 - 2026,"KIRTY AGARWALVSCHIEF OPERATING OFFICER,",National,Principal,,,COMPLETED,73983/2025,SHASHWAT SINGH- 3941 __,HON'BLE MR. JUSTICE J.B. PARDIWALA,2026-07-28,573,https://api.sci.gov.in/supremecourt/2025/73983/73983_2025_6_59_72628_Judgement_28-Jul-2026.pdf,2026 INSC 782(English),https://api.sci.gov.in/supremecourt/2025/73983/73983_2025_6_59_72628_Judgement_28-Jul-2026.pdf,
HON'BLE MR. JUSTICE J.B. PARDIWALA,SUPREME_COURT,2021,C.A. No.-000876 - 2021,SRINIVASA REDDY VELAGALAVSSRAVANTHI INFRATECH PVT. LTD.,National,Principal,,,COMPLETED,6443/2021,__,HON'BLE MR. JUSTICE J.B. PARDIWALA,2026-08-12,2049,https://api.sci.gov.in/supremecourt/2021/6443/6443_2021_6_1501_73194_Judgement_12-Aug-2026.pdf,2026 INSC 835(English),https://api.sci.gov.in/supremecourt/2021/6443/6443_2021_6_1501_73194_Judgement_12-Aug-2026.pdf,
HON'BLE MR. JUSTICE J.B. PARDIWALA,SUPREME_COURT,2026,C.A. No.-012042-012042 - 2026,PRADEEPVSJAGADISHWARI,National,Principal,,,COMPLETED,6877/2020,RAJESH GULAB INAMDAR- 3386 __,HON'BLE MR. JUSTICE J.B. PARDIWALA,2026-08-20,2423,https://api.sci.gov.in/supremecourt/2020/6877/6877_2020_6_18_73473_Judgement_20-Aug-2026.pdf,2026 INSC 921(English),https://api.sci.gov.in/supremecourt/2020/6877/6877_2020_6_18_73473_Judgement_20-Aug-2026.pdf,
HON'BLE MR. JUSTICE J.B. PARDIWALA,SUPREME_COURT,2026,C.A. No.-010899-010904 - 2026,NEO DEVELOPERS PRIVATE LIMITEDVSRAHUL BHARGAVA,National,Principal,,,COMPLETED,12262/2026,R. C. KOHLI- 571 __,HON'BLE MR. JUSTICE J.B. PARDIWALA,2026-08-11,222,https://api.sci.gov.in/supremecourt/2026/12262/12262_2026_5_36_73149_Judgement_11-Aug-2026.pdf,2026 INSC 875(English),https://api.sci.gov.in/supremecourt/2026/12262/12262_2026_5_36_73149_Judgement_11-Aug-2026.pdf,
HON'BLE MR. JUSTICE J.B. PARDIWALA,SUPREME_COURT,2026,Crl.A. No.-003566-003566 - 2026,MAHENDRA SINGHVSTHE STATE OF CHHATTISGARH,National,Principal,,,COMPLETED,13706/2026,JAYESH K. UNNIKRISHNAN- 2129 __,HON'BLE MR. JUSTICE K. VINOD CHANDRAN,2026-07-31,211,https://api.sci.gov.in/supremecourt/2026/13706/13706_2026_6_1501_72792_Judgement_31-Jul-2026.pdf,2026 INSC 775(English),https://api.sci.gov.in/supremecourt/2026/13706/13706_2026_6_1501_72792_Judgement_31-Jul-2026.pdf,
HON'BLE MR. JUSTICE J.B. PARDIWALA,SUPREME_COURT,2011,C.A. No.-007225-007225 - 2011,RAZIYA BEGUM VSNAFISA BEGUM ABDUL HAMID .,National,Principal,,,COMPLETED,13874/2010,ANAGHA S. DESAI- 1588 __ ARUN KUMAR BERIWAL,HON'BLE MR. JUSTICE K. VINOD CHANDRAN,2026-08-07,6062,https://api.sci.gov.in/supremecourt/2010/13874/13874_2010_6_1501_72907_Judgement_07-Aug-2026.pdf,2026 INSC 814(English),https://api.sci.gov.in/supremecourt/2010/13874/13874_2010_6_1501_72907_Judgement_07-Aug-2026.pdf,
HON'BLE MR. JUSTICE J.B. PARDIWALA,SUPREME_COURT,2024,SLP(C) No.-010320-010321 - 2024,KAVITHA KURUGANTIVSPEPSICO INDIA HOLDINGS PVT. LTD,National,Principal,,,COMPLETED,14439/2024,PUJA SHARMA- 1559 __,HON'BLE MR. JUSTICE J.B. PARDIWALA,2026-08-05,947,https://api.sci.gov.in/supremecourt/2024/14439/14439_2024_6_34_72905_Judgement_05-Aug-2026.pdf,2026 INSC 811(English),https://api.sci.gov.in/supremecourt/2024/14439/14439_2024_6_34_72905_Judgement_05-Aug-2026.pdf,
HON'BLE MR. JUSTICE J.B. PARDIWALA,SUPREME_COURT,2026,C.A. No.-010204-010214 - 2026,G SITA RAM CHANDERVSTUMMALA SURESH CHANDRA CHATTERJEE,National,Principal,,,COMPLETED,14630/2025,TARUN GUPTA- 1917 __,HON'BLE MR. JUSTICE J.B. PARDIWALA,2026-08-05,581,https://api.sci.gov.in/supremecourt/2025/14630/14630_2025_6_9_72905_Judgement_05-Aug-2026.pdf,2026 INSC 906(English),https://api.sci.gov.in/supremecourt/2025/14630/14630_2025_6_9_72905_Judgement_05-Aug-2026.pdf,
HON'BLE MR. JUSTICE J.B. PARDIWALA,SUPREME_COURT,2026,Crl.A. No.-003738-003738 - 2026,SANDEEP SHUKLAVSSTATE OF U.P.,National,Principal,,,COMPLETED,15006/2026,PALLAV MONGIA- 2469 __,HON'BLE MR. JUSTICE J.B. PARDIWALA,2026-08-05,216,https://api.sci.gov.in/supremecourt/2026/15006/15006_2026_6_24_72905_Judgement_05-Aug-2026.pdf,2026 INSC 817(English),https://api.sci.gov.in/supremecourt/2026/15006/15006_2026_6_24_72905_Judgement_05-Aug-2026.pdf,
HON'BLE MR. JUSTICE J.B. PARDIWALA,SUPREME_COURT,2020,Crl.A. No.-000076-000076 - 2020,TAHER VAJIYUDDIN RANGWALAVSTHE STATE OF GUJARAT,National,Principal,,,COMPLETED,19107/2016,MOHAMMAD ASLAM- 3269 __,HON'BLE MR. JUSTICE K. VINOD CHANDRAN,2026-08-13,3877,https://api.sci.gov.in/supremecourt/2016/19107/19107_2016_6_1501_73195_Judgement_13-Aug-2026.pdf,2026 INSC 859(English),https://api.sci.gov.in/supremecourt/2016/19107/19107_2016_6_1501_73195_Judgement_13-Aug-2026.pdf,
HON'BLE MR. JUSTICE J.B. PARDIWALA,SUPREME_COURT,2017,C.A. No.-010504-010506 - 2017,AUDI AUTOMOBILESVSCOMMISSIONER OF CENTRAL EXCISE AND SERVICE TAX INDORE,National,Principal,,,COMPLETED,19729/2017,CHARANYA LAKSHMIKUMARAN- 2735 __ GURMEET SINGH MAKKER- 2357,HON'BLE MR. JUSTICE K. VINOD CHANDRAN,2026-08-13,3511,https://api.sci.gov.in/supremecourt/2017/19729/19729_2017_6_1502_73195_Judgement_13-Aug-2026.pdf,2026 INSC 858(English),https://api.sci.gov.in/supremecourt/2017/19729/19729_2017_6_1502_73195_Judgement_13-Aug-2026.pdf,
HON'BLE MR. JUSTICE J.B. PARDIWALA,SUPREME_COURT,2026,Crl.A. No.-003639-003639 - 2026,ARJUN JANI @ TUNTUNVSSTATE OF ORISSA,National,Principal,,,COMPLETED,20736/2026,PRAGATI NEEKHRA- 1590 __,HON'BLE MR. JUSTICE K. VINOD CHANDRAN,2026-08-04,215,https://api.sci.gov.in/supremecourt/2026/20736/20736_2026_6_1501_72904_Judgement_04-Aug-2026.pdf,2026 INSC 802(English),https://api.sci.gov.in/supremecourt/2026/20736/20736_2026_6_1501_72904_Judgement_04-Aug-2026.pdf,
HON'BLE MR. JUSTICE J.B. PARDIWALA,SUPREME_COURT,2026,C.A. No.-010260-010260 - 2026,SHABU KN ACHARYVSDHARAMPAL PREMCHAND LIMITED,National,Principal,,,COMPLETED,21018/2026,ASHISH PANDEY- 3825 __,HON'BLE MR. JUSTICE J.B. PARDIWALA,2026-08-07,218,https://api.sci.gov.in/supremecourt/2026/21018/21018_2026_6_54_72907_Judgement_07-Aug-2026.pdf,2026 INSC 819(English),https://api.sci.gov.in/supremecourt/2026/21018/21018_2026_6_54_72907_Judgement_07-Aug-2026.pdf,
HON'BLE MR. JUSTICE J.B. PARDIWALA,SUPREME_COURT,2025,C.A. No.-007474 - 2025,HAFIZ RASHID AHMED CHOUDHURYVSKRIPANATH MALLAH,National,Principal,,,COMPLETED,23724/2025,__,HON'BLE MR. JUSTICE J.B. PARDIWALA,2026-08-24,600,https://api.sci.gov.in/supremecourt/2025/23724/23724_2025_6_1501_73718_Judgement_24-Aug-2026.pdf,2026 INSC 915(English),https://api.sci.gov.in/supremecourt/2025/23724/23724_2025_6_1501_73718_Judgement_24-Aug-2026.pdf,
HON'BLE MR. JUSTICE J.B. PARDIWALA,SUPREME_COURT,2026,C.A. No.-012020-012020 - 2026,MS TATA STEEL LIMITEDVSUNION OF INDIA THROUGH THE SECRETARY MINISTRY OF FINANCE,National,Principal,,,COMPLETED,28063/2026,SUHAAS RATNA JOSHI- 2113 __,HON'BLE MR. JUSTICE K. VINOD CHANDRAN,2026-08-25,236,https://api.sci.gov.in/supremecourt/2026/28063/28063_2026_6_1502_73760_Judgement_25-Aug-2026.pdf,2026 INSC 920(English),https://api.sci.gov.in/supremecourt/2026/28063/28063_2026_6_1502_73760_Judgement_25-Aug-2026.pdf,
HON'BLE MR. JUSTICE J.B. PARDIWALA,SUPREME_COURT,2013,C.A. No.-007947-007947 - 2013,"M/S TVS MOTOR COMPANY LIMITEDVSCOMMISSIONER OF CENTRAL EXCISE, CHENNAI-III",National,Principal,,,COMPLETED,29614/2012,R. PARTHASARATHY- 1523 __,HON'BLE MR. JUSTICE K. VINOD CHANDRAN,2026-08-19,5344,https://api.sci.gov.in/supremecourt/2012/29614/29614_2012_6_1502_73520_Judgement_19-Aug-2026.pdf,2026 INSC 892(English),https://api.sci.gov.in/supremecourt/2012/29614/29614_2012_6_1502_73520_Judgement_19-Aug-2026.pdf,
HON'BLE MR. JUSTICE J.B. PARDIWALA,SUPREME_COURT,2026,Crl.A. No.-003892-003892 - 2026,KANAD SAHAVSTHE STATE OF WEST BENGAL,National,Principal,,,COMPLETED,30018/2026,SUNIL KUMAR SHARMA- 3028 __,HON'BLE MR. JUSTICE J.B. PARDIWALA,2026-08-17,228,https://api.sci.gov.in/supremecourt/2026/30018/30018_2026_6_50_73391_Judgement_17-Aug-2026.pdf,2026 INSC 877(English),https://api.sci.gov.in/supremecourt/2026/30018/30018_2026_6_50_73391_Judgement_17-Aug-2026.pdf,
HON'BLE MR. JUSTICE J.B. PARDIWALA,SUPREME_COURT,2024,C.A. No.-007838-007838 - 2024,SINGAPOGU BABU RAOVSSPECIAL DEPUTY COLLECTOR (LAND ACQUISITION),National,Principal,,,COMPLETED,33284/2022,GAICHANGPOU GANGMEI- 2521 __,HON'BLE MR. JUSTICE J.B. PARDIWALA,2026-08-19,1691,https://api.sci.gov.in/supremecourt/2022/33284/33284_2022_6_1501_73520_Judgement_19-Aug-2026.pdf,2026 INSC 888(English),https://api.sci.gov.in/supremecourt/2022/33284/33284_2022_6_1501_73520_Judgement_19-Aug-2026.pdf,
HON'BLE MR. JUSTICE J.B. PARDIWALA,SUPREME_COURT,2026,C.A. No.-010750-010750 - 2026,M/S INDO ENGINEERING WORKSVSRASHTRIYA ISPAT NIGAM LIMITED (RINL),National,Principal,,,COMPLETED,34210/2026,SWATI SURBHI- 4295 __,HON'BLE MR. JUSTICE J.B. PARDIWALA,2026-08-13,224,https://api.sci.gov.in/supremecourt/2026/34210/34210_2026_6_29_73295_Judgement_13-Aug-2026.pdf,2026 INSC 874(English),https://api.sci.gov.in/supremecourt/2026/34210/34210_2026_6_29_73295_Judgement_13-Aug-2026.pdf,
HON'BLE MR. JUSTICE J.B. PARDIWALA,SUPREME_COURT,2026,C.A. No.-010658-010658 - 2026,MAGEBA BRIDGE PRODUCTS PRIVATE LIMITEDVSM/S. TRADE CENTRE,National,Principal,,,COMPLETED,37012/2025,DHANANJAY BAIJAL- 2906 __,HON'BLE MR. JUSTICE K. VINOD CHANDRAN,2026-08-12,588,https://api.sci.gov.in/supremecourt/2025/37012/37012_2025_6_1502_73194_Judgement_12-Aug-2026.pdf,2026 INSC 839(English),https://api.sci.gov.in/supremecourt/2025/37012/37012_2025_6_1502_73194_Judgement_12-Aug-2026.pdf,
HON'BLE MR. JUSTICE J.B. PARDIWALA,SUPREME_COURT,2026,MA-002278 - 2026,M/S VIMLA FUELS AND METALS LIMITEDVSSTATE OF GUJARAT,National,Principal,,,COMPLETED,37602/2026,SABARISH SUBRAMANIAN- 2864 __,HON'BLE MR. JUSTICE J.B. PARDIWALA,2026-07-31,211,https://api.sci.gov.in/supremecourt/2026/37602/37602_2026_6_5_72792_Judgement_31-Jul-2026.pdf,2026 INSC 800(English),https://api.sci.gov.in/supremecourt/2026/37602/37602_2026_6_5_72792_Judgement_31-Jul-2026.pdf,
HON'BLE MR. JUSTICE J.B. PARDIWALA,SUPREME_COURT,2017,C.A. No.-000699-000699 - 2017,M/S. CIRCAR PAPER MILLS LIMITEDVSDISTRICT COLLECTOR NELLORE DISTT. .,National,Principal,,,COMPLETED,37818/2010,SUDHA GUPTA- 1234 __ GUNTUR PRABHAKAR- 212,HON'BLE MR. JUSTICE K. VINOD CHANDRAN,2026-08-25,6080,https://api.sci.gov.in/supremecourt/2010/37818/37818_2010_6_1501_73760_Judgement_25-Aug-2026.pdf,2026 INSC 924(English),https://api.sci.gov.in/supremecourt/2010/37818/37818_2010_6_1501_73760_Judgement_25-Aug-2026.pdf,
HON'BLE MR. JUSTICE J.B. PARDIWALA,SUPREME_COURT,2013,C.A. No.-009169-009170 - 2013,PUNJAB WAKF BOARDVSDIRECTOR RURAL DEVELOPMENT AND PANCHAYATS,National,Principal,,,COMPLETED,38061/2010,EQUITY LEX ASSOCIATES- 1449 __,HON'BLE MR. JUSTICE J.B. PARDIWALA,2026-08-19,6074,https://api.sci.gov.in/supremecourt/2010/38061/38061_2010_6_104_73520_Judgement_19-Aug-2026.pdf,2026 INSC 930(English),https://api.sci.gov.in/supremecourt/2010/38061/38061_2010_6_104_73520_Judgement_19-Aug-2026.pdf,
HON'BLE MR. JUSTICE J.B. PARDIWALA,SUPREME_COURT,2025,Crl.A. No.-004849-004849 - 2025,JUPUDI SURESHVSTHE STATE OF ANDHRA PRADESH,National,Principal,,,COMPLETED,39153/2025,RAJ KISHOR CHOUDHARY- 2212 __ GUNTUR PRAMOD KUMAR- 2788,HON'BLE MR. JUSTICE K. VINOD CHANDRAN,2026-08-11,587,https://api.sci.gov.in/supremecourt/2025/39153/39153_2025_5_1502_73149_Judgement_11-Aug-2026.pdf,2026 INSC 832(English),https://api.sci.gov.in/supremecourt/2025/39153/39153_2025_5_1502_73149_Judgement_11-Aug-2026.pdf,
HON'BLE MR. JUSTICE J.B. PARDIWALA,SUPREME_COURT,2026,C.A. No.-011194-011194 - 2026,N ASHA DEVIVSR ARAVIND KUMAR,National,Principal,,,COMPLETED,40163/2025,T. HARISH KUMAR- 1418 __,HON'BLE MR. JUSTICE J.B. PARDIWALA,2026-08-17,593,https://api.sci.gov.in/supremecourt/2025/40163/40163_2025_6_34_73391_Judgement_17-Aug-2026.pdf,2026 INSC 908(English),https://api.sci.gov.in/supremecourt/2025/40163/40163_2025_6_34_73391_Judgement_17-Aug-2026.pdf,
HON'BLE MR. JUSTICE J.B. PARDIWALA,SUPREME_COURT,2025,SLP(C) No.-024550 - 2025,M/S GOODLUCK INDIA LIMITEDVSUNION OF INDIA,National,Principal,,,COMPLETED,40513/2025,SHUBHAM SINGH- 3485 __,HON'BLE MR. JUSTICE J.B. PARDIWALA,2026-08-06,582,https://api.sci.gov.in/supremecourt/2025/40513/40513_2025_6_28_72906_Judgement_06-Aug-2026.pdf,2026 INSC 821(English),https://api.sci.gov.in/supremecourt/2025/40513/40513_2025_6_28_72906_Judgement_06-Aug-2026.pdf,
HON'BLE MR. JUSTICE J.B. PARDIWALA,SUPREME_COURT,2026,Crl.A. No.-003807-003807 - 2026,LILLY GOYALVSSTATE OF HIMACHAL PRADESH,National,Principal,,,COMPLETED,40814/2026,RADHIKA GAUTAM- 2287 __,HON'BLE MR. JUSTICE J.B. PARDIWALA,2026-08-11,222,https://api.sci.gov.in/supremecourt/2026/40814/40814_2026_5_39_73149_Judgement_11-Aug-2026.pdf,2026 INSC 856(English),https://api.sci.gov.in/supremecourt/2026/40814/40814_2026_5_39_73149_Judgement_11-Aug-2026.pdf,
HON'BLE MR. JUSTICE J.B. PARDIWALA,SUPREME_COURT,2026,Crl.A. No.-004090-004091 - 2026,UMMED DEVIVSTHE STATE OF RAJASTHAN,National,Principal,,,COMPLETED,42673/2026,SUMIT TETERRWAL- 2555 __,HON'BLE MR. JUSTICE J.B. PARDIWALA,2026-08-25,236,https://api.sci.gov.in/supremecourt/2026/42673/42673_2026_6_45_73760_Judgement_25-Aug-2026.pdf,2026 INSC 931(English),https://api.sci.gov.in/supremecourt/2026/42673/42673_2026_6_45_73760_Judgement_25-Aug-2026.pdf,
HON'BLE MR. JUSTICE J.B. PARDIWALA,SUPREME_COURT,2026,Crl.A. No.-003979-003979 - 2026,SHIV PRATAP SINGH ALIAS CHINUVSSTATE OF U.P,National,Principal,,,COMPLETED,46940/2025,VIKASH CHANDRA SHUKLA- 3139 __,HON'BLE MR. JUSTICE K. VINOD CHANDRAN,2026-08-20,596,https://api.sci.gov.in/supremecourt/2025/46940/46940_2025_6_1501_73521_Judgement_20-Aug-2026.pdf,2026 INSC 894(English),https://api.sci.gov.in/supremecourt/2025/46940/46940_2025_6_1501_73521_Judgement_20-Aug-2026.pdf,
HON'BLE MR. JUSTICE J.B. PARDIWALA,SUPREME_COURT,2026,C.A. No.-010569-010569 - 2026,BASUDEVVSSANJAY KUMAR,National,Principal,,,COMPLETED,52426/2024,VINOD SHARMA- 2369 __,HON'BLE MR. JUSTICE K. VINOD CHANDRAN,2026-08-11,953,https://api.sci.gov.in/supremecourt/2024/52426/52426_2024_5_1501_73149_Judgement_11-Aug-2026.pdf,2026 INSC 831(English),https://api.sci.gov.in/supremecourt/2024/52426/52426_2024_5_1501_73149_Judgement_11-Aug-2026.pdf,
HON'BLE MR. JUSTICE J.B. PARDIWALA,SUPREME_COURT,2026,Crl.A. No.-003893-003893 - 2026,ILABENVSTHE STATE OF GUJARAT,National,Principal,,,COMPLETED,60428/2025,NEERAJ KUMAR GUPTA- 2097 __,HON'BLE MR. JUSTICE J.B. PARDIWALA,2026-08-17,593,https://api.sci.gov.in/supremecourt/2025/60428/60428_2025_6_35_73391_Judgement_17-Aug-2026.pdf,2026 INSC 879(English),https://api.sci.gov.in/supremecourt/2025/60428/60428_2025_6_35_73391_Judgement_17-Aug-2026.pdf,
HON'BLE MR. JUSTICE J.B. PARDIWALA,SUPREME_COURT,2026,Crl.A. No.-004183-004183 - 2026,R MANIMARANVSSTATE OF TAMIL NADU,National,Principal,,,COMPLETED,61757/2025,A VELAN- 3181 __,HON'BLE MR. JUSTICE J.B. PARDIWALA,2026-08-24,600,https://api.sci.gov.in/supremecourt/2025/61757/61757_2025_6_18_73718_Judgement_24-Aug-2026.pdf,2026 INSC 946(English),https://api.sci.gov.in/supremecourt/2025/61757/61757_2025_6_18_73718_Judgement_24-Aug-2026.pdf,
HON'BLE MR. JUSTICE J.B. PARDIWALA,SUPREME_COURT,2026,CONMT.PET.(C) No.-000251 - 2026,ASHOK KUMAR TIWARIVSVIVEK KUMAR CHATURVEDI,National,Principal,,,COMPLETED,72089/2025,RAJEEV KUMAR DUBEY- 4196 __,HON'BLE MR. JUSTICE K. VINOD CHANDRAN,2026-08-07,583,https://api.sci.gov.in/supremecourt/2025/72089/72089_2025_6_56_72907_Judgement_07-Aug-2026.pdf,2026 INSC 818(English),https://api.sci.gov.in/supremecourt/2025/72089/72089_2025_6_56_72907_Judgement_07-Aug-2026.pdf,
HON'BLE MR. JUSTICE J.B. PARDIWALA,SUPREME_COURT,2026,C.A. No.-012041-012041 - 2026,HARINDER SINGH SODHIVSSTATE OF RAJASTHAN,National,Principal,,,COMPLETED,72233/2025,BHARGAVA V. DESAI- 97 __,HON'BLE MR. JUSTICE J.B. PARDIWALA,2026-08-24,600,https://api.sci.gov.in/supremecourt/2025/72233/72233_2025_6_19_73718_Judgement_24-Aug-2026.pdf,2026 INSC 922(English),https://api.sci.gov.in/supremecourt/2025/72233/72233_2025_6_19_73718_Judgement_24-Aug-2026.pdf,
HON'BLE MR. JUSTICE J.B. PARDIWALA,SUPREME_COURT,2026,SLP(Crl) No.-003418 - 2026,SUBHAS CHANDRA SARKARVSTHE STATE OF WEST BENGAL,National,Principal,,,COMPLETED,7576/2026,PETITIONER-IN-PERSON __,HON'BLE MR. JUSTICE J.B. PARDIWALA,2026-09-22,264,https://api.sci.gov.in/supremecourt/2026/7576/7576_2026_6_56_74482_Judgement_22-Sep-2026.pdf,2026 INSC 1052(English),https://api.sci.gov.in/supremecourt/2026/7576/7576_2026_6_56_74482_Judgement_22-Sep-2026.pdf,
HON'BLE MR. JUSTICE J.B. PARDIWALA,SUPREME_COURT,2017,Crl.A. No.-001434-001438 - 2017,DHRUB SINGH ETCVSTHE STATE OF BIHAR,National,Principal,,,COMPLETED,13308/2016,__,HON'BLE MR. JUSTICE K. VINOD CHANDRAN,2026-09-01,3896,https://api.sci.gov.in/supremecourt/2016/13308/13308_2016_6_1501_73866_Judgement_01-Sep-2026.pdf,2026 INSC 935(English),https://api.sci.gov.in/supremecourt/2016/13308/13308_2016_6_1501_73866_Judgement_01-Sep-2026.pdf,
HON'BLE MR. JUSTICE J.B. PARDIWALA,SUPREME_COURT,2026,Crl.A. No.-004250-004250 - 2026,SANOFI INDIA LTD.VSCENTRAL BUREAU OF INVESTIGATION,National,Principal,,,COMPLETED,13349/2019,MAYANK PANDEY- 2297 __ MUKESH KUMAR MARORIA- 2324,HON'BLE MR. JUSTICE J.B. PARDIWALA,2026-09-07,2806,https://api.sci.gov.in/supremecourt/2019/13349/13349_2019_6_1502_74010_Judgement_07-Sep-2026.pdf,2026 INSC 957(English),https://api.sci.gov.in/supremecourt/2019/13349/13349_2019_6_1502_74010_Judgement_07-Sep-2026.pdf,
HON'BLE MR. JUSTICE J.B. PARDIWALA,SUPREME_COURT,2026,C.A. No.-004473 - 2026,ONE CITY INFRASTRUCTURE PRIVATE LIMITEDVSGHAZIABAD DEVELOPMENT AUTHORITY,National,Principal,,,COMPLETED,15831/2026,ANUJA PETHIA- 3335 __,HON'BLE MR. JUSTICE J.B. PARDIWALA,2026-08-31,242,https://api.sci.gov.in/supremecourt/2026/15831/15831_2026_5_57_73815_Judgement_31-Aug-2026.pdf,2026 INSC 962(English),https://api.sci.gov.in/supremecourt/2026/15831/15831_2026_5_57_73815_Judgement_31-Aug-2026.pdf,
HON'BLE MR. JUSTICE J.B. PARDIWALA,SUPREME_COURT,2026,C.A. No.-013057-013057 - 2026,NEW OKHLA INDUSTRIAL DEVELOPMENT AUTHORITYVSRAJVEER SINGH,National,Principal,,,COMPLETED,18650/2025,__,HON'BLE MR. JUSTICE K. VINOD CHANDRAN,2026-09-21,628,https://api.sci.gov.in/supremecourt/2025/18650/18650_2025_6_1501_74468_Judgement_21-Sep-2026.pdf,2026 INSC 1026(English),https://api.sci.gov.in/supremecourt/2025/18650/18650_2025_6_1501_74468_Judgement_21-Sep-2026.pdf,
HON'BLE MR. JUSTICE J.B. PARDIWALA,SUPREME_COURT,2024,Crl.A. No.-001882-001882 - 2024,KHANINDRA KR. DUTTAVSCENTRAL BUREAU OF INVESTIGATION,National,Principal,,,COMPLETED,21527/2018,ROHIT KUMAR-I- 3594 __ SHREEKANT NEELAPPA TERDAL- 909,HON'BLE MR. JUSTICE J.B. PARDIWALA,2026-09-08,3172,https://api.sci.gov.in/supremecourt/2018/21527/21527_2018_6_1502_74043_Judgement_08-Sep-2026.pdf,2026 INSC 970(English),https://api.sci.gov.in/supremecourt/2018/21527/21527_2018_6_1502_74043_Judgement_08-Sep-2026.pdf,
HON'BLE MR. JUSTICE J.B. PARDIWALA,SUPREME_COURT,2019,W.P.(C) No.-000893 - 2019,M/S. BALAJI FORMALIN PVT. LTD. THROUGH DIRECTORVSUNION OF INDIA,National,Principal,,,COMPLETED,23599/2019,__,HON'BLE MR. JUSTICE J.B. PARDIWALA,2026-09-18,2817,https://api.sci.gov.in/supremecourt/2019/23599/23599_2019_5_1501_74390_Judgement_18-Sep-2026.pdf,2026 INSC 1009(English),https://api.sci.gov.in/supremecourt/2019/23599/23599_2019_5_1501_74390_Judgement_18-Sep-2026.pdf,
HON'BLE MR. JUSTICE J.B. PARDIWALA,SUPREME_COURT,2026,C.A. No.-012945-012945 - 2026,SOBARAN SINGH (DEAD) THROUGH LRS. SHANTI DEVI (DEAD)VSGORDHAN SINGH (DEAD) THR. LRS.,National,Principal,,,COMPLETED,27363/2016,SMARHAR SINGH- 2386 __,HON'BLE MR. JUSTICE J.B. PARDIWALA,2026-09-15,3910,https://api.sci.gov.in/supremecourt/2016/27363/27363_2016_5_48_74250_Judgement_15-Sep-2026.pdf,2026 INSC 1005(English),https://api.sci.gov.in/supremecourt/2016/27363/27363_2016_5_48_74250_Judgement_15-Sep-2026.pdf,
HON'BLE MR. JUSTICE J.B. PARDIWALA,SUPREME_COURT,2024,C.A. No.-007367 - 2024,M/S. PUNAHCHAKRAN PRIVATE LIMITEDVSINDOTECH WASTE SOLUTION,National,Principal,,,COMPLETED,30260/2024,SAURABH RAJPAL- 3577 __,HON'BLE MR. JUSTICE J.B. PARDIWALA,2026-09-07,980,https://api.sci.gov.in/supremecourt/2024/30260/30260_2024_6_1501_74010_Judgement_07-Sep-2026.pdf,2026 INSC 956(English),https://api.sci.gov.in/supremecourt/2024/30260/30260_2024_6_1501_74010_Judgement_07-Sep-2026.pdf,
HON'BLE MR. JUSTICE J.B. PARDIWALA,SUPREME_COURT,2023,C.A. No.-007724 - 2023,M/S KERALA INDUSTRIAL INFRASTRUCTURE DEVELOPMENT CORPORATIONVSCENTRAL BOARD OF TRUSTEES,National,Principal,,,COMPLETED,31624/2023,P. S. SUDHEER- 1603 __,HON'BLE MR. JUSTICE K. VINOD CHANDRAN,2026-09-09,1347,https://api.sci.gov.in/supremecourt/2023/31624/31624_2023_6_34_74153_Judgement_09-Sep-2026.pdf,2026 INSC 990(English),https://api.sci.gov.in/supremecourt/2023/31624/31624_2023_6_34_74153_Judgement_09-Sep-2026.pdf,
HON'BLE MR. JUSTICE J.B. PARDIWALA,SUPREME_COURT,2026,C.A. No.-012478-012478 - 2026,BOHAR SINGHVSSARDARA SINGH,National,Principal,,,COMPLETED,33125/2026,GOLDY GOYAL- 3680 __,HON'BLE MR. JUSTICE J.B. PARDIWALA,2026-08-31,242,https://api.sci.gov.in/supremecourt/2026/33125/33125_2026_5_43_73815_Judgement_31-Aug-2026.pdf,2026 INSC 961(English),https://api.sci.gov.in/supremecourt/2026/33125/33125_2026_5_43_73815_Judgement_31-Aug-2026.pdf,
HON'BLE MR. JUSTICE J.B. PARDIWALA,SUPREME_COURT,2026,Crl.A. No.-004344-004344 - 2026,KUNAL RAMESHBHAI KALYANIVSSTATE OF GUJARAT,National,Principal,,,COMPLETED,34380/2026,LOKESH KUMAR CHOUDHARY- 2704 __,HON'BLE MR. JUSTICE K. VINOD CHANDRAN,2026-09-07,249,https://api.sci.gov.in/supremecourt/2026/34380/34380_2026_6_48_74010_Judgement_07-Sep-2026.pdf,2026 INSC 987(English),https://api.sci.gov.in/supremecourt/2026/34380/34380_2026_6_48_74010_Judgement_07-Sep-2026.pdf,
HON'BLE MR. JUSTICE J.B. PARDIWALA,SUPREME_COURT,2026,SLP(Crl) No.-014611 - 2026,SURENDER KUMARVSSTATE OF HARYANA,National,Principal,,,COMPLETED,34888/2026,SIDDHARTH JAIN- 3712 __,HON'BLE MR. JUSTICE J.B. PARDIWALA,2026-09-08,250,https://api.sci.gov.in/supremecourt/2026/34888/34888_2026_6_26_74043_Judgement_08-Sep-2026.pdf,2026 INSC 1006(English),https://api.sci.gov.in/supremecourt/2026/34888/34888_2026_6_26_74043_Judgement_08-Sep-2026.pdf,
HON'BLE MR. JUSTICE J.B. PARDIWALA,SUPREME_COURT,2022,Crl.A. No.-001303-001305 - 2022,SANTOSH SINGHVSTHE STATE OF MADHYA PRADESH,National,Principal,,,COMPLETED,35552/2014,__ C. D. SINGH,HON'BLE MR. JUSTICE J.B. PARDIWALA,2026-09-08,4633,https://api.sci.gov.in/supremecourt/2014/35552/35552_2014_6_1501_74043_Judgement_08-Sep-2026.pdf,2026 INSC 972(English),https://api.sci.gov.in/supremecourt/2014/35552/35552_2014_6_1501_74043_Judgement_08-Sep-2026.pdf,
HON'BLE MR. JUSTICE J.B. PARDIWALA,SUPREME_COURT,2025,MA-001177 - 2025,3S AND OUR HEALTH SOCIETYVSUNION OF INDIA,National,Principal,,,COMPLETED,35988/2025,__,HON'BLE MR. JUSTICE J.B. PARDIWALA,2026-09-10,617,https://api.sci.gov.in/supremecourt/2025/35988/35988_2025_6_30_74154_Judgement_10-Sep-2026.pdf,2026 INSC 988(English),https://api.sci.gov.in/supremecourt/2025/35988/35988_2025_6_30_74154_Judgement_10-Sep-2026.pdf,
HON'BLE MR. JUSTICE J.B. PARDIWALA,SUPREME_COURT,2026,C.A. No.-012587-012587 - 2026,MANAV BHANOTVSNATIONAL HIGHWAY AUTHORITY OF INDIA,National,Principal,,,COMPLETED,36524/2024,ABHIJEET SHRIVASTAVA- 3627 __,HON'BLE MR. JUSTICE J.B. PARDIWALA,2026-09-08,981,https://api.sci.gov.in/supremecourt/2024/36524/36524_2024_6_1504_74043_Judgement_08-Sep-2026.pdf,2026 INSC 973(English),https://api.sci.gov.in/supremecourt/2024/36524/36524_2024_6_1504_74043_Judgement_08-Sep-2026.pdf,
HON'BLE MR. JUSTICE J.B. PARDIWALA,SUPREME_COURT,2022,Crl.A. No.-001223-001223 - 2022,ASHOK UPADHYAYVSTHE STATE OF BIHAR,National,Principal,,,COMPLETED,41844/2018,DIVYA ROY- 1820 __,HON'BLE MR. JUSTICE J.B. PARDIWALA,2026-09-08,3172,https://api.sci.gov.in/supremecourt/2018/41844/41844_2018_6_1503_74043_Judgement_08-Sep-2026.pdf,2026 INSC 971(English),https://api.sci.gov.in/supremecourt/2018/41844/41844_2018_6_1503_74043_Judgement_08-Sep-2026.pdf,
HON'BLE MR. JUSTICE J.B. PARDIWALA,SUPREME_COURT,2026,C.A. No.-013015-013015 - 2026,ARTH MICRO FINANCE PRIVATE LTD.VSSHIVALIK SMALL FINANCE BANK LTD.,National,Principal,,,COMPLETED,46235/2026,PRIYANSHU UPADHYAY- 3734 __,HON'BLE MR. JUSTICE K. VINOD CHANDRAN,2026-09-17,259,https://api.sci.gov.in/supremecourt/2026/46235/46235_2026_5_30_74303_Judgement_17-Sep-2026.pdf,2026 INSC 1014(English),https://api.sci.gov.in/supremecourt/2026/46235/46235_2026_5_30_74303_Judgement_17-Sep-2026.pdf,
HON'BLE MR. JUSTICE J.B. PARDIWALA,SUPREME_COURT,2026,C.A. No.-012517-012517 - 2026,M/S STL NETWORKS LIMITEDVSCASPIAN INDIA ENGICON PVT. LTD.,National,Principal,,,COMPLETED,46688/2026,DUA ASSOCIATES- 1537 __,HON'BLE MR. JUSTICE J.B. PARDIWALA,2026-09-07,249,https://api.sci.gov.in/supremecourt/2026/46688/46688_2026_6_12_74010_Judgement_07-Sep-2026.pdf,2026 INSC 969(English),https://api.sci.gov.in/supremecourt/2026/46688/46688_2026_6_12_74010_Judgement_07-Sep-2026.pdf,
HON'BLE MR. JUSTICE J.B. PARDIWALA,SUPREME_COURT,2026,Crl.A. No.-004618-004618 - 2026,CENTRAL BUREAU OF INVESTIGATIONVSANIL DIXIT,National,Principal,,,COMPLETED,47769/2026,SHREEKANT NEELAPPA TERDAL- 909 __,HON'BLE MR. JUSTICE K. VINOD CHANDRAN,2026-09-25,267,https://api.sci.gov.in/supremecourt/2026/47769/47769_2026_6_45_74667_Judgement_25-Sep-2026.pdf,2026 INSC 1064(English),https://api.sci.gov.in/supremecourt/2026/47769/47769_2026_6_45_74667_Judgement_25-Sep-2026.pdf,
HON'BLE MR. JUSTICE J.B. PARDIWALA,SUPREME_COURT,2026,Crl.A. No.-002460-002460 - 2026,V. BALAKRISHNANVSSTATE REP BY THE DEPUTY SUPERINTENDENT OF POLICE,National,Principal,,,COMPLETED,47906/2025,M.P. PARTHIBAN- 2667 __,HON'BLE MR. JUSTICE K. VINOD CHANDRAN,2026-09-01,608,https://api.sci.gov.in/supremecourt/2025/47906/47906_2025_6_1502_73866_Judgement_01-Sep-2026.pdf,2026 INSC 936(English),https://api.sci.gov.in/supremecourt/2025/47906/47906_2025_6_1502_73866_Judgement_01-Sep-2026.pdf,
HON'BLE MR. JUSTICE J.B. PARDIWALA,SUPREME_COURT,2026,C.A. No.-003132 - 2026,"THE AUTHORISED REPRESENTATIVE FOR GRANITE GATE PROPERTIES PRIVATE LIMITED, MS. RAKESH VERMAVSM/S NEW OKHLA INDUSTRIAL DEVELOPMENT AUTHORITY",National,Principal,,,COMPLETED,49175/2025,GARIMA JAIN- 3230 __,HON'BLE MR. JUSTICE J.B. PARDIWALA,2026-09-03,610,https://api.sci.gov.in/supremecourt/2025/49175/49175_2025_6_1501_73956_Judgement_03-Sep-2026.pdf,2026 INSC 952(English),https://api.sci.gov.in/supremecourt/2025/49175/49175_2025_6_1501_73956_Judgement_03-Sep-2026.pdf,
HON'BLE MR. JUSTICE J.B. PARDIWALA,SUPREME_COURT,2025,Crl.A. No.-004512-004512 - 2025,KONDAPAKA SRIDHAR @SHEKAR @MADHU @GOPI @CHINNAVSTHE STATE OF TELANGANA,National,Principal,,,COMPLETED,49298/2025,KRISHNA KUMAR SINGH- 2265 __ DEVINA SEHGAL- 2691,HON'BLE MR. JUSTICE K. VINOD CHANDRAN,2026-09-03,610,https://api.sci.gov.in/supremecourt/2025/49298/49298_2025_6_1502_73956_Judgement_03-Sep-2026.pdf,2026 INSC 951(English),https://api.sci.gov.in/supremecourt/2025/49298/49298_2025_6_1502_73956_Judgement_03-Sep-2026.pdf,
HON'BLE MR. JUSTICE J.B. PARDIWALA,SUPREME_COURT,2024,C.A. No.-000025-000026 - 2024,SECURITIES AND EXCHANGE BOARD OF INDIAVSVEDANTA LIMITED,National,Principal,,,COMPLETED,50765/2023,K ASHAR & CO.- 2148 __,HON'BLE MR. JUSTICE J.B. PARDIWALA,2026-09-09,1347,https://api.sci.gov.in/supremecourt/2023/50765/50765_2023_6_1501_74065_Judgement_09-Sep-2026.pdf,2026 INSC 978(English),https://api.sci.gov.in/supremecourt/2023/50765/50765_2023_6_1501_74065_Judgement_09-Sep-2026.pdf,
HON'BLE MR. JUSTICE J.B. PARDIWALA,SUPREME_COURT,2024,C.A. No.-000031 - 2024,EDELWEISS CUSTODIAL SERVICES LIMITEDVSNSE CLEARING LTD.,National,Principal,,,COMPLETED,53501/2023,E. C. AGRAWALA- 177 __,HON'BLE MR. JUSTICE K. VINOD CHANDRAN,2026-09-02,1340,https://api.sci.gov.in/supremecourt/2023/53501/53501_2023_6_1501_73955_Judgement_02-Sep-2026.pdf,2026 INSC 941(English),https://api.sci.gov.in/supremecourt/2023/53501/53501_2023_6_1501_73955_Judgement_02-Sep-2026.pdf,
HON'BLE MR. JUSTICE J.B. PARDIWALA,SUPREME_COURT,2026,C.A. No.-013132-013132 - 2026,I.S.D.S. PRIVATE LIMITEDVSM/S KHEMKA FOOD PRODUCTS PVT. LTD,National,Principal,,,COMPLETED,60138/2025,VISHAL ARUN MISHRA- 3457 __,HON'BLE MR. JUSTICE K. VINOD CHANDRAN,2026-09-21,628,https://api.sci.gov.in/supremecourt/2025/60138/60138_2025_6_1502_74468_Judgement_21-Sep-2026.pdf,2026 INSC 1027(English),https://api.sci.gov.in/supremecourt/2025/60138/60138_2025_6_1502_74468_Judgement_21-Sep-2026.pdf,
HON'BLE MR. JUSTICE J.B. PARDIWALA,SUPREME_COURT,2026,Crl.A. No.-004542-004542 - 2026,"SANU VARGHESE,VSSHOUKKATHALI",National,Principal,,,COMPLETED,71897/2025,LAWFIC- 2843 __,HON'BLE MR. JUSTICE J.B. PARDIWALA,2026-09-22,629,https://api.sci.gov.in/supremecourt/2025/71897/71897_2025_6_30_74482_Judgement_22-Sep-2026.pdf,2026 INSC 1053(English),https://api.sci.gov.in/supremecourt/2025/71897/71897_2025_6_30_74482_Judgement_22-Sep-2026.pdf,
HON'BLE MR. JUSTICE J.B. PARDIWALA,SUPREME_COURT,2025,C.A. No.-013023 - 2025,M/S ASJ FNSOLUTIONS PVT. LTDVSVIKRAM BAJAJ,National,Principal,,,COMPLETED,13656/2025,EKTA CHOUDHARY- 3001 __,HON'BLE MR. JUSTICE K. VINOD CHANDRAN,2026-09-28,635,https://api.sci.gov.in/supremecourt/2025/13656/13656_2025_6_1501_74719_Judgement_28-Sep-2026.pdf,2026 INSC 1062(English),https://api.sci.gov.in/supremecourt/2025/13656/13656_2025_6_1501_74719_Judgement_28-Sep-2026.pdf,
HON'BLE MR. JUSTICE J.B. PARDIWALA,SUPREME_COURT,2026,Crl.A. No.-004666-004666 - 2026,SAURABH BAJAJVSSTATE OF CHHATTISGARH,National,Principal,,,COMPLETED,42593/2026,SHANTANU KUMAR- 2017 __,HON'BLE MR. JUSTICE J.B. PARDIWALA,2026-09-29,271,https://api.sci.gov.in/supremecourt/2026/42593/42593_2026_5_47_74742_Judgement_29-Sep-2026.pdf,2026 INSC 1076(English),https://api.sci.gov.in/supremecourt/2026/42593/42593_2026_5_47_74742_Judgement_29-Sep-2026.pdf,
HON'BLE MR. JUSTICE J.B. PARDIWALA,SUPREME_COURT,2026,C.A. No.-013255-013255 - 2026,BOMBAY GARAGE AHMEDABAD LIMITEDVSJ P ISCON PRIVATE LTD.,National,Principal,,,COMPLETED,45003/2024,YUGANDHARA PAWAR JHA- 2514 __,HON'BLE MR. JUSTICE K. VINOD CHANDRAN,2026-09-29,1002,https://api.sci.gov.in/supremecourt/2024/45003/45003_2024_5_1501_74742_Judgement_29-Sep-2026.pdf,2026 INSC 1066(English),https://api.sci.gov.in/supremecourt/2024/45003/45003_2024_5_1501_74742_Judgement_29-Sep-2026.pdf,
HON'BLE MR. JUSTICE J.B. PARDIWALA,SUPREME_COURT,2026,SMW(Crl) No.-000006-000006 - 2026,IN RE: RECENT RAPE INCIDENTS IN DELHI NCR,National,Principal,,,COMPLETED,60487/2026,BY COURTS MOTION __,HON'BLE MR. JUSTICE J.B. PARDIWALA,2026-09-28,270,https://api.sci.gov.in/supremecourt/2026/60487/60487_2026_6_805_74719_Judgement_28-Sep-2026.pdf,2026 INSC 1063(English),https://api.sci.gov.in/supremecourt/2026/60487/60487_2026_6_805_74719_Judgement_28-Sep-2026.pdf,
HON'BLE MR. JUSTICE DIPANKAR DATTA,SUPREME_COURT,2025,Crl.A. No.-004629-004629 - 2025,XXXXXXXVSSTATE OF KERALA,National,Principal,,,COMPLETED,8626/2025,VIKAS JAIN- 3085 __,HON'BLE MR. JUSTICE DIPANKAR DATTA,2026-01-27,391,https://api.sci.gov.in/supremecourt/2025/8626/8626_2025_7_1501_67795_Judgement_27-Jan-2026.pdf,2026 INSC 88(English),https://api.sci.gov.in/supremecourt/2025/8626/8626_2025_7_1501_67795_Judgement_27-Jan-2026.pdf,
HON'BLE MR. JUSTICE DIPANKAR DATTA,SUPREME_COURT,2026,C.A. No.-000304-000304 - 2026,AIRPORT AUTHORITY OF INDIAVSSHAM KRISHNA B,National,Principal,,,COMPLETED,17161/2020,M. V. KINI & ASSOCIATES- 1668 __,HON'BLE MR. JUSTICE M.M. SUNDRESH,2026-01-16,2207,https://api.sci.gov.in/supremecourt/2020/17161/17161_2020_8_1501_67489_Judgement_16-Jan-2026.pdf,2026 INSC 69(English),https://api.sci.gov.in/supremecourt/2020/17161/17161_2020_8_1501_67489_Judgement_16-Jan-2026.pdf,
HON'BLE MR. JUSTICE DIPANKAR DATTA,SUPREME_COURT,2026,C.A. No.-000295-000295 - 2026,MD. FIROZ MANSURIVSTHE STATE OF BIHAR,National,Principal,,,COMPLETED,21166/2025,SHEKHAR KUMAR- 1549 __,HON'BLE MR. JUSTICE M.M. SUNDRESH,2026-01-16,380,https://api.sci.gov.in/supremecourt/2025/21166/21166_2025_8_1502_67489_Judgement_16-Jan-2026.pdf,2026 INSC 68(English),https://api.sci.gov.in/supremecourt/2025/21166/21166_2025_8_1502_67489_Judgement_16-Jan-2026.pdf,
HON'BLE MR. JUSTICE DIPANKAR DATTA,SUPREME_COURT,2024,C.A. No.-008465-008466 - 2024,ANSAL CROWN HEIGHTS FLAT BUYERS ASSOCIATION (REGD.)VSM/S ANSAL CROWN INFRABUILD PVT. LTD.,National,Principal,,,COMPLETED,30127/2024,SAHIL TAGOTRA- 2520 __,HON'BLE MR. JUSTICE DIPANKAR DATTA,2026-01-12,742,https://api.sci.gov.in/supremecourt/2024/30127/30127_2024_7_1501_67362_Judgement_12-Jan-2026.pdf,2026 INSC 51(English),https://api.sci.gov.in/supremecourt/2024/30127/30127_2024_7_1501_67362_Judgement_12-Jan-2026.pdf,
HON'BLE MR. JUSTICE DIPANKAR DATTA,SUPREME_COURT,2022,C.A. No.-007187 - 2022,M/S. RHYTHM COUNTYVSTHE PRINCIPAL SECRETARY,National,Principal,,,COMPLETED,30735/2022,NIRNIMESH DUBE- 1684 __,HON'BLE MR. JUSTICE DIPANKAR DATTA,2026-01-30,1490,https://api.sci.gov.in/supremecourt/2022/30735/30735_2022_8_1501_67798_Judgement_30-Jan-2026.pdf,2026 INSC 102(English),https://api.sci.gov.in/supremecourt/2022/30735/30735_2022_8_1501_67798_Judgement_30-Jan-2026.pdf,
HON'BLE MR. JUSTICE DIPANKAR DATTA,SUPREME_COURT,2026,C.A. No.-000273-000273 - 2026,"RAJASTHAN PUBLIC SERVICE COMMISSION, AJMERVSYATI JAIN",National,Principal,,,COMPLETED,34571/2024,RAJESH SINGH CHAUHAN- 2213 __,HON'BLE MR. JUSTICE DIPANKAR DATTA,2026-01-15,745,https://api.sci.gov.in/supremecourt/2024/34571/34571_2024_8_1501_67450_Judgement_15-Jan-2026.pdf,2026 INSC 64(English),https://api.sci.gov.in/supremecourt/2024/34571/34571_2024_8_1501_67450_Judgement_15-Jan-2026.pdf,
HON'BLE MR. JUSTICE DIPANKAR DATTA,SUPREME_COURT,2020,C.A. No.-000929-000929 - 2020,BIHAR INDUSTRIAL AREA DEVELOPMENT AUTHORITY VSM/S SCOPE SALES PVT. LTD.,National,Principal,,,COMPLETED,41054/2014,ABHAY KUMAR- 1572 __,HON'BLE MR. JUSTICE DIPANKAR DATTA,2026-01-23,4405,https://api.sci.gov.in/supremecourt/2014/41054/41054_2014_7_1501_67704_Judgement_23-Jan-2026.pdf,2026 INSC 89(English),https://api.sci.gov.in/supremecourt/2014/41054/41054_2014_7_1501_67704_Judgement_23-Jan-2026.pdf,
HON'BLE MR. JUSTICE DIPANKAR DATTA,SUPREME_COURT,2025,W.P.(C) No.-001233-001233 - 2025,XVSO/O SPEAKER OF THE HOUSE OF THE PEOPLE,National,Principal,,,COMPLETED,71319/2025,VAIBHAV NITI- 3069 __,HON'BLE MR. JUSTICE DIPANKAR DATTA,2026-01-16,380,https://api.sci.gov.in/supremecourt/2025/71319/71319_2025_8_1503_67489_Judgement_16-Jan-2026.pdf,2026 INSC 65(English),https://api.sci.gov.in/supremecourt/2025/71319/71319_2025_8_1503_67489_Judgement_16-Jan-2026.pdf,
HON'BLE MR. JUSTICE DIPANKAR DATTA,SUPREME_COURT,2026,C.A. No.-003078-003078 - 2026,JIJI K.S.VSSHIBU. K,National,Principal,,,COMPLETED,11284/2021,MOHAMMED SADIQUE T.A.- 2225 __,HON'BLE MR. JUSTICE DIPANKAR DATTA,2026-02-27,1883,https://api.sci.gov.in/supremecourt/2021/11284/11284_2021_8_1501_68902_Judgement_27-Feb-2026.pdf,2026 INSC 207(English),https://api.sci.gov.in/supremecourt/2021/11284/11284_2021_8_1501_68902_Judgement_27-Feb-2026.pdf,
HON'BLE MR. JUSTICE DIPANKAR DATTA,SUPREME_COURT,2019,C.A. No.-006094-006094 - 2019,ICICI BANK LIMITEDVSERA INFRASTRUCTURE (INDIA) LIMITED,National,Principal,,,COMPLETED,24750/2019,KARUN MEHTA- 1972 __,HON'BLE MR. JUSTICE DIPANKAR DATTA,2026-02-26,2613,https://api.sci.gov.in/supremecourt/2019/24750/24750_2019_8_1501_69159_Judgement_26-Feb-2026.pdf,2026 INSC 201(English),https://api.sci.gov.in/supremecourt/2019/24750/24750_2019_8_1501_69159_Judgement_26-Feb-2026.pdf,
HON'BLE MR. JUSTICE DIPANKAR DATTA,SUPREME_COURT,2026,C.A. No.-000833-000833 - 2026,V. PATHMAVATHIVSBHARTHI AXA GENERAL INSURANCE CO. LTD.,National,Principal,,,COMPLETED,32248/2022,T. HARISH KUMAR- 1418 __,HON'BLE MR. JUSTICE DIPANKAR DATTA,2026-02-06,1497,https://api.sci.gov.in/supremecourt/2022/32248/32248_2022_7_1501_67924_Judgement_06-Feb-2026.pdf,2026 INSC 131(English),https://api.sci.gov.in/supremecourt/2022/32248/32248_2022_7_1501_67924_Judgement_06-Feb-2026.pdf,
HON'BLE MR. JUSTICE DIPANKAR DATTA,SUPREME_COURT,2026,C.A. No.-001558-001559 - 2026,"HEMLATA EKNATH PISEVSSHUBHAM BAHU UDDESHIYA SANSTHA, WADDHAMNA",National,Principal,,,COMPLETED,46914/2024,AMOL B. KARANDE- 2114 __,HON'BLE MR. JUSTICE DIPANKAR DATTA,2026-02-11,772,https://api.sci.gov.in/supremecourt/2024/46914/46914_2024_8_11_68323_Judgement_11-Feb-2026.pdf,2026 INSC 147(English),https://api.sci.gov.in/supremecourt/2024/46914/46914_2024_8_11_68323_Judgement_11-Feb-2026.pdf,
HON'BLE MR. JUSTICE DIPANKAR DATTA,SUPREME_COURT,2026,- 0,"STATE OF ODISHAVSMANAGING COMMITTEE OF NAMATARA GIRLS HIGH SCHOOL, NAMATARA",National,Principal,,,COMPLETED,54941/2025,SANJANA SADDY- 3231 __,HON'BLE MR. JUSTICE DIPANKAR DATTA,2026-02-09,404,https://api.sci.gov.in/supremecourt/2025/54941/54941_2025_6_3_68151_Judgement_09-Feb-2026.pdf,2026 INSC 148(English),https://api.sci.gov.in/supremecourt/2025/54941/54941_2025_6_3_68151_Judgement_09-Feb-2026.pdf,
HON'BLE MR. JUSTICE DIPANKAR DATTA,SUPREME_COURT,2013,C.A. No.-002609-002609 - 2013,SHARADA SANGHI VSASHA AGARWAL .,National,Principal,,,COMPLETED,1835/2011,B. SUNITA RAO- 995 __ NIDHI SHARMA- 3823,HON'BLE MR. JUSTICE DIPANKAR DATTA,2026-03-25,5562,https://api.sci.gov.in/supremecourt/2011/1835/1835_2011_8_1501_69622_Judgement_25-Mar-2026.pdf,2026 INSC 292(English),https://api.sci.gov.in/supremecourt/2011/1835/1835_2011_8_1501_69622_Judgement_25-Mar-2026.pdf,
HON'BLE MR. JUSTICE DIPANKAR DATTA,SUPREME_COURT,2013,Crl.A. No.-001105-001105 - 2013,RAJ BAHADUR SINGHVSSTATE OF UTTARAKHAND,National,Principal,,,COMPLETED,24246/2012,__ AKSHAT KUMAR- 2124,HON'BLE MR. JUSTICE DIPANKAR DATTA,2026-03-13,5185,https://api.sci.gov.in/supremecourt/2012/24246/24246_2012_8_1501_69452_Judgement_13-Mar-2026.pdf,2026 INSC 239(English),https://api.sci.gov.in/supremecourt/2012/24246/24246_2012_8_1501_69452_Judgement_13-Mar-2026.pdf,
HON'BLE MR. JUSTICE DIPANKAR DATTA,SUPREME_COURT,2026,Crl.A. No.-001450-001450 - 2026,BHOLA MAHTOVSTHE STATE OF JHARKHAND,National,Principal,,,COMPLETED,31539/2025,HARSH KAUSHIK- 2302 __,HON'BLE MR. JUSTICE DIPANKAR DATTA,2026-03-16,439,https://api.sci.gov.in/supremecourt/2025/31539/31539_2025_8_46_69323_Judgement_16-Mar-2026.pdf,2026 INSC 257(English),https://api.sci.gov.in/supremecourt/2025/31539/31539_2025_8_46_69323_Judgement_16-Mar-2026.pdf,
HON'BLE MR. JUSTICE DIPANKAR DATTA,SUPREME_COURT,2015,Crl.A. No.-000264-000264 - 2015,RAJENDRAVSSTATE OF UTTARAKHAND,National,Principal,,,COMPLETED,42142/2012,__ DINESH KUMAR GARG- 169,HON'BLE MR. JUSTICE DIPANKAR DATTA,2026-03-13,5185,https://api.sci.gov.in/supremecourt/2012/42142/42142_2012_8_1502_69452_Judgement_13-Mar-2026.pdf,2026 INSC 238(English),https://api.sci.gov.in/supremecourt/2012/42142/42142_2012_8_1502_69452_Judgement_13-Mar-2026.pdf,
HON'BLE MR. JUSTICE DIPANKAR DATTA,SUPREME_COURT,2026,C.A. No.-003619-003619 - 2026,UJAAS ENERGY LTD.VSWEST BENGAL POWER DEVELOPMENT CORPORATION LTD.,National,Principal,,,COMPLETED,46667/2024,NEHA MEHTA SATIJA- 3757 __,HON'BLE MR. JUSTICE DIPANKAR DATTA,2026-03-20,809,https://api.sci.gov.in/supremecourt/2024/46667/46667_2024_8_1501_69517_Judgement_20-Mar-2026.pdf,2026 INSC 268(English),https://api.sci.gov.in/supremecourt/2024/46667/46667_2024_8_1501_69517_Judgement_20-Mar-2026.pdf,
HON'BLE MR. JUSTICE DIPANKAR DATTA,SUPREME_COURT,2026,C.A. No.-004330-004330 - 2026,CHANNAPPA SINCE DECEASED REP BY HIS LRS.VSPARVATEWWA SINCE DECEASED BY HER LRS.,National,Principal,,,COMPLETED,993/2024,__,HON'BLE MR. JUSTICE DIPANKAR DATTA,2026-04-09,829,https://api.sci.gov.in/supremecourt/2024/993/993_2024_8_1501_69851_Judgement_09-Apr-2026.pdf,2026 INSC 343(English),https://api.sci.gov.in/supremecourt/2024/993/993_2024_8_1501_69851_Judgement_09-Apr-2026.pdf,
HON'BLE MR. JUSTICE DIPANKAR DATTA,SUPREME_COURT,2026,Crl.A. No.-001960-001961 - 2026,ANIL KUMARVSPRAVEEN,National,Principal,,,COMPLETED,9238/2025,ABHINAV GARG- 3946 __,HON'BLE MR. JUSTICE DIPANKAR DATTA,2026-04-13,467,https://api.sci.gov.in/supremecourt/2025/9238/9238_2025_8_46_70051_Judgement_13-Apr-2026.pdf,2026 INSC 452(English),https://api.sci.gov.in/supremecourt/2025/9238/9238_2025_8_46_70051_Judgement_13-Apr-2026.pdf,
HON'BLE MR. JUSTICE DIPANKAR DATTA,SUPREME_COURT,2026,C.A. No.-004150-004150 - 2026,"COMMISSIONER, DELHI POLICEVSUTTAM KUMAR",National,Principal,,,COMPLETED,10302/2026,MUKESH KUMAR MARORIA- 2324 __,HON'BLE MR. JUSTICE DIPANKAR DATTA,2026-04-02,91,https://api.sci.gov.in/supremecourt/2026/10302/10302_2026_8_15_69624_Judgement_02-Apr-2026.pdf,2026 INSC 314(English),https://api.sci.gov.in/supremecourt/2026/10302/10302_2026_8_15_69624_Judgement_02-Apr-2026.pdf,
HON'BLE MR. JUSTICE DIPANKAR DATTA,SUPREME_COURT,2026,C.A. No.-006909-006910 - 2026,BONATRANS INDIA (PVT.) LTD.VSBONATRANS EMPLOYEES UNION,National,Principal,,,COMPLETED,10921/2022,SHIVAJI M. JADHAV- 1117 __,HON'BLE MR. JUSTICE DIPANKAR DATTA,2026-04-29,1579,https://api.sci.gov.in/supremecourt/2022/10921/10921_2022_8_9_70633_Judgement_29-Apr-2026.pdf,2026 INSC 445(English),https://api.sci.gov.in/supremecourt/2022/10921/10921_2022_8_9_70633_Judgement_29-Apr-2026.pdf,
HON'BLE MR. JUSTICE DIPANKAR DATTA,SUPREME_COURT,2009,C.A. No.-006929-006930 - 2009,EX. SQN. LDR. R.SOODVSUNION OF INDIA MINISTRY OF DEFENCE THROUGH SECRETARY,National,Principal,,,COMPLETED,33468/2008,ABHA R. SHARMA- 1049 __,HON'BLE MR. JUSTICE DIPANKAR DATTA,2026-04-15,6679,https://api.sci.gov.in/supremecourt/2008/33468/33468_2008_8_1501_70121_Judgement_15-Apr-2026.pdf,2026 INSC 366(English),https://api.sci.gov.in/supremecourt/2008/33468/33468_2008_8_1501_70121_Judgement_15-Apr-2026.pdf,
HON'BLE MR. JUSTICE DIPANKAR DATTA,SUPREME_COURT,2025,SLP(C) No.-019540 - 2025,CHAITANYA BAHUUDDESHIYA SHIKSHAN PRASARAK MANDALVSAUXILO FINSERVE PVT. LTD,National,Principal,,,COMPLETED,34694/2025,ANAND DILIP LANDGE- 2739 __,HON'BLE MR. JUSTICE DIPANKAR DATTA,2026-04-22,476,https://api.sci.gov.in/supremecourt/2025/34694/34694_2025_8_34_70449_Judgement_22-Apr-2026.pdf,2026 INSC 408(English),https://api.sci.gov.in/supremecourt/2025/34694/34694_2025_8_34_70449_Judgement_22-Apr-2026.pdf,
HON'BLE MR. JUSTICE DIPANKAR DATTA,SUPREME_COURT,2026,C.A. No.-000847-000847 - 2026,PUNJAB AND SIND BANKVSRAJ KUMAR,National,Principal,,,COMPLETED,53027/2024,RAJESH KUMAR GAUTAM- 2540 __,HON'BLE MR. JUSTICE DIPANKAR DATTA,2026-04-02,822,https://api.sci.gov.in/supremecourt/2024/53027/53027_2024_8_1501_69624_Judgement_02-Apr-2026.pdf,2026 INSC 313(English),https://api.sci.gov.in/supremecourt/2024/53027/53027_2024_8_1501_69624_Judgement_02-Apr-2026.pdf,
HON'BLE MR. JUSTICE DIPANKAR DATTA,SUPREME_COURT,2026,Crl.A. No.-001749-001749 - 2026,JAY PRAKASH YADAVVSTHE STATE OF JHARKHAND,National,Principal,,,COMPLETED,53336/2025,AWANISH SINHA- 1671 __,HON'BLE MR. JUSTICE DIPANKAR DATTA,2026-04-06,460,https://api.sci.gov.in/supremecourt/2025/53336/53336_2025_8_1501_69774_Judgement_06-Apr-2026.pdf,2026 INSC 317(English),https://api.sci.gov.in/supremecourt/2025/53336/53336_2025_8_1501_69774_Judgement_06-Apr-2026.pdf,
HON'BLE MR. JUSTICE DIPANKAR DATTA,SUPREME_COURT,2026,Crl.A. No.-002787-002787 - 2026,NANDKISHORE MISHRAVSTHE STATE OF MADHYA PRADESH,National,Principal,,,COMPLETED,7162/2026,PRATHVI RAJ CHAUHAN- 3725 __,HON'BLE MR. JUSTICE DIPANKAR DATTA,2026-05-22,141,https://api.sci.gov.in/supremecourt/2026/7162/7162_2026_7_70_71442_Judgement_22-May-2026.pdf,2026 INSC 531(English),https://api.sci.gov.in/supremecourt/2026/7162/7162_2026_7_70_71442_Judgement_22-May-2026.pdf,
HON'BLE MR. JUSTICE DIPANKAR DATTA,SUPREME_COURT,2024,C.A. No.-004652-004659 - 2024,INDIAN RAILWAYSVSWEST BENGAL STATE ELECTRICITY DISTRIBUTION COMPANY LIMITED,National,Principal,,,COMPLETED,12396/2024,AMRISH KUMAR- 2986 __,HON'BLE MR. JUSTICE DIPANKAR DATTA,2026-05-08,858,https://api.sci.gov.in/supremecourt/2024/12396/12396_2024_8_1501_70932_Judgement_08-May-2026.pdf,2026 INSC 464(English),https://api.sci.gov.in/supremecourt/2024/12396/12396_2024_8_1501_70932_Judgement_08-May-2026.pdf,
HON'BLE MR. JUSTICE DIPANKAR DATTA,SUPREME_COURT,2025,C.A. No.-013121-013121 - 2025,STATE OF ODISHAVSSREEPATI RANJAN DASH,National,Principal,,,COMPLETED,13592/2024,AKSHAY AMRITANSHU- 3121 __,HON'BLE MR. JUSTICE DIPANKAR DATTA,2026-05-18,868,https://api.sci.gov.in/supremecourt/2024/13592/13592_2024_6_1501_71255_Judgement_18-May-2026.pdf,2026 INSC 505(English),https://api.sci.gov.in/supremecourt/2024/13592/13592_2024_6_1501_71255_Judgement_18-May-2026.pdf,
HON'BLE MR. JUSTICE DIPANKAR DATTA,SUPREME_COURT,2026,C.A. No.-008170-008173 - 2026,BENCY JOHNVSKERALA STATE ELECTRICITY BOARD LIMITED,National,Principal,,,COMPLETED,20692/2020,LAKSHMI N. KAIMAL- 2068 __,HON'BLE MR. JUSTICE DIPANKAR DATTA,2026-05-26,2337,https://api.sci.gov.in/supremecourt/2020/20692/20692_2020_8_1501_71563_Judgement_26-May-2026.pdf,2026 INSC 562(English),https://api.sci.gov.in/supremecourt/2020/20692/20692_2020_8_1501_71563_Judgement_26-May-2026.pdf,
HON'BLE MR. JUSTICE DIPANKAR DATTA,SUPREME_COURT,2026,C.A. No.-007056-007056 - 2026,NIGAM PRAKASH NARAINVSNATIONAL MEDICAL COMMISSION,National,Principal,,,COMPLETED,40190/2023,ROHINI PRASAD- 3083 __,HON'BLE MR. JUSTICE DIPANKAR DATTA,2026-05-06,1221,https://api.sci.gov.in/supremecourt/2023/40190/40190_2023_8_21_70878_Judgement_06-May-2026.pdf,2026 INSC 453(English),https://api.sci.gov.in/supremecourt/2023/40190/40190_2023_8_21_70878_Judgement_06-May-2026.pdf,
HON'BLE MR. JUSTICE DIPANKAR DATTA,SUPREME_COURT,2026,Crl.A. No.-002848-002848 - 2026,THE STATE OF TRIPURAVS PANNA AHMED,National,Principal,,,COMPLETED,42292/2024,SHUVODEEP ROY- 1672 __,HON'BLE MR. JUSTICE DIPANKAR DATTA,2026-05-26,876,https://api.sci.gov.in/supremecourt/2024/42292/42292_2024_8_1503_71563_Judgement_26-May-2026.pdf,2026 INSC 584(English),https://api.sci.gov.in/supremecourt/2024/42292/42292_2024_8_1503_71563_Judgement_26-May-2026.pdf,
HON'BLE MR. JUSTICE DIPANKAR DATTA,SUPREME_COURT,2026,R.P.(C) No.-009826 - 2026,STATE OF U.PVSANJUMAN ISHAAT-E-TALEEM TRUST,National,Principal,,,COMPLETED,53434/2025,ANKIT GOEL- 2442 __,HON'BLE MR. JUSTICE DIPANKAR DATTA,2026-05-29,513,https://api.sci.gov.in/supremecourt/2025/53434/53434_2025_7_1501_71637_Judgement_29-May-2026.pdf,2026 INSC 597(English),https://api.sci.gov.in/supremecourt/2025/53434/53434_2025_7_1501_71637_Judgement_29-May-2026.pdf,
HON'BLE MR. JUSTICE DIPANKAR DATTA,SUPREME_COURT,2026,MA-001666 - 2026,SATYA NARAYAN SHUKLAVSTHE STATE OF UTTAR PRADESH,National,Principal,,,COMPLETED,68849/2025,PETITIONER-IN-PERSON __,HON'BLE MR. JUSTICE DIPANKAR DATTA,2026-05-26,510,https://api.sci.gov.in/supremecourt/2025/68849/68849_2025_8_1502_71563_Judgement_26-May-2026.pdf,2026 INSC 583(English),https://api.sci.gov.in/supremecourt/2025/68849/68849_2025_8_1502_71563_Judgement_26-May-2026.pdf,
HON'BLE MR. JUSTICE DIPANKAR DATTA,SUPREME_COURT,2026,C.A. No.-001606-001606 - 2026,M.R. VASUMATHIVSTHE AUTHORIZED OFFICER,National,Principal,,,COMPLETED,22701/2020,S. THANANJAYAN- 1396 __,HON'BLE MR. JUSTICE DIPANKAR DATTA,2026-06-09,2351,https://api.sci.gov.in/supremecourt/2020/22701/22701_2020_7_1504_71830_Judgement_09-Jun-2026.pdf,2026 INSC 633(English),https://api.sci.gov.in/supremecourt/2020/22701/22701_2020_7_1504_71830_Judgement_09-Jun-2026.pdf,
HON'BLE MR. JUSTICE DIPANKAR DATTA,SUPREME_COURT,2026,Crl.A. No.-002372-002372 - 2026,RAKESH KUMAR GUPTAVSTHE STATE OF UTTAR PRADESH,National,Principal,,,COMPLETED,34738/2018,MUDIT SHARMA- 1890 __,HON'BLE MR. JUSTICE DIPANKAR DATTA,2026-06-09,3081,https://api.sci.gov.in/supremecourt/2018/34738/34738_2018_7_1501_71830_Judgement_09-Jun-2026.pdf,2026 INSC 632(English),https://api.sci.gov.in/supremecourt/2018/34738/34738_2018_7_1501_71830_Judgement_09-Jun-2026.pdf,
HON'BLE MR. JUSTICE DIPANKAR DATTA,SUPREME_COURT,2026,Crl.A. No.-003048-003048 - 2026,SEESA SANTHOSHVSTHE STATE OF TELANGANA,National,Principal,,,COMPLETED,62294/2025,KRISHNA KUMAR SINGH- 2265 __,HON'BLE MR. JUSTICE DIPANKAR DATTA,2026-06-04,519,https://api.sci.gov.in/supremecourt/2025/62294/62294_2025_4_1501_71803_Judgement_04-Jun-2026.pdf,2026 INSC 628(English),https://api.sci.gov.in/supremecourt/2025/62294/62294_2025_4_1501_71803_Judgement_04-Jun-2026.pdf,
HON'BLE MR. JUSTICE DIPANKAR DATTA,SUPREME_COURT,2026,C.A. No.-008452-008453 - 2026,BAKSISH AHMADVSUNION OF INDIA,National,Principal,,,COMPLETED,69420/2025,NARESH KUMAR- 1271 __,HON'BLE MR. JUSTICE DIPANKAR DATTA,2026-06-09,524,https://api.sci.gov.in/supremecourt/2025/69420/69420_2025_7_1502_71830_Judgement_09-Jun-2026.pdf,2026 INSC 630(English),https://api.sci.gov.in/supremecourt/2025/69420/69420_2025_7_1502_71830_Judgement_09-Jun-2026.pdf,
HON'BLE MR. JUSTICE DIPANKAR DATTA,SUPREME_COURT,2026,C.A. No.-008257-008259 - 2026,ARVIND KUMAR AND ORS. ETC.VSSTATE OF U.P. AND ORS. ETC.,National,Principal,,,COMPLETED,6244/2023,SANJAI KUMAR PATHAK- 1548 __,HON'BLE MR. JUSTICE DIPANKAR DATTA,2026-07-24,1300,https://api.sci.gov.in/supremecourt/2023/6244/6244_2023_6_1501_72308_Judgement_24-Jul-2026.pdf,2026 INSC 741(English),https://api.sci.gov.in/supremecourt/2023/6244/6244_2023_6_1501_72308_Judgement_24-Jul-2026.pdf,
HON'BLE MR. JUSTICE DIPANKAR DATTA,SUPREME_COURT,2026,C.A. No.-008830-008833 - 2026,THE STATE OF HARYANAVSM/S FARIDABAD GURGAON MINERALS,National,Principal,,,COMPLETED,15252/2017,SAMAR VIJAY SINGH- 2093 __,HON'BLE MR. JUSTICE DIPANKAR DATTA,2026-07-13,3480,https://api.sci.gov.in/supremecourt/2017/15252/15252_2017_7_1503_72002_Judgement_13-Jul-2026.pdf,2026 INSC 690(English),https://api.sci.gov.in/supremecourt/2017/15252/15252_2017_7_1503_72002_Judgement_13-Jul-2026.pdf,
HON'BLE MR. JUSTICE DIPANKAR DATTA,SUPREME_COURT,2010,C.A. No.-004211-004211 - 2010,H.D.F.C.BANK LIMITEDVSKISHORE K.MEHTA (DEAD) THR. LRS.,National,Principal,,,COMPLETED,19216/2008,ALOK TRIPATHI- 2962 __ CHAMBERS OF KARTIK SETH- 2839,HON'BLE MR. JUSTICE DIPANKAR DATTA,2026-07-13,6768,https://api.sci.gov.in/supremecourt/2008/19216/19216_2008_7_1501_72002_Judgement_13-Jul-2026.pdf,2026 INSC 688(English),https://api.sci.gov.in/supremecourt/2008/19216/19216_2008_7_1501_72002_Judgement_13-Jul-2026.pdf,
HON'BLE MR. JUSTICE DIPANKAR DATTA,SUPREME_COURT,2026,C.A. No.-006529 - 2026,NILESH SHAHVSSECURITIES AND EXCHANGE BOARD OF INDIA,National,Principal,,,COMPLETED,24050/2026,E. C. AGRAWALA- 177 __,HON'BLE MR. JUSTICE DIPANKAR DATTA,2026-07-13,193,https://api.sci.gov.in/supremecourt/2026/24050/24050_2026_7_1506_72002_Judgement_13-Jul-2026.pdf,2026 INSC 681(English),https://api.sci.gov.in/supremecourt/2026/24050/24050_2026_7_1506_72002_Judgement_13-Jul-2026.pdf,
HON'BLE MR. JUSTICE DIPANKAR DATTA,SUPREME_COURT,2026,C.A. No.-008269-008270 - 2026,ALOK KOTAHWALAVSJAIPUR METRO RAIL CORPORATION LTD,National,Principal,,,COMPLETED,27369/2026,ANUJ BHANDARI- 2175 __,HON'BLE MR. JUSTICE DIPANKAR DATTA,2026-07-13,193,https://api.sci.gov.in/supremecourt/2026/27369/27369_2026_7_1507_72002_Judgement_13-Jul-2026.pdf,2026 INSC 682(English),https://api.sci.gov.in/supremecourt/2026/27369/27369_2026_7_1507_72002_Judgement_13-Jul-2026.pdf,
HON'BLE MR. JUSTICE DIPANKAR DATTA,SUPREME_COURT,2016,C.A. No.-001071-001071 - 2016,A. VELAYUTHAMVSTHE STATE OF TAMIL NADU REP. BY ITS PRINCIPAL SECRETARY TO GOVERNMENT LABOUR AND EMPLOYMENT(E2) DEPARTMENT AND ORS,National,Principal,,,COMPLETED,29036/2015,NARESH KUMAR- 1271 __ JAYASREE NARASIMHAN- 2601,HON'BLE MR. JUSTICE DIPANKAR DATTA,2026-07-28,4226,https://api.sci.gov.in/supremecourt/2015/29036/29036_2015_7_107_72662_Judgement_28-Jul-2026.pdf,2026 INSC 801(English),https://api.sci.gov.in/supremecourt/2015/29036/29036_2015_7_107_72662_Judgement_28-Jul-2026.pdf,
HON'BLE MR. JUSTICE DIPANKAR DATTA,SUPREME_COURT,2015,C.A. No.-013783-013783 - 2015,UNION OF INDIAVSBALI RAM NO. 850808321,National,Principal,,,COMPLETED,32086/2015,ARVIND KUMAR SHARMA- 1133 __,HON'BLE MR. JUSTICE DIPANKAR DATTA,2026-07-13,4211,https://api.sci.gov.in/supremecourt/2015/32086/32086_2015_7_1502_72002_Judgement_13-Jul-2026.pdf,2026 INSC 689(English),https://api.sci.gov.in/supremecourt/2015/32086/32086_2015_7_1502_72002_Judgement_13-Jul-2026.pdf,
HON'BLE MR. JUSTICE DIPANKAR DATTA,SUPREME_COURT,2022,C.A. No.-000629-000629 - 2022,JARNAIL SINGH VSLACHHMI NARAIN GUPTA .,National,Principal,,,COMPLETED,34614/2011,CHANDRA BHUSHAN PRASAD- 1864 __ N. ANNAPOORANI- 1142,,2022-01-28,4045,https://api.sci.gov.in/supremecourt_vernacular/2011/34614/34614_2011_35_1501_32956_Judgement_28-Jan-2022_PUN.pdf,2022 INSC 105(ਪੰਜਾਬੀ),https://api.sci.gov.in//pdfdate/index1.php?dt=2022-01-28&dno=346142011&filename=supremecourt_vernacular/2011/34614/34614_2011_35_1501_32956_Judgement_28-Jan-2022_PUN.pdf,
HON'BLE MR. JUSTICE DIPANKAR DATTA,SUPREME_COURT,2024,W.P.(C) No.-000566-000566 - 2024,NAJMA KHATUNVSTHE STATE OF WEST BENGAL,National,Principal,,,COMPLETED,38860/2024,PULKIT AGARWAL- 2892 __,HON'BLE MR. JUSTICE DIPANKAR DATTA,2026-07-13,924,https://api.sci.gov.in/supremecourt/2024/38860/38860_2024_7_1504_72002_Judgement_13-Jul-2026.pdf,2026 INSC 691(English),https://api.sci.gov.in/supremecourt/2024/38860/38860_2024_7_1504_72002_Judgement_13-Jul-2026.pdf,
HON'BLE MR. JUSTICE DIPANKAR DATTA,SUPREME_COURT,2026,C.A. No.-008991-008991 - 2026,VENKATESHAVSK.M. VENKATAMUNIYAPPA SINCE DEAD BY HIS LRS.,National,Principal,,,COMPLETED,41465/2023,MRS. VIPIN GUPTA- 1302 __,HON'BLE MR. JUSTICE DIPANKAR DATTA,2026-07-14,1290,https://api.sci.gov.in/supremecourt/2023/41465/41465_2023_7_1501_72003_Judgement_14-Jul-2026.pdf,2026 INSC 705(English),https://api.sci.gov.in/supremecourt/2023/41465/41465_2023_7_1501_72003_Judgement_14-Jul-2026.pdf,
HON'BLE MR. JUSTICE DIPANKAR DATTA,SUPREME_COURT,2026,C.A. No.-009270-009270 - 2026,AJIT SINGHVSSTATE OF RAJASTHAN,National,Principal,,,COMPLETED,59520/2025,SIDDHARTH KRISHNA DWIVEDI- 3268 __,HON'BLE MR. JUSTICE DIPANKAR DATTA,2026-07-13,558,https://api.sci.gov.in/supremecourt/2025/59520/59520_2025_7_47_72002_Judgement_13-Jul-2026.pdf,2026 INSC 733(English),https://api.sci.gov.in/supremecourt/2025/59520/59520_2025_7_47_72002_Judgement_13-Jul-2026.pdf,
HON'BLE MR. JUSTICE DIPANKAR DATTA,SUPREME_COURT,2010,C.A. No.-010669-010669 - 2010,GOVERNMENT OF INDIAVSSRI DEVRAJ URS MEDICAL COLLEGE,National,Principal,,,COMPLETED,2423/2010,DEVENDRA SINGH MEHRA- 972 __ LAWYER S KNIT & CO- 1336,HON'BLE MR. JUSTICE SHEEL NAGU,2026-08-04,6059,https://api.sci.gov.in/supremecourt/2010/2423/2423_2010_7_1502_73020_Judgement_04-Aug-2026.pdf,2026 INSC 799(English),https://api.sci.gov.in/supremecourt/2010/2423/2423_2010_7_1502_73020_Judgement_04-Aug-2026.pdf,
HON'BLE MR. JUSTICE DIPANKAR DATTA,SUPREME_COURT,2016,C.A. No.-012201-012201 - 2016,M. GANESHANVSUNION OF INDIA .,National,Principal,,,COMPLETED,3458/2016,SHASHI KIRAN __,HON'BLE MR. JUSTICE DIPANKAR DATTA,2026-08-04,3868,https://api.sci.gov.in/supremecourt/2016/3458/3458_2016_7_114_73020_Judgement_04-Aug-2026.pdf,2026 INSC 823(English),https://api.sci.gov.in/supremecourt/2016/3458/3458_2016_7_114_73020_Judgement_04-Aug-2026.pdf,
HON'BLE MR. JUSTICE DIPANKAR DATTA,SUPREME_COURT,2026,C.A. No.-010612-010627 - 2026,"SUDHIRVSHEAD OF HUMAN RESOURCE, DAINIK BHASKAR GROUP (D.B.CORP LTD.)",National,Principal,,,COMPLETED,3982/2023,VATSALYA VIGYA- 3007 __,HON'BLE MR. JUSTICE DIPANKAR DATTA,2026-08-11,1318,https://api.sci.gov.in/supremecourt/2023/3982/3982_2023_6_1501_73150_Judgement_11-Aug-2026.pdf,2026 INSC 834(English),https://api.sci.gov.in/supremecourt/2023/3982/3982_2023_6_1501_73150_Judgement_11-Aug-2026.pdf,
HON'BLE MR. JUSTICE DIPANKAR DATTA,SUPREME_COURT,2026,C.A. No.-011988-011988 - 2026,ASKARI HUSSAINVSDINESH KUMAR,National,Principal,,,COMPLETED,4793/2025,SHANKAR DIVATE- 1235 __,HON'BLE MR. JUSTICE DIPANKAR DATTA,2026-08-24,600,https://api.sci.gov.in/supremecourt/2025/4793/4793_2025_7_29_73719_Judgement_24-Aug-2026.pdf,2026 INSC 929(English),https://api.sci.gov.in/supremecourt/2025/4793/4793_2025_7_29_73719_Judgement_24-Aug-2026.pdf,
HON'BLE MR. JUSTICE DIPANKAR DATTA,SUPREME_COURT,2002,C.A. No.-000897-000897 - 2002,STATE OF U.P.VSJAI BIR SINGH,National,Principal,,,COMPLETED,9099/2001,SUDEEP KUMAR- 2779 __,HON'BLE THE CHIEF JUSTICE,2026-08-20,9362,https://api.sci.gov.in/supremecourt/2001/9099/9099_2001_1_1501_73712_Judgement_20-Aug-2026.pdf,2026 INSC 897(English),https://api.sci.gov.in/supremecourt/2001/9099/9099_2001_1_1501_73712_Judgement_20-Aug-2026.pdf,
HON'BLE MR. JUSTICE DIPANKAR DATTA,SUPREME_COURT,2026,C.A. No.-011201-011201 - 2026,LUCKNOW DEVELOPMENT AUTHORITYVSUNION OF INDIA,National,Principal,,,COMPLETED,17816/2026,SHASHANK SINGH- 3052 __,HON'BLE MR. JUSTICE DIPANKAR DATTA,2026-08-21,232,https://api.sci.gov.in/supremecourt/2026/17816/17816_2026_6_25_73609_Judgement_21-Aug-2026.pdf,2026 INSC 923(English),https://api.sci.gov.in/supremecourt/2026/17816/17816_2026_6_25_73609_Judgement_21-Aug-2026.pdf,
HON'BLE MR. JUSTICE DIPANKAR DATTA,SUPREME_COURT,2016,C.A. No.-009749-009749 - 2016,SPO/CONSTABLE IRB SATPAL SINGHVSSTATE OF PUNJAB,National,Principal,,,COMPLETED,29302/2016,MRS. VIPIN GUPTA- 1302 __,HON'BLE MR. JUSTICE DIPANKAR DATTA,2026-08-04,3868,https://api.sci.gov.in/supremecourt/2016/29302/29302_2016_7_1501_73020_Judgement_04-Aug-2026.pdf,2026 INSC 798(English),https://api.sci.gov.in/supremecourt/2016/29302/29302_2016_7_1501_73020_Judgement_04-Aug-2026.pdf,
HON'BLE MR. JUSTICE DIPANKAR DATTA,SUPREME_COURT,2026,C.A. No.-010600-010600 - 2026,M/S BHARATIYA VIDYA BHAVANS PUBLIC SCHOOLVSM. VIMALA,National,Principal,,,COMPLETED,29652/2023,D. BHARATHI REDDY- 1115 __,HON'BLE MR. JUSTICE DIPANKAR DATTA,2026-08-06,1313,https://api.sci.gov.in/supremecourt/2023/29652/29652_2023_7_4_72910_Judgement_06-Aug-2026.pdf,2026 INSC 833(English),https://api.sci.gov.in/supremecourt/2023/29652/29652_2023_7_4_72910_Judgement_06-Aug-2026.pdf,
HON'BLE MR. JUSTICE DIPANKAR DATTA,SUPREME_COURT,2026,C.A. No.-010979-010979 - 2026,MADHAV VIDARBHA ESTATE PVT. LIMITEDVSPRAHARSH CORPORATION PVT. LTD.,National,Principal,,,COMPLETED,29807/2024,PRANAYA GOYAL- 2480 __,HON'BLE MR. JUSTICE DIPANKAR DATTA,2026-08-19,961,https://api.sci.gov.in/supremecourt/2024/29807/29807_2024_7_301_73596_Judgement_19-Aug-2026.pdf,2026 INSC 925(English),https://api.sci.gov.in/supremecourt/2024/29807/29807_2024_7_301_73596_Judgement_19-Aug-2026.pdf,
HON'BLE MR. JUSTICE DIPANKAR DATTA,SUPREME_COURT,2026,SLP(Crl) No.-009754 - 2026,RAJENDRA PRASADVSSTATE OF GOA,National,Principal,,,COMPLETED,30557/2026,MOHIT NEGI- 3442 __,HON'BLE MR. JUSTICE DIPANKAR DATTA,2026-08-18,229,https://api.sci.gov.in/supremecourt/2026/30557/30557_2026_7_1501_73516_Judgement_18-Aug-2026.pdf,2026 INSC 891(English),https://api.sci.gov.in/supremecourt/2026/30557/30557_2026_7_1501_73516_Judgement_18-Aug-2026.pdf,
HON'BLE MR. JUSTICE DIPANKAR DATTA,SUPREME_COURT,2026,Crl.A. No.-003795-003795 - 2026,UNION OF INDIAVSSUNIL BIYANI,National,Principal,,,COMPLETED,34138/2026,GURMEET SINGH MAKKER- 2357 __,HON'BLE MR. JUSTICE DIPANKAR DATTA,2026-08-12,223,https://api.sci.gov.in/supremecourt/2026/34138/34138_2026_7_1501_73266_Judgement_12-Aug-2026.pdf,2026 INSC 849(English),https://api.sci.gov.in/supremecourt/2026/34138/34138_2026_7_1501_73266_Judgement_12-Aug-2026.pdf,
HON'BLE MR. JUSTICE DIPANKAR DATTA,SUPREME_COURT,2024,W.P.(C) No.-000014 - 2024,DR. JAYA THAKURVSUNION OF INDIA,National,Principal,,,COMPLETED,146/2024,VARUN THAKUR & ASSOCIATES- 3648 __,HON'BLE MR. JUSTICE DIPANKAR DATTA,2026-09-23,996,https://api.sci.gov.in/supremecourt/2024/146/146_2024_7_1501_74714_Judgement_23-Sep-2026.pdf,2026 INSC 1040(English),https://api.sci.gov.in/supremecourt/2024/146/146_2024_7_1501_74714_Judgement_23-Sep-2026.pdf,
HON'BLE MR. JUSTICE DIPANKAR DATTA,SUPREME_COURT,2026,C.A. No.-012968-012968 - 2026,O.P. MEHTAVSMOHINDER KALTA,National,Principal,,,COMPLETED,1338/2025,RADHIKA GAUTAM- 2287 __,HON'BLE MR. JUSTICE DIPANKAR DATTA,2026-09-23,630,https://api.sci.gov.in/supremecourt/2025/1338/1338_2025_7_1501_74556_Judgement_23-Sep-2026.pdf,2026 INSC 1037(English),https://api.sci.gov.in/supremecourt/2025/1338/1338_2025_7_1501_74556_Judgement_23-Sep-2026.pdf,
HON'BLE MR. JUSTICE DIPANKAR DATTA,SUPREME_COURT,2026,Crl.A. No.-004109-004109 - 2026,RAJEEV SINGHVSSTATE OF UTTAR PRADESH,National,Principal,,,COMPLETED,20544/2026,SATISH KUMAR- 1822 __,HON'BLE MR. JUSTICE DIPANKAR DATTA,2026-08-31,242,https://api.sci.gov.in/supremecourt/2026/20544/20544_2026_6_54_73817_Judgement_31-Aug-2026.pdf,2026 INSC 938(English),https://api.sci.gov.in/supremecourt/2026/20544/20544_2026_6_54_73817_Judgement_31-Aug-2026.pdf,
HON'BLE MR. JUSTICE DIPANKAR DATTA,SUPREME_COURT,2026,C.A. No.-012155-012155 - 2026,VIJAY GHANSHYAM GADIYAVSUNION OF INDIA,National,Principal,,,COMPLETED,21991/2026,SHAMIK SHIRISHBHAI SANJANWALA- 2390 __,HON'BLE MR. JUSTICE DIPANKAR DATTA,2026-09-02,244,https://api.sci.gov.in/supremecourt/2026/21991/21991_2026_7_1501_73957_Judgement_02-Sep-2026.pdf,2026 INSC 947(English),https://api.sci.gov.in/supremecourt/2026/21991/21991_2026_7_1501_73957_Judgement_02-Sep-2026.pdf,
HON'BLE MR. JUSTICE DIPANKAR DATTA,SUPREME_COURT,2011,C.A. No.-007565-007567 - 2011,G.P. SANGEETHA AND ORS ETC ETCVSTHE STATE OF KERALA,National,Principal,,,COMPLETED,22456/2011,K. RAJEEV- 1352 __,HON'BLE MR. JUSTICE DIPANKAR DATTA,2026-09-08,5729,https://api.sci.gov.in/supremecourt/2011/22456/22456_2011_7_101_74034_Judgement_08-Sep-2026.pdf,2026 INSC 1004(English),https://api.sci.gov.in/supremecourt/2011/22456/22456_2011_7_101_74034_Judgement_08-Sep-2026.pdf,
HON'BLE MR. JUSTICE DIPANKAR DATTA,SUPREME_COURT,2026,C.A. No.-003215-003215 - 2026,S. S. DASVSUNION OF INDIA,National,Principal,,,COMPLETED,23856/2024,ANURAG OJHA- 3323 __,HON'BLE MR. JUSTICE DIPANKAR DATTA,2026-09-09,982,https://api.sci.gov.in/supremecourt/2024/23856/23856_2024_7_1501_74035_Judgement_09-Sep-2026.pdf,2026 INSC 980(English),https://api.sci.gov.in/supremecourt/2024/23856/23856_2024_7_1501_74035_Judgement_09-Sep-2026.pdf,
HON'BLE MR. JUSTICE DIPANKAR DATTA,SUPREME_COURT,2023,C.A. No.-006379-006379 - 2023,SUNITA LAHU PANCHPANDEVSTHE DISTRICT COLLECTOR,National,Principal,,,COMPLETED,25758/2017,ANAGHA S. DESAI- 1588 __,HON'BLE MR. JUSTICE DIPANKAR DATTA,2026-09-16,3545,https://api.sci.gov.in/supremecourt/2017/25758/25758_2017_5_1501_74354_Judgement_16-Sep-2026.pdf,2026 INSC 1002(English),https://api.sci.gov.in/supremecourt/2017/25758/25758_2017_5_1501_74354_Judgement_16-Sep-2026.pdf,
HON'BLE MR. JUSTICE DIPANKAR DATTA,SUPREME_COURT,2026,Crl.A. No.-004083-004083 - 2026,VIJAY KUMAR RAJPOOT ALIAS VIJJUVSSTATE OF CHHATTISGARH,National,Principal,,,COMPLETED,33315/2026,PALLAV MONGIA- 2469 __,HON'BLE MR. JUSTICE DIPANKAR DATTA,2026-08-31,242,https://api.sci.gov.in/supremecourt/2026/33315/33315_2026_6_1501_73817_Judgement_31-Aug-2026.pdf,2026 INSC 926(English),https://api.sci.gov.in/supremecourt/2026/33315/33315_2026_6_1501_73817_Judgement_31-Aug-2026.pdf,
HON'BLE MR. JUSTICE DIPANKAR DATTA,SUPREME_COURT,2026,C.A. No.-012529-012531 - 2026,ANNU KUMARVSMAHARSHI DAYANAND UNIVERSITY ROHTAK,National,Principal,,,COMPLETED,42560/2023,SHEKHAR KUMAR- 1549 __,HON'BLE MR. JUSTICE DIPANKAR DATTA,2026-09-08,1346,https://api.sci.gov.in/supremecourt/2023/42560/42560_2023_7_1501_74034_Judgement_08-Sep-2026.pdf,2026 INSC 968(English),https://api.sci.gov.in/supremecourt/2023/42560/42560_2023_7_1501_74034_Judgement_08-Sep-2026.pdf,
HON'BLE MR. JUSTICE DIPANKAR DATTA,SUPREME_COURT,2026,C.A. No.-012962-012962 - 2026,REGIONAL PROVIDENT FUND COMMISSIONER-IIVSMAMTA BINANI,National,Principal,,,COMPLETED,42931/2026,AJIT SHARMA- 2060 __,HON'BLE MR. JUSTICE DIPANKAR DATTA,2026-09-10,252,https://api.sci.gov.in/supremecourt/2026/42931/42931_2026_7_16_74156_Judgement_10-Sep-2026.pdf,2026 INSC 1003(English),https://api.sci.gov.in/supremecourt/2026/42931/42931_2026_7_16_74156_Judgement_10-Sep-2026.pdf,
HON'BLE MR. JUSTICE DIPANKAR DATTA,SUPREME_COURT,2026,C.A. No.-012598-012598 - 2026,BHARAT PETROLEUM CORPORATION LIMITEDVSTHE DISTRICT REVENUE OFFICER (STAMPS),National,Principal,,,COMPLETED,71579/2025,T. SUNDAR RAMANATHAN- 2897 __,HON'BLE MR. JUSTICE DIPANKAR DATTA,2026-09-07,614,https://api.sci.gov.in/supremecourt/2025/71579/71579_2025_7_1501_74011_Judgement_07-Sep-2026.pdf,2026 INSC 963(English),https://api.sci.gov.in/supremecourt/2025/71579/71579_2025_7_1501_74011_Judgement_07-Sep-2026.pdf,
HON'BLE MR. JUSTICE DIPANKAR DATTA,SUPREME_COURT,2026,C.A. No.-003800-003803 - 2026,SURINDER AHUJA AND ANR.VSSTATE OF PUNJAB AND ANR.,National,Principal,,,COMPLETED,24434/2019,TUSHAR BAKSHI- 1983 __,HON'BLE MR. JUSTICE DIPANKAR DATTA,2026-09-29,2828,https://api.sci.gov.in/supremecourt/2019/24434/24434_2019_6_1503_74756_Judgement_29-Sep-2026.pdf,2026 INSC 1068(English),https://api.sci.gov.in/supremecourt/2019/24434/24434_2019_6_1503_74756_Judgement_29-Sep-2026.pdf,
HON'BLE MR. JUSTICE DIPANKAR DATTA,SUPREME_COURT,2026,Crl.A. No.-004310-004310 - 2026,MULLA AFROZVSUNION OF INDIA,National,Principal,,,COMPLETED,37437/2026,DEEPAK SINGH- 3788 __,HON'BLE MR. JUSTICE DIPANKAR DATTA,2026-09-29,271,https://api.sci.gov.in/supremecourt/2026/37437/37437_2026_6_1501_74756_Judgement_29-Sep-2026.pdf,2026 INSC 1067(English),https://api.sci.gov.in/supremecourt/2026/37437/37437_2026_6_1501_74756_Judgement_29-Sep-2026.pdf,
HON'BLE MR. JUSTICE DIPANKAR DATTA,SUPREME_COURT,2026,Crl.A. No.-004626-004626 - 2026,SANJAY BADAYAVSSTATE OF RAJASTHAN,National,Principal,,,COMPLETED,49999/2026,M. P. SRIVIGNESH- 4194 __,HON'BLE MR. JUSTICE DIPANKAR DATTA,2026-09-29,271,https://api.sci.gov.in/supremecourt/2026/49999/49999_2026_6_1502_74756_Judgement_29-Sep-2026.pdf,2026 INSC 1065(English),https://api.sci.gov.in/supremecourt/2026/49999/49999_2026_6_1502_74756_Judgement_29-Sep-2026.pdf,
HON'BLE MR. JUSTICE SANJAY KUMAR,SUPREME_COURT,2026,C.A. No.-000582-000582 - 2026,HABIB ALLADINVSMOHAMMED AHMED,National,Principal,,,COMPLETED,1776/2022,PRANAB KUMAR MULLICK- 1196 __,HON'BLE MR. JUSTICE SANJAY KUMAR,2026-01-28,1488,https://api.sci.gov.in/supremecourt/2022/1776/1776_2022_12_1501_68016_Judgement_28-Jan-2026.pdf,2026 INSC 90(English),https://api.sci.gov.in/supremecourt/2022/1776/1776_2022_12_1501_68016_Judgement_28-Jan-2026.pdf,
HON'BLE MR. JUSTICE SANJAY KUMAR,SUPREME_COURT,2026,C.A. No.-000070-000070 - 2026,S. SHAKUL HAMEEDVSTAMILNADU STATE TRANSPORT COROPRATION LIMITED,National,Principal,,,COMPLETED,8661/2024,M. YOGESH KANNA- 1870 __,HON'BLE MR. JUSTICE K. VINOD CHANDRAN,2026-01-06,736,https://api.sci.gov.in/supremecourt/2024/8661/8661_2024_12_1504_67226_Judgement_06-Jan-2026.pdf,2026 INSC 29(English),https://api.sci.gov.in/supremecourt/2024/8661/8661_2024_12_1504_67226_Judgement_06-Jan-2026.pdf,
HON'BLE MR. JUSTICE SANJAY KUMAR,SUPREME_COURT,2026,C.A. No.-000566-000566 - 2026,"NIRAJ JAINVSCOMPETENT AUTHORITY CUM ADDITIONAL COLLECTOR, JAGDALPUR",National,Principal,,,COMPLETED,8739/2025,SAHIL TAGOTRA- 2520 __,HON'BLE MR. JUSTICE SANJAY KUMAR,2026-01-27,391,https://api.sci.gov.in/supremecourt/2025/8739/8739_2025_11_1502_67807_Judgement_27-Jan-2026.pdf,2026 INSC 86(English),https://api.sci.gov.in/supremecourt/2025/8739/8739_2025_11_1502_67807_Judgement_27-Jan-2026.pdf,
HON'BLE MR. JUSTICE SANJAY KUMAR,SUPREME_COURT,2025,C.A. No.-004513-004513 - 2025,PRAKASH ATLANTA JVVSNATIONAL HIGHWAYS AUTHORITY OF INDIA,National,Principal,,,COMPLETED,17730/2013,CHIRAG M. SHROFF- 1525 __,HON'BLE MR. JUSTICE SANJAY KUMAR,2026-01-20,4767,https://api.sci.gov.in/supremecourt/2013/17730/17730_2013_12_1501_67596_Judgement_20-Jan-2026.pdf,2026 INSC 76(English),https://api.sci.gov.in/supremecourt/2013/17730/17730_2013_12_1501_67596_Judgement_20-Jan-2026.pdf,
HON'BLE MR. JUSTICE SANJAY KUMAR,SUPREME_COURT,2026,Crl.A. No.-000076-000076 - 2026,PRASANNA KASINIVSTHE STATE OF TELANGANA,National,Principal,,,COMPLETED,20604/2025,NIVESH KUMAR- 3455 __,HON'BLE MR. JUSTICE K. VINOD CHANDRAN,2026-01-06,370,https://api.sci.gov.in/supremecourt/2025/20604/20604_2025_12_1506_67226_Judgement_06-Jan-2026.pdf,2026 INSC 30(English),https://api.sci.gov.in/supremecourt/2025/20604/20604_2025_12_1506_67226_Judgement_06-Jan-2026.pdf,
HON'BLE MR. JUSTICE SANJAY KUMAR,SUPREME_COURT,2026,Crl.A. No.-000527-000527 - 2026,DONIYAR VILDANOVVSTHE STATE OF U.P.,National,Principal,,,COMPLETED,25942/2025,ANJANI KUMAR MISHRA- 1874 __,HON'BLE MR. JUSTICE SANJAY KUMAR,2026-01-30,394,https://api.sci.gov.in/supremecourt/2025/25942/25942_2025_12_1501_67810_Judgement_30-Jan-2026.pdf,2026 INSC 95(English),https://api.sci.gov.in/supremecourt/2025/25942/25942_2025_12_1501_67810_Judgement_30-Jan-2026.pdf,
HON'BLE MR. JUSTICE SANJAY KUMAR,SUPREME_COURT,2026,Crl.A. No.-000077-000077 - 2026,"THE KARNATAKA LOKAYUKTHA BAGALKOTE DISTRICT, BAGALKOTVSCHANDRASHEKAR",National,Principal,,,COMPLETED,34270/2025,VIKRAM HEGDE- 3048 __,HON'BLE MR. JUSTICE K. VINOD CHANDRAN,2026-01-06,370,https://api.sci.gov.in/supremecourt/2025/34270/34270_2025_12_1507_67226_Judgement_06-Jan-2026.pdf,2026 INSC 31(English),https://api.sci.gov.in/supremecourt/2025/34270/34270_2025_12_1507_67226_Judgement_06-Jan-2026.pdf,
HON'BLE MR. JUSTICE SANJAY KUMAR,SUPREME_COURT,2026,Crl.A. No.-000074-000074 - 2026,THE STATE (NCT) OF DELHIVSKHIMJI BHAI JADEJA,National,Principal,,,COMPLETED,34815/2019,B. V. BALARAM DAS __,HON'BLE MR. JUSTICE SANJAY KUMAR,2026-01-06,2562,https://api.sci.gov.in/supremecourt/2019/34815/34815_2019_12_1501_67226_Judgement_06-Jan-2026.pdf,2026 INSC 25(English),https://api.sci.gov.in/supremecourt/2019/34815/34815_2019_12_1501_67226_Judgement_06-Jan-2026.pdf,
HON'BLE MR. JUSTICE SANJAY KUMAR,SUPREME_COURT,2025,SLP(Crl) No.-011375 - 2025,SHALINI BHATEJAVSSTATE OF U.P.,National,Principal,,,COMPLETED,41686/2025,ASHISH PANDEY- 3825 __,HON'BLE MR. JUSTICE SANJAY KUMAR,2026-01-06,370,https://api.sci.gov.in/supremecourt/2025/41686/41686_2025_12_1508_67226_Judgement_06-Jan-2026.pdf,2026 INSC 28(English),https://api.sci.gov.in/supremecourt/2025/41686/41686_2025_12_1508_67226_Judgement_06-Jan-2026.pdf,
HON'BLE MR. JUSTICE SANJAY KUMAR,SUPREME_COURT,2026,C.A. No.-000067-000067 - 2026,DIVJOT SEKHONVSSTATE OF PUNJAB,National,Principal,,,COMPLETED,44245/2024,MISHA ROHATGI- 2603 __,HON'BLE MR. JUSTICE SANJAY KUMAR,2026-01-06,736,https://api.sci.gov.in/supremecourt/2024/44245/44245_2024_12_1502_67226_Judgement_06-Jan-2026.pdf,2026 INSC 26(English),https://api.sci.gov.in/supremecourt/2024/44245/44245_2024_12_1502_67226_Judgement_06-Jan-2026.pdf,
HON'BLE MR. JUSTICE SANJAY KUMAR,SUPREME_COURT,2026,Crl.A. No.-000085-000086 - 2026,JASWINDER SINGH @ SHINDER SINGHVSSTATE OF PUNJAB,National,Principal,,,COMPLETED,46882/2024,TANYA SRIVASTAVA- 3682 __,HON'BLE MR. JUSTICE K. VINOD CHANDRAN,2026-01-06,736,https://api.sci.gov.in/supremecourt/2024/46882/46882_2024_12_1505_67226_Judgement_06-Jan-2026.pdf,2026 INSC 23(English),https://api.sci.gov.in/supremecourt/2024/46882/46882_2024_12_1505_67226_Judgement_06-Jan-2026.pdf,
HON'BLE MR. JUSTICE SANJAY KUMAR,SUPREME_COURT,2023,Crl.A. No.-003738 - 2023,BERNARD LYNGDOH PHAWAVSTHE STATE OF MEGHALAYA,National,Principal,,,COMPLETED,47207/2023,PRABHAS BAJAJ- 3430 __ AVIJIT MANI TRIPATHI- 2648,HON'BLE MR. JUSTICE SANJAY KUMAR,2026-01-27,1122,https://api.sci.gov.in/supremecourt/2023/47207/47207_2023_11_1501_67807_Judgement_27-Jan-2026.pdf,2026 INSC 85(English),https://api.sci.gov.in/supremecourt/2023/47207/47207_2023_11_1501_67807_Judgement_27-Jan-2026.pdf,
HON'BLE MR. JUSTICE SANJAY KUMAR,SUPREME_COURT,2026,Crl.A. No.-000075-000075 - 2026,S. NAGESHVSSHOBHA S. ARADHYA,National,Principal,,,COMPLETED,52108/2024,HARISHA S.R.- 2761 __,HON'BLE MR. JUSTICE SANJAY KUMAR,2026-01-06,736,https://api.sci.gov.in/supremecourt/2024/52108/52108_2024_12_1503_67226_Judgement_06-Jan-2026.pdf,2026 INSC 27(English),https://api.sci.gov.in/supremecourt/2024/52108/52108_2024_12_1503_67226_Judgement_06-Jan-2026.pdf,
HON'BLE MR. JUSTICE SANJAY KUMAR,SUPREME_COURT,2026,Crl.A. No.-000689-000689 - 2026,ROHIT JANGDE VSSTATE OF CHHATTISGARH,National,Principal,,,COMPLETED,15058/2024,CHANDRIKA PRASAD MISHRA- 3624 __,HON'BLE MR. JUSTICE SANJAY KUMAR,2026-02-17,778,https://api.sci.gov.in/supremecourt/2024/15058/15058_2024_9_1502_68563_Judgement_17-Feb-2026.pdf,2026 INSC 162(English),https://api.sci.gov.in/supremecourt/2024/15058/15058_2024_9_1502_68563_Judgement_17-Feb-2026.pdf,
HON'BLE MR. JUSTICE SANJAY KUMAR,SUPREME_COURT,2026,C.A. No.-002508-002508 - 2026,ORIENTAL INSURANCE CO. LTD.VSTATA AIG GENERAL INSURANCE CO. LTD.,National,Principal,,,COMPLETED,17611/2023,AMIT KUMAR SINGH- 2122 __,HON'BLE MR. JUSTICE SANJAY KUMAR,2026-02-24,1150,https://api.sci.gov.in/supremecourt/2023/17611/17611_2023_12_8_68847_Judgement_24-Feb-2026.pdf,2026 INSC 208(English),https://api.sci.gov.in/supremecourt/2023/17611/17611_2023_12_8_68847_Judgement_24-Feb-2026.pdf,
HON'BLE MR. JUSTICE SANJAY KUMAR,SUPREME_COURT,2026,C.A. No.-001471-001471 - 2026,J. MUTHURAJANVSS. VAIKUNDARAJAN,National,Principal,,,COMPLETED,22888/2025,AARTHI RAJAN- 2547 __,HON'BLE MR. JUSTICE SANJAY KUMAR,2026-02-10,405,https://api.sci.gov.in/supremecourt/2025/22888/22888_2025_11_1501_68268_Judgement_10-Feb-2026.pdf,2026 INSC 139(English),https://api.sci.gov.in/supremecourt/2025/22888/22888_2025_11_1501_68268_Judgement_10-Feb-2026.pdf,
HON'BLE MR. JUSTICE SANJAY KUMAR,SUPREME_COURT,2026,C.A. No.-001701-001701 - 2026,DINESH KUMARVSSTATE OF HARYANA,National,Principal,,,COMPLETED,26966/2025,SUNNY KADIYAN- 3806 __,HON'BLE MR. JUSTICE SANJAY KUMAR,2026-02-17,412,https://api.sci.gov.in/supremecourt/2025/26966/26966_2025_9_1503_68563_Judgement_17-Feb-2026.pdf,2026 INSC 163(English),https://api.sci.gov.in/supremecourt/2025/26966/26966_2025_9_1503_68563_Judgement_17-Feb-2026.pdf,
HON'BLE MR. JUSTICE SANJAY KUMAR,SUPREME_COURT,2025,C.A. No.-007424 - 2025,CATALYST TRUSTEESHIP LTDVSECSTASY REALTY PVT. LTD.,National,Principal,,,COMPLETED,27045/2025,AKANKSHA MEHRA- 2944 __,HON'BLE MR. JUSTICE SANJAY KUMAR,2026-02-24,419,https://api.sci.gov.in/supremecourt/2025/27045/27045_2025_12_1501_68847_Judgement_24-Feb-2026.pdf,2026 INSC 186(English),https://api.sci.gov.in/supremecourt/2025/27045/27045_2025_12_1501_68847_Judgement_24-Feb-2026.pdf,
HON'BLE MR. JUSTICE SANJAY KUMAR,SUPREME_COURT,2018,C.A. No.-012219 - 2018,UNION OF INDIAVSSISTEMA SHYAM TELESERVICES LIMITED,National,Principal,,,COMPLETED,34522/2018,__,HON'BLE MR. JUSTICE SANJAY KUMAR,2026-02-20,2972,https://api.sci.gov.in/supremecourt/2018/34522/34522_2018_9_1501_68615_Judgement_20-Feb-2026.pdf,2026 INSC 174(English),https://api.sci.gov.in/supremecourt/2018/34522/34522_2018_9_1501_68615_Judgement_20-Feb-2026.pdf,
HON'BLE MR. JUSTICE SANJAY KUMAR,SUPREME_COURT,2025,C.A. No.-011417 - 2025,OMKARA ASSETS RECONSTRUCTI ON PRIVATE LIMITEDVSAMIT CHATURVEDI,National,Principal,,,COMPLETED,50327/2025,MANDEEP KALRA- 3242 __,HON'BLE MR. JUSTICE K. VINOD CHANDRAN,2026-02-24,419,https://api.sci.gov.in/supremecourt/2025/50327/50327_2025_12_1502_68847_Judgement_24-Feb-2026.pdf,2026 INSC 189(English),https://api.sci.gov.in/supremecourt/2025/50327/50327_2025_12_1502_68847_Judgement_24-Feb-2026.pdf,
HON'BLE MR. JUSTICE SANJAY KUMAR,SUPREME_COURT,2026,Crl.A. No.-001135-001135 - 2026,ANKIT TOMARVSSTATE OF HARYANA,National,Principal,,,COMPLETED,61642/2025,JAGRATI SINGH- 2670 __,HON'BLE MR. JUSTICE SANJAY KUMAR,2026-02-26,421,https://api.sci.gov.in/supremecourt/2025/61642/61642_2025_12_14_68910_Judgement_26-Feb-2026.pdf,2026 INSC 262(English),https://api.sci.gov.in/supremecourt/2025/61642/61642_2025_12_14_68910_Judgement_26-Feb-2026.pdf,
HON'BLE MR. JUSTICE SANJAY KUMAR,SUPREME_COURT,2025,C.A. No.-013628 - 2025,SATINDER SINGH BHASINVSCOL GAUTAM MULLICK,National,Principal,,,COMPLETED,61753/2025,MALAK MANISH BHATT- 2632 __,HON'BLE MR. JUSTICE SANJAY KUMAR,2026-02-02,397,https://api.sci.gov.in/supremecourt/2025/61753/61753_2025_12_1501_67940_Judgement_02-Feb-2026.pdf,2026 INSC 104(English),https://api.sci.gov.in/supremecourt/2025/61753/61753_2025_12_1501_67940_Judgement_02-Feb-2026.pdf,
HON'BLE MR. JUSTICE SANJAY KUMAR,SUPREME_COURT,2026,Crl.A. No.-000701-000701 - 2026,REGINAMARY CHELLAMANIVSSTATE REP BY SUPERINTENDENT OF CUSTOMS,National,Principal,,,COMPLETED,63855/2025,SWASTIK DALAI- 3926 __,HON'BLE MR. JUSTICE SANJAY KUMAR,2026-02-05,400,https://api.sci.gov.in/supremecourt/2025/63855/63855_2025_12_5_67943_Judgement_05-Feb-2026.pdf,2026 INSC 127(English),https://api.sci.gov.in/supremecourt/2025/63855/63855_2025_12_5_67943_Judgement_05-Feb-2026.pdf,
HON'BLE MR. JUSTICE SANJAY KUMAR,SUPREME_COURT,2026,Crl.A. No.-000957-000957 - 2026,"RAKESH MITTALVSAJAY PAL GUPTA, ALIAS SONU CHAUDHARY",National,Principal,,,COMPLETED,66413/2025,DESHMUKH ADITH SATISH- 4096 __,HON'BLE MR. JUSTICE SANJAY KUMAR,2026-02-17,412,https://api.sci.gov.in/supremecourt/2025/66413/66413_2025_9_1501_68563_Judgement_17-Feb-2026.pdf,2026 INSC 161(English),https://api.sci.gov.in/supremecourt/2025/66413/66413_2025_9_1501_68563_Judgement_17-Feb-2026.pdf,
HON'BLE MR. JUSTICE SANJAY KUMAR,SUPREME_COURT,2026,C.A. No.-003083-003083 - 2026,ARJUNVSMUKESH,National,Principal,,,COMPLETED,72726/2025,ANKIT ANANDRAJ SHAH- 2402 __,HON'BLE MR. JUSTICE SANJAY KUMAR,2026-02-27,422,https://api.sci.gov.in/supremecourt/2025/72726/72726_2025_12_33_68911_Judgement_27-Feb-2026.pdf,2026 INSC 227(English),https://api.sci.gov.in/supremecourt/2025/72726/72726_2025_12_33_68911_Judgement_27-Feb-2026.pdf,
HON'BLE MR. JUSTICE SANJAY KUMAR,SUPREME_COURT,2025,C.A. No.-002216-002217 - 2025,CENTRAL TRANSMISSION UTILITY OF INDIA LIMITEDVSSUMIT BINANI,National,Principal,,,COMPLETED,2002/2025,SOMESH CHANDRA JHA- 2403 __,HON'BLE MR. JUSTICE SANJAY KUMAR,2026-03-23,446,https://api.sci.gov.in/supremecourt/2025/2002/2002_2025_12_1502_69554_Judgement_23-Mar-2026.pdf,2026 INSC 284(English),https://api.sci.gov.in/supremecourt/2025/2002/2002_2025_12_1502_69554_Judgement_23-Mar-2026.pdf,
HON'BLE MR. JUSTICE SANJAY KUMAR,SUPREME_COURT,2025,C.A. No.-007655 - 2025,PANNALAL BHANSALIVSBHARTI TELECOM LIMITED,National,Principal,,,COMPLETED,30967/2025,UDIT KISHAN AND ASSOCIATES- 2421 __,HON'BLE MR. JUSTICE SANJAY KUMAR,2026-03-10,433,https://api.sci.gov.in/supremecourt/2025/30967/30967_2025_12_1502_69150_Judgement_10-Mar-2026.pdf,2026 INSC 213(English),https://api.sci.gov.in/supremecourt/2025/30967/30967_2025_12_1502_69150_Judgement_10-Mar-2026.pdf,
HON'BLE MR. JUSTICE SANJAY KUMAR,SUPREME_COURT,2023,C.A. No.-003042 - 2023,INDIAN OIL CORPORATION LTD.VSDEEPAK SHARMA,National,Principal,,,COMPLETED,40227/2022,PRIYA PURI- 1880 __,HON'BLE MR. JUSTICE SANJAY KUMAR,2026-03-23,1542,https://api.sci.gov.in/supremecourt/2022/40227/40227_2022_12_1501_69554_Judgement_23-Mar-2026.pdf,2026 INSC 278(English),https://api.sci.gov.in/supremecourt/2022/40227/40227_2022_12_1501_69554_Judgement_23-Mar-2026.pdf,
HON'BLE MR. JUSTICE SANJAY KUMAR,SUPREME_COURT,2026,Crl.A. No.-001304-001304 - 2026,SANJAY KUMAR SHARMAVSSTATE OF BIHAR,National,Principal,,,COMPLETED,47756/2024,SMARHAR SINGH- 2386 __,HON'BLE MR. JUSTICE K. VINOD CHANDRAN,2026-03-11,800,https://api.sci.gov.in/supremecourt/2024/47756/47756_2024_12_1501_69254_Judgement_11-Mar-2026.pdf,2026 INSC 223(English),https://api.sci.gov.in/supremecourt/2024/47756/47756_2024_12_1501_69254_Judgement_11-Mar-2026.pdf,
HON'BLE MR. JUSTICE SANJAY KUMAR,SUPREME_COURT,2026,Crl.A. No.-001488 - 2026,CENTRAL BUREAU OF INVESTIGATIONVSBALJEET SINGH,National,Principal,,,COMPLETED,48510/2024,MUKESH KUMAR MARORIA- 2324 __,HON'BLE MR. JUSTICE SANJAY KUMAR,2026-03-10,799,https://api.sci.gov.in/supremecourt/2024/48510/48510_2024_12_1501_69150_Judgement_10-Mar-2026.pdf,2026 INSC 221(English),https://api.sci.gov.in/supremecourt/2024/48510/48510_2024_12_1501_69150_Judgement_10-Mar-2026.pdf,
HON'BLE MR. JUSTICE SANJAY KUMAR,SUPREME_COURT,2026,Crl.A. No.-001543-001544 - 2026,"GABBAR SINGH ALIAS DEVENDRA PRATAP SINGH ALIAS RAJESH SINGH,VSSTATE OF U.P.",National,Principal,,,COMPLETED,53117/2025,VEERA KAUL SINGH- 1713 __,HON'BLE MR. JUSTICE SANJAY KUMAR,2026-03-20,443,https://api.sci.gov.in/supremecourt/2025/53117/53117_2025_12_1501_69523_Judgement_20-Mar-2026.pdf,2026 INSC 271(English),https://api.sci.gov.in/supremecourt/2025/53117/53117_2025_12_1501_69523_Judgement_20-Mar-2026.pdf,
HON'BLE MR. JUSTICE SANJAY KUMAR,SUPREME_COURT,2026,C.A. No.-003404-003407 - 2026,SHINY C.JVSSHALINI SREENIVASAN,National,Principal,,,COMPLETED,56615/2024,MOHAMMED SADIQUE T.A.- 2225 __,HON'BLE MR. JUSTICE SANJAY KUMAR,2026-03-16,805,https://api.sci.gov.in/supremecourt/2024/56615/56615_2024_12_1501_69326_Judgement_16-Mar-2026.pdf,2026 INSC 242(English),https://api.sci.gov.in/supremecourt/2024/56615/56615_2024_12_1501_69326_Judgement_16-Mar-2026.pdf,
HON'BLE MR. JUSTICE SANJAY KUMAR,SUPREME_COURT,2026,Crl.A. No.-001956-001956 - 2026,STATE OF KERALAVSK.A. ABDUL RASHEED,National,Principal,,,COMPLETED,182/2026,HARSHAD V. HAMEED- 2127 __,HON'BLE MR. JUSTICE K. VINOD CHANDRAN,2026-04-15,104,https://api.sci.gov.in/supremecourt/2026/182/182_2026_12_1501_70123_Judgement_15-Apr-2026.pdf,2026 INSC 365(English),https://api.sci.gov.in/supremecourt/2026/182/182_2026_12_1501_70123_Judgement_15-Apr-2026.pdf,
HON'BLE MR. JUSTICE SANJAY KUMAR,SUPREME_COURT,2026,C.A. No.-004402-004402 - 2026,HARI RAMVSTHE STATE OF RAJASTHAN,National,Principal,,,COMPLETED,7860/2025,ARPIT GUPTA- 3240 __,HON'BLE MR. JUSTICE SANJAY KUMAR,2026-04-10,464,https://api.sci.gov.in/supremecourt/2025/7860/7860_2025_12_1501_70004_Judgement_10-Apr-2026.pdf,2026 INSC 350(English),https://api.sci.gov.in/supremecourt/2025/7860/7860_2025_12_1501_70004_Judgement_10-Apr-2026.pdf,
HON'BLE MR. JUSTICE SANJAY KUMAR,SUPREME_COURT,2026,C.A. No.-003607 - 2026,NITENDRA KUMAR TOMERVSUNOX S.P.A.,National,Principal,,,COMPLETED,10410/2026,MANOJ SWARUP AND CO.- 399 __,HON'BLE MR. JUSTICE SANJAY KUMAR,2026-04-10,99,https://api.sci.gov.in/supremecourt/2026/10410/10410_2026_12_12_70004_Judgement_10-Apr-2026.pdf,2026 INSC 356(English),https://api.sci.gov.in/supremecourt/2026/10410/10410_2026_12_12_70004_Judgement_10-Apr-2026.pdf,
HON'BLE MR. JUSTICE SANJAY KUMAR,SUPREME_COURT,2025,C.A. No.-004019 - 2025,GLS FILMS INDUSTRIES PRIVATE LIMITEDVSCHEMICAL SUPPLIERS INDIA PRIVATE LIMITED,National,Principal,,,COMPLETED,12963/2025,SANDEEP CHOUDHARY- 3131 __,HON'BLE MR. JUSTICE SANJAY KUMAR,2026-04-09,463,https://api.sci.gov.in/supremecourt/2025/12963/12963_2025_12_1501_69869_Judgement_09-Apr-2026.pdf,2026 INSC 344(English),https://api.sci.gov.in/supremecourt/2025/12963/12963_2025_12_1501_69869_Judgement_09-Apr-2026.pdf,
HON'BLE MR. JUSTICE SANJAY KUMAR,SUPREME_COURT,2021,Crl.A. No.-000558-000558 - 2021,SADEK ALI @ MD. SADEK ALIVSTHE STATE OF ASSAM,National,Principal,,,COMPLETED,13888/2021,TALHA ABDUL RAHMAN- 2467 __,HON'BLE MR. JUSTICE SANJAY KUMAR,2026-04-28,1943,https://api.sci.gov.in/supremecourt/2021/13888/13888_2021_12_1501_70593_Judgement_28-Apr-2026.pdf,2026 INSC 421(English),https://api.sci.gov.in/supremecourt/2021/13888/13888_2021_12_1501_70593_Judgement_28-Apr-2026.pdf,
HON'BLE MR. JUSTICE SANJAY KUMAR,SUPREME_COURT,2019,SLP(C) No.-024430-024431 - 2019,THE SECRETARY GOVERNMENT OF TAMIL NADUVSS. RAJA,National,Principal,,,COMPLETED,36197/2019,__,HON'BLE MR. JUSTICE SANJAY KUMAR,2026-04-22,2668,https://api.sci.gov.in/supremecourt/2019/36197/36197_2019_12_1501_70390_Judgement_22-Apr-2026.pdf,2026 INSC 407(English),https://api.sci.gov.in/supremecourt/2019/36197/36197_2019_12_1501_70390_Judgement_22-Apr-2026.pdf,
HON'BLE MR. JUSTICE SANJAY KUMAR,SUPREME_COURT,2026,C.A. No.-004664-004664 - 2026,M/S MCM WORLDWIDE PRIVATE LIMITEDVSM/S CONSTRUCTION INDUSTRY DEVELOPMENT COUNCIL,National,Principal,,,COMPLETED,43648/2025,MOHINI PRIYA- 2977 __,HON'BLE MR. JUSTICE SANJAY KUMAR,2026-04-21,475,https://api.sci.gov.in/supremecourt/2025/43648/43648_2025_12_11_70338_Judgement_21-Apr-2026.pdf,2026 INSC 425(English),https://api.sci.gov.in/supremecourt/2025/43648/43648_2025_12_11_70338_Judgement_21-Apr-2026.pdf,
HON'BLE MR. JUSTICE SANJAY KUMAR,SUPREME_COURT,2025,SLP(Crl) No.-013755 - 2025,RAHUL GUPTAVSSTATION HOUSE OFFICER,National,Principal,,,COMPLETED,45979/2025,PETITIONER-IN-PERSON __,HON'BLE MR. JUSTICE SANJAY KUMAR,2026-04-16,470,https://api.sci.gov.in/supremecourt/2025/45979/45979_2025_12_1501_70124_Judgement_16-Apr-2026.pdf,2026 INSC 374(English),https://api.sci.gov.in/supremecourt/2025/45979/45979_2025_12_1501_70124_Judgement_16-Apr-2026.pdf,
HON'BLE MR. JUSTICE SANJAY KUMAR,SUPREME_COURT,2026,C.A. No.-006525-006525 - 2026,CHALLANI GINNING AND PRESSING FACTORYVSKAMAL,National,Principal,,,COMPLETED,72357/2025,SANDEEP SUDHAKAR DESHMUKH- 2461 __,HON'BLE MR. JUSTICE SANJAY KUMAR,2026-04-23,477,https://api.sci.gov.in/supremecourt/2025/72357/72357_2025_12_14_70479_Judgement_23-Apr-2026.pdf,2026 INSC 426(English),https://api.sci.gov.in/supremecourt/2025/72357/72357_2025_12_14_70479_Judgement_23-Apr-2026.pdf,
HON'BLE MR. JUSTICE SANJAY KUMAR,SUPREME_COURT,2026,C.A. No.-007935-007935 - 2026,NEELAMVSGANGA SINGH,National,Principal,,,COMPLETED,211/2020,RAVI PANWAR- 2492 __,HON'BLE MR. JUSTICE SANJAY KUMAR,2026-05-15,2326,https://api.sci.gov.in/supremecourt/2020/211/211_2020_12_51_71182_Judgement_15-May-2026.pdf,2026 INSC 512(English),https://api.sci.gov.in/supremecourt/2020/211/211_2020_12_51_71182_Judgement_15-May-2026.pdf,
HON'BLE MR. JUSTICE SANJAY KUMAR,SUPREME_COURT,2026,Crl.A. No.-002926-002926 - 2026,THE STATE OF MAHARASHTRAVSRAHUL DATTA BHOSALE,National,Principal,,,COMPLETED,793/2026,AADITYA ANIRUDDHA PANDE- 3259 __,HON'BLE MR. JUSTICE SANJAY KUMAR,2026-05-27,146,https://api.sci.gov.in/supremecourt/2026/793/793_2026_12_55_71627_Judgement_27-May-2026.pdf,2026 INSC 596(English),https://api.sci.gov.in/supremecourt/2026/793/793_2026_12_55_71627_Judgement_27-May-2026.pdf,
HON'BLE MR. JUSTICE SANJAY KUMAR,SUPREME_COURT,2026,Crl.A. No.-002530-002530 - 2026,MADAN GOPALVSSTATE OF U.P.,National,Principal,,,COMPLETED,3444/2026,DIVYESH PRATAP SINGH- 2543 __,HON'BLE MR. JUSTICE SANJAY KUMAR,2026-05-14,133,https://api.sci.gov.in/supremecourt/2026/3444/3444_2026_12_30_71165_Judgement_14-May-2026.pdf,2026 INSC 501(English),https://api.sci.gov.in/supremecourt/2026/3444/3444_2026_12_30_71165_Judgement_14-May-2026.pdf,
HON'BLE MR. JUSTICE SANJAY KUMAR,SUPREME_COURT,2023,C.A. No.-001526 - 2023,ALPHA CORP DEVELOPMENT PRIVATE LIMITEDVSGREATER NOIDA INDUSTRIAL DEVELOPMENT AUTHORITY (GNIDA),National,Principal,,,COMPLETED,8392/2023,SAMEER ABHYANKAR- 2516 __,HON'BLE MR. JUSTICE SANJAY KUMAR,2026-05-05,1220,https://api.sci.gov.in/supremecourt/2023/8392/8392_2023_12_1501_70789_Judgement_05-May-2026.pdf,2026 INSC 449(English),https://api.sci.gov.in/supremecourt/2023/8392/8392_2023_12_1501_70789_Judgement_05-May-2026.pdf,
HON'BLE MR. JUSTICE SANJAY KUMAR,SUPREME_COURT,2026,C.A. No.-008192-008193 - 2026,BHUPESH BHAYANAVSKUNAL SETH,National,Principal,,,COMPLETED,20732/2024,SANDEEP SINGH- 2778 __,HON'BLE MR. JUSTICE SANJAY KUMAR,2026-05-26,876,https://api.sci.gov.in/supremecourt/2024/20732/20732_2024_12_1501_71566_Judgement_26-May-2026.pdf,2026 INSC 546(English),https://api.sci.gov.in/supremecourt/2024/20732/20732_2024_12_1501_71566_Judgement_26-May-2026.pdf,
HON'BLE MR. JUSTICE SANJAY KUMAR,SUPREME_COURT,2025,C.A. No.-007432 - 2025,PUNJAB STATE POWER CORPORATION LIMITEDVSTALWANDI SABO POWER LIMITED,National,Principal,,,COMPLETED,27720/2025,PRAMOD DAYAL- 500 __,HON'BLE MR. JUSTICE SANJAY KUMAR,2026-05-20,504,https://api.sci.gov.in/supremecourt/2025/27720/27720_2025_12_1501_71330_Judgement_20-May-2026.pdf,2026 INSC 515(English),https://api.sci.gov.in/supremecourt/2025/27720/27720_2025_12_1501_71330_Judgement_20-May-2026.pdf,
HON'BLE MR. JUSTICE SANJAY KUMAR,SUPREME_COURT,2026,C.A. No.-007834-007834 - 2026,SANTHOSHVSUNITED INDIA INSURANCE CO. LTD.,National,Principal,,,COMPLETED,27887/2023,ANAND DILIP LANDGE- 2739 __,HON'BLE MR. JUSTICE SANJAY KUMAR,2026-05-12,1227,https://api.sci.gov.in/supremecourt/2023/27887/27887_2023_12_23_71053_Judgement_12-May-2026.pdf,2026 INSC 500(English),https://api.sci.gov.in/supremecourt/2023/27887/27887_2023_12_23_71053_Judgement_12-May-2026.pdf,
HON'BLE MR. JUSTICE SANJAY KUMAR,SUPREME_COURT,2026,C.A. No.-007115-007115 - 2026,SEETHAMMAVSTHE STATE OF KARNATAKA,National,Principal,,,COMPLETED,35067/2023,GANESH KUMAR R.- 2356 __,HON'BLE MR. JUSTICE SANJAY KUMAR,2026-05-07,1222,https://api.sci.gov.in/supremecourt/2023/35067/35067_2023_12_1501_70798_Judgement_07-May-2026.pdf,2026 INSC 457(English),https://api.sci.gov.in/supremecourt/2023/35067/35067_2023_12_1501_70798_Judgement_07-May-2026.pdf,
HON'BLE MR. JUSTICE SANJAY KUMAR,SUPREME_COURT,2026,C.A. No.-007116-007116 - 2026,ELECON ENGINEERING COMPANY LIMITEDVSBHARTIYA RAIL BIJLEE COMPANY LIMITED,National,Principal,,,COMPLETED,54716/2025,ANKUR PRAKASH- 1992 __,HON'BLE MR. JUSTICE SANJAY KUMAR,2026-05-07,491,https://api.sci.gov.in/supremecourt/2025/54716/54716_2025_12_1502_70798_Judgement_07-May-2026.pdf,2026 INSC 458(English),https://api.sci.gov.in/supremecourt/2025/54716/54716_2025_12_1502_70798_Judgement_07-May-2026.pdf,
HON'BLE MR. JUSTICE SANJAY KUMAR,SUPREME_COURT,2026,C.A. No.-007847-007847 - 2026,"PROJECT DIRECTOR NATIONAL HIGHWAYS AUTHORITY OF INDIAVSALFA REMIDIS LTD, NAGPUR",National,Principal,,,COMPLETED,56230/2025,JAIKRITI S. JADEJA- 2299 __,HON'BLE MR. JUSTICE SANJAY KUMAR,2026-05-12,496,https://api.sci.gov.in/supremecourt/2025/56230/56230_2025_12_1501_71053_Judgement_12-May-2026.pdf,2026 INSC 480(English),https://api.sci.gov.in/supremecourt/2025/56230/56230_2025_12_1501_71053_Judgement_12-May-2026.pdf,
HON'BLE MR. JUSTICE SANJAY KUMAR,SUPREME_COURT,2026,Crl.A. No.-002568-002568 - 2026,VASANTHAVSSTATE OF TAMIL NADU,National,Principal,,,COMPLETED,59258/2025,MANJU JETLEY- 350 __,HON'BLE MR. JUSTICE SANJAY KUMAR,2026-05-15,499,https://api.sci.gov.in/supremecourt/2025/59258/59258_2025_12_1_71182_Judgement_15-May-2026.pdf,2026 INSC 513(English),https://api.sci.gov.in/supremecourt/2025/59258/59258_2025_12_1_71182_Judgement_15-May-2026.pdf,
HON'BLE MR. JUSTICE SANJAY KUMAR,SUPREME_COURT,2026,Crl.A. No.-002457-002457 - 2026,SUNISHA ANANDVSSTATE OF HARYANA,National,Principal,,,COMPLETED,59517/2025,SUPRIYA JUNEJA- 2195 __,HON'BLE MR. JUSTICE SANJAY KUMAR,2026-05-11,495,https://api.sci.gov.in/supremecourt/2025/59517/59517_2025_12_42_71001_Judgement_11-May-2026.pdf,2026 INSC 530(English),https://api.sci.gov.in/supremecourt/2025/59517/59517_2025_12_42_71001_Judgement_11-May-2026.pdf,
HON'BLE MR. JUSTICE SANJAY KUMAR,SUPREME_COURT,2026,C.A. No.-007826-007830 - 2026,HIRANI DEVELOPERVSNEHRU NAGAR SAMRUDDHI CHS LTD.,National,Principal,,,COMPLETED,61003/2025,SUCHITRA ATUL CHITALE- 1109 __,HON'BLE MR. JUSTICE SANJAY KUMAR,2026-05-13,497,https://api.sci.gov.in/supremecourt/2025/61003/61003_2025_12_1501_71082_Judgement_13-May-2026.pdf,2026 INSC 484(English),https://api.sci.gov.in/supremecourt/2025/61003/61003_2025_12_1501_71082_Judgement_13-May-2026.pdf,
HON'BLE MR. JUSTICE SANJAY KUMAR,SUPREME_COURT,2026,C.A. No.-008195-008195 - 2026,MONDIRA GHOSHVSCHAITALI GHOSH,National,Principal,,,COMPLETED,62647/2025,ABHIJIT SENGUPTA- 1258 __,HON'BLE MR. JUSTICE SANJAY KUMAR,2026-05-26,510,https://api.sci.gov.in/supremecourt/2025/62647/62647_2025_12_1502_71566_Judgement_26-May-2026.pdf,2026 INSC 545(English),https://api.sci.gov.in/supremecourt/2025/62647/62647_2025_12_1502_71566_Judgement_26-May-2026.pdf,
HON'BLE MR. JUSTICE SANJAY KUMAR,SUPREME_COURT,2026,Crl.A. No.-002868-002868 - 2026,GANDADHIPA SAHUVSSTATE OF ODISHA,National,Principal,,,COMPLETED,64228/2025,KIRAN KUMAR PATRA- 2367 __,HON'BLE MR. JUSTICE SANJAY KUMAR,2026-05-26,510,https://api.sci.gov.in/supremecourt/2025/64228/64228_2025_12_1503_71566_Judgement_26-May-2026.pdf,2026 INSC 544(English),https://api.sci.gov.in/supremecourt/2025/64228/64228_2025_12_1503_71566_Judgement_26-May-2026.pdf,
HON'BLE MR. JUSTICE SANJAY KUMAR,SUPREME_COURT,2025,C.A. No.-014439-014440 - 2025,ANGELWOODS APARTMENT ALLOTTEES ASSOCIATIONVSM LALITHA,National,Principal,,,COMPLETED,68128/2025,MANU KRISHNAN G- 3005 __,HON'BLE MR. JUSTICE SANJAY KUMAR,2026-05-12,496,https://api.sci.gov.in/supremecourt/2025/68128/68128_2025_12_1502_71053_Judgement_12-May-2026.pdf,2026 INSC 479(English),https://api.sci.gov.in/supremecourt/2025/68128/68128_2025_12_1502_71053_Judgement_12-May-2026.pdf,
HON'BLE MR. JUSTICE SANJAY KUMAR,SUPREME_COURT,2026,C.A. No.-008023-008023 - 2026,RR CONSTRUCTIONS AND INFRASTRUCTURE INDIA PVT. LTD.VSGAYATRI VENTURES,National,Principal,,,COMPLETED,73103/2025,DEVYANI GUPTA- 3482 __,HON'BLE MR. JUSTICE SANJAY KUMAR,2026-05-20,504,https://api.sci.gov.in/supremecourt/2025/73103/73103_2025_12_1502_71330_Judgement_20-May-2026.pdf,2026 INSC 514(English),https://api.sci.gov.in/supremecourt/2025/73103/73103_2025_12_1502_71330_Judgement_20-May-2026.pdf,
HON'BLE MR. JUSTICE SANJAY KUMAR,SUPREME_COURT,2026,Crl.A. No.-002507-002507 - 2026,PAPAN SARKAR @ PRANABVSSTATE OF WEST BENGAL,National,Principal,,,COMPLETED,73582/2025,ASHIMA MANDLA- 3671 __,HON'BLE MR. JUSTICE SANJAY KUMAR,2026-05-22,506,https://api.sci.gov.in/supremecourt/2025/73582/73582_2025_11_1501_71445_Judgement_22-May-2026.pdf,2026 INSC 528(English),https://api.sci.gov.in/supremecourt/2025/73582/73582_2025_11_1501_71445_Judgement_22-May-2026.pdf,
HON'BLE MR. JUSTICE SANJAY KUMAR,SUPREME_COURT,2026,C.A. No.-008813-008813 - 2026,PRASAD PANDURANG TAPKIRVSTHE ASSISTANT DIRECTOR OF TOWN PLANNING PUNE,National,Principal,,,COMPLETED,12088/2023,SAMRIDHI S. JAIN- 3488 __,HON'BLE MR. JUSTICE SANJAY KUMAR,2026-07-13,1289,https://api.sci.gov.in/supremecourt/2023/12088/12088_2023_9_1501_72006_Judgement_13-Jul-2026.pdf,2026 INSC 683(English),https://api.sci.gov.in/supremecourt/2023/12088/12088_2023_9_1501_72006_Judgement_13-Jul-2026.pdf,
HON'BLE MR. JUSTICE SANJAY KUMAR,SUPREME_COURT,2026,C.A. No.-008814-008815 - 2026,A.K. GHOSH AND COMPANYVSBIMAN BOSE,National,Principal,,,COMPLETED,22836/2025,SOUMYA DUTTA- 2537 __,HON'BLE MR. JUSTICE SANJAY KUMAR,2026-07-13,558,https://api.sci.gov.in/supremecourt/2025/22836/22836_2025_9_1502_72006_Judgement_13-Jul-2026.pdf,2026 INSC 684(English),https://api.sci.gov.in/supremecourt/2025/22836/22836_2025_9_1502_72006_Judgement_13-Jul-2026.pdf,
HON'BLE MR. JUSTICE SANJAY KUMAR,SUPREME_COURT,2025,C.A. No.-012190-012190 - 2025,MARAGADHAMVSPERIYARAJA,National,Principal,,,COMPLETED,30710/2015,G. BALAJI- 1450 __,HON'BLE MR. JUSTICE SANJAY KUMAR,2026-07-29,4227,https://api.sci.gov.in/supremecourt/2015/30710/30710_2015_9_1501_72670_Judgement_29-Jul-2026.pdf,2026 INSC 757(English),https://api.sci.gov.in/supremecourt/2015/30710/30710_2015_9_1501_72670_Judgement_29-Jul-2026.pdf,
HON'BLE MR. JUSTICE SANJAY KUMAR,SUPREME_COURT,2026,C.A. No.-010057-010057 - 2026,M/S PATEL INFRASTRUCTURE LIMITEDVSM/S ADITYA CONSTRUCTION,National,Principal,,,COMPLETED,2543/2026,TARUNA SINGH GOHIL- 2509 __,HON'BLE MR. JUSTICE SANJAY KUMAR,2026-08-05,216,https://api.sci.gov.in/supremecourt/2026/2543/2543_2026_9_1502_72971_Judgement_05-Aug-2026.pdf,2026 INSC 804(English),https://api.sci.gov.in/supremecourt/2026/2543/2543_2026_9_1502_72971_Judgement_05-Aug-2026.pdf,
HON'BLE MR. JUSTICE SANJAY KUMAR,SUPREME_COURT,2026,C.A. No.-010609-010610 - 2026,PUNJAB NATIONAL BANKVSM/S. SHREE JYOTI EDUCATION AND MANAGEMENT TRUST WORLD,National,Principal,,,COMPLETED,27399/2024,EKTA CHOUDHARY- 3001 __,HON'BLE MR. JUSTICE SANJAY KUMAR,2026-08-12,954,https://api.sci.gov.in/supremecourt/2024/27399/27399_2024_9_1501_73188_Judgement_12-Aug-2026.pdf,2026 INSC 836(English),https://api.sci.gov.in/supremecourt/2024/27399/27399_2024_9_1501_73188_Judgement_12-Aug-2026.pdf,
HON'BLE MR. JUSTICE SANJAY KUMAR,SUPREME_COURT,2011,C.A. No.-000244-000244 - 2011,SURAJ BHANVSASHVARYA ESTATE PVT. LTD (JAGMAL SINGH),National,Principal,,,COMPLETED,35368/2007,KRISHAN SINGH CHAUHAN __,HON'BLE MR. JUSTICE SANJAY KUMAR,2026-08-03,7154,https://api.sci.gov.in/supremecourt/2007/35368/35368_2007_9_1501_72858_Judgement_03-Aug-2026.pdf,2026 INSC 786(English),https://api.sci.gov.in/supremecourt/2007/35368/35368_2007_9_1501_72858_Judgement_03-Aug-2026.pdf,
HON'BLE MR. JUSTICE SANJAY KUMAR,SUPREME_COURT,2026,C.A. No.-010056-010056 - 2026,KKH FINVEST PVT. LTD.VSASHIESH SHUKLA,National,Principal,,,COMPLETED,55910/2024,DIVYA ROY- 1820 __,HON'BLE MR. JUSTICE SANJAY KUMAR,2026-08-05,947,https://api.sci.gov.in/supremecourt/2024/55910/55910_2024_9_1501_72971_Judgement_05-Aug-2026.pdf,2026 INSC 803(English),https://api.sci.gov.in/supremecourt/2024/55910/55910_2024_9_1501_72971_Judgement_05-Aug-2026.pdf,
HON'BLE MR. JUSTICE SANJAY KUMAR,SUPREME_COURT,2025,C.A. No.-003440 - 2025,M/S. CARESTREAM HEALTH INDIA PVT. LTD.VSCOMMISSIONER OF CUSTOMS,National,Principal,,,COMPLETED,59945/2024,CHARANYA LAKSHMIKUMARAN- 2735 __,HON'BLE MR. JUSTICE SANJAY KUMAR,2026-08-12,954,https://api.sci.gov.in/supremecourt/2024/59945/59945_2024_9_1502_73188_Judgement_12-Aug-2026.pdf,2026 INSC 837(English),https://api.sci.gov.in/supremecourt/2024/59945/59945_2024_9_1502_73188_Judgement_12-Aug-2026.pdf,
HON'BLE MR. JUSTICE SANJAY KUMAR,SUPREME_COURT,2026,Crl.A. No.-004158-004158 - 2026,SAHAB SINGH ALIAS SAT PALVSSTATE OF HARYANA,National,Principal,,,COMPLETED,3628/2026,S. MAHENDRAN- 1526 __,HON'BLE MR. JUSTICE SANJAY KUMAR,2026-09-02,244,https://api.sci.gov.in/supremecourt/2026/3628/3628_2026_8_1503_73959_Judgement_02-Sep-2026.pdf,2026 INSC 945(English),https://api.sci.gov.in/supremecourt/2026/3628/3628_2026_8_1503_73959_Judgement_02-Sep-2026.pdf,
HON'BLE MR. JUSTICE SANJAY KUMAR,SUPREME_COURT,2025,C.A. No.-007221 - 2025,M/S NEW INDIA ASSURANCE COMPANY LTD.VSM/S HEMKUND DUPLEX AND BOARD PVT. LTD.,National,Principal,,,COMPLETED,22724/2025,MANJEET CHAWLA- 378 __,HON'BLE MR. JUSTICE SANJAY KUMAR,2026-09-21,628,https://api.sci.gov.in/supremecourt/2025/22724/22724_2025_8_1501_74470_Judgement_21-Sep-2026.pdf,2026 INSC 1023(English),https://api.sci.gov.in/supremecourt/2025/22724/22724_2025_8_1501_74470_Judgement_21-Sep-2026.pdf,
HON'BLE MR. JUSTICE SANJAY KUMAR,SUPREME_COURT,2015,C.A. No.-008531-008531 - 2015,KOTAK MAHINDRA BANK LTD.VSTRUPTI SANJAY MEHTA,National,Principal,,,COMPLETED,23101/2015,E. C. AGRAWALA- 177 __,HON'BLE MR. JUSTICE SANJAY KUMAR,2026-09-02,4262,https://api.sci.gov.in/supremecourt/2015/23101/23101_2015_8_1501_73959_Judgement_02-Sep-2026.pdf,2026 INSC 943(English),https://api.sci.gov.in/supremecourt/2015/23101/23101_2015_8_1501_73959_Judgement_02-Sep-2026.pdf,
HON'BLE MR. JUSTICE SANJAY KUMAR,SUPREME_COURT,2026,C.A. No.-012163-012164 - 2026,M.R.R. SETTY(DEAD) BY LRSVSGOVERNMENT OF KARNATAKA,National,Principal,,,COMPLETED,34704/2023,RAVI BHARUKA- 2877 __,HON'BLE MR. JUSTICE SANJAY KUMAR,2026-09-02,1340,https://api.sci.gov.in/supremecourt/2023/34704/34704_2023_8_1502_73959_Judgement_02-Sep-2026.pdf,2026 INSC 944(English),https://api.sci.gov.in/supremecourt/2023/34704/34704_2023_8_1502_73959_Judgement_02-Sep-2026.pdf,
HON'BLE MR. JUSTICE SANJAY KUMAR,SUPREME_COURT,2026,C.A. No.-013138-013138 - 2026,MAHANADI COALFIELDS LTDVSM/S GSCO (GURMEET SINGH AND COMPANY) INFRASTRUCTURE PVT. LTD.,National,Principal,,,COMPLETED,39599/2025,SIDDHARTH JAIN- 2811 __,HON'BLE MR. JUSTICE SANJAY KUMAR,2026-09-23,630,https://api.sci.gov.in/supremecourt/2025/39599/39599_2025_8_1501_74523_Judgement_23-Sep-2026.pdf,2026 INSC 1038(English),https://api.sci.gov.in/supremecourt/2025/39599/39599_2025_8_1501_74523_Judgement_23-Sep-2026.pdf,
HON'BLE MR. JUSTICE SANJAY KUMAR,SUPREME_COURT,2026,Crl.A. No.-004477-004477 - 2026,KUSUMAVATI GOWDAVSTHE GOVERNMENT OF KARNATAKA,National,Principal,,,COMPLETED,66587/2025,ASHUTOSH DUBEY- 2408 __,HON'BLE MR. JUSTICE SANJAY KUMAR,2026-09-21,628,https://api.sci.gov.in/supremecourt/2025/66587/66587_2025_8_1502_74470_Judgement_21-Sep-2026.pdf,2026 INSC 1030(English),https://api.sci.gov.in/supremecourt/2025/66587/66587_2025_8_1502_74470_Judgement_21-Sep-2026.pdf,
HON'BLE MR. JUSTICE AHSANUDDIN AMANULLAH,SUPREME_COURT,2018,Crl.A. No.-000430-000430 - 2018,THE STATE OF HIMACHAL PRADESHVSCHAMAN LAL,National,Principal,,,COMPLETED,7284/2015,ABHINAV MUKERJI __,HON'BLE MR. JUSTICE AHSANUDDIN AMANULLAH,2026-01-15,4032,https://api.sci.gov.in/supremecourt/2015/7284/7284_2015_13_1501_67374_Judgement_15-Jan-2026.pdf,2026 INSC 57(English),https://api.sci.gov.in/supremecourt/2015/7284/7284_2015_13_1501_67374_Judgement_15-Jan-2026.pdf,
HON'BLE MR. JUSTICE AHSANUDDIN AMANULLAH,SUPREME_COURT,2026,C.A. No.-000152-000152 - 2026,M/S JINDAL EQUIPMENT LEASING CONSULTANCY SERVICES LTD.VSCOMMISSIONER OF INCOME TAX,National,Principal,,,COMPLETED,25974/2020,KAVITA JHA __,HON'BLE MR. JUSTICE R. MAHADEVAN,2026-01-09,2200,https://api.sci.gov.in/supremecourt/2020/25974/25974_2020_13_1501_67326_Judgement_09-Jan-2026.pdf,2026 INSC 46(English),https://api.sci.gov.in/supremecourt/2020/25974/25974_2020_13_1501_67326_Judgement_09-Jan-2026.pdf,
HON'BLE MR. JUSTICE AHSANUDDIN AMANULLAH,SUPREME_COURT,2026,Crl.A. No.-000164-000164 - 2026,XVSTHE STATE OF UTTAR PRADESH,National,Principal,,,COMPLETED,26489/2025,MD. ALI- 2635 __,HON'BLE MR. JUSTICE R. MAHADEVAN,2026-01-09,373,https://api.sci.gov.in/supremecourt/2025/26489/26489_2025_13_1502_67326_Judgement_09-Jan-2026.pdf,2026 INSC 44(English),https://api.sci.gov.in/supremecourt/2025/26489/26489_2025_13_1502_67326_Judgement_09-Jan-2026.pdf,
HON'BLE MR. JUSTICE AHSANUDDIN AMANULLAH,SUPREME_COURT,2026,Crl.A. No.-001155-001155 - 2026,THE STATE OF KERALAVSM/S PANACEA BIOTEC LTD.,National,Principal,,,COMPLETED,5043/2023,HARSHAD V. HAMEED- 2127 __,HON'BLE MR. JUSTICE AHSANUDDIN AMANULLAH,2026-02-26,1152,https://api.sci.gov.in/supremecourt/2023/5043/5043_2023_13_1501_69014_Judgement_26-Feb-2026.pdf,2026 INSC 200(English),https://api.sci.gov.in/supremecourt/2023/5043/5043_2023_13_1501_69014_Judgement_26-Feb-2026.pdf,
HON'BLE MR. JUSTICE AHSANUDDIN AMANULLAH,SUPREME_COURT,2022,C.A. No.-005289 - 2022,PARSVNATH DEVELOPERS LTD.VSMOHIT KHIRBAT,National,Principal,,,COMPLETED,27035/2019,RAJESH P.- 2247 __ MONIKA GUSAIN,HON'BLE MR. JUSTICE R. MAHADEVAN,2026-02-20,2607,https://api.sci.gov.in/supremecourt/2019/27035/27035_2019_11_1501_68618_Judgement_20-Feb-2026.pdf,2026 INSC 170(English),https://api.sci.gov.in/supremecourt/2019/27035/27035_2019_11_1501_68618_Judgement_20-Feb-2026.pdf,
HON'BLE MR. JUSTICE AHSANUDDIN AMANULLAH,SUPREME_COURT,2026,C.A. No.-002557-002578 - 2026,M/S. HAMDARD (WAKF) LABORATORIESVSCOMMISSIONER OF COMMERCIAL TAX,National,Principal,,,COMPLETED,38580/2018,ABHISHEK KUMAR SINGH- 2821 __,HON'BLE MR. JUSTICE AHSANUDDIN AMANULLAH,2026-02-25,2977,https://api.sci.gov.in/supremecourt/2018/38580/38580_2018_13_1501_69013_Judgement_25-Feb-2026.pdf,2026 INSC 195(English),https://api.sci.gov.in/supremecourt/2018/38580/38580_2018_13_1501_69013_Judgement_25-Feb-2026.pdf,
HON'BLE MR. JUSTICE AHSANUDDIN AMANULLAH,SUPREME_COURT,2015,Crl.A. No.-001630-001630 - 2015,MANOJVSTHE STATE OF MAHARASHTRA,National,Principal,,,COMPLETED,40508/2014,FAISAL SHERWANI - 2284 __,HON'BLE MR. JUSTICE R. MAHADEVAN,2026-02-13,4426,https://api.sci.gov.in/supremecourt/2014/40508/40508_2014_13_1501_68380_Judgement_13-Feb-2026.pdf,2026 INSC 152(English),https://api.sci.gov.in/supremecourt/2014/40508/40508_2014_13_1501_68380_Judgement_13-Feb-2026.pdf,
HON'BLE MR. JUSTICE AHSANUDDIN AMANULLAH,SUPREME_COURT,2026,Crl.A. No.-000825-000825 - 2026,ZEBA KHANVSSTATE OF U.P.,National,Principal,,,COMPLETED,45234/2025,ALABHYA DHAMIJA- 4156 __,HON'BLE MR. JUSTICE R. MAHADEVAN,2026-02-11,406,https://api.sci.gov.in/supremecourt/2025/45234/45234_2025_13_1501_68493_Judgement_11-Feb-2026.pdf,2026 INSC 144(English),https://api.sci.gov.in/supremecourt/2025/45234/45234_2025_13_1501_68493_Judgement_11-Feb-2026.pdf,
HON'BLE MR. JUSTICE AHSANUDDIN AMANULLAH,SUPREME_COURT,2026,CONMT.PET.(C) No.-000005 - 2026,ISRAR AHMAD KHANVSMS. RICHA SHARMA,National,Principal,,,COMPLETED,68649/2025,NITESH RANJAN- 3551 __,HON'BLE MR. JUSTICE AHSANUDDIN AMANULLAH,2026-02-24,419,https://api.sci.gov.in/supremecourt/2025/68649/68649_2025_13_60_68849_Judgement_24-Feb-2026.pdf,2026 INSC 209(English),https://api.sci.gov.in/supremecourt/2025/68649/68649_2025_13_60_68849_Judgement_24-Feb-2026.pdf,
HON'BLE MR. JUSTICE AHSANUDDIN AMANULLAH,SUPREME_COURT,2026,C.A. No.-003676-003676 - 2026,RELIANCE GENERAL INSURANCE COMPANY LTD.VSAVTAR SINGH,National,Principal,,,COMPLETED,9726/2020,PRERNA MEHTA- 1799 __,HON'BLE MR. JUSTICE AHSANUDDIN AMANULLAH,2026-03-23,2273,https://api.sci.gov.in/supremecourt/2020/9726/9726_2020_13_37_69555_Judgement_23-Mar-2026.pdf,2026 INSC 625(English),https://api.sci.gov.in/supremecourt/2020/9726/9726_2020_13_37_69555_Judgement_23-Mar-2026.pdf,
HON'BLE MR. JUSTICE AHSANUDDIN AMANULLAH,SUPREME_COURT,2024,C.A. No.-006100 - 2024,UNITED INDIA INSURANCE CO.LTD.VSSAYONA COLORS PVT. LTD.,National,Principal,,,COMPLETED,13972/2024,PRAMIT SAXENA- 1935 __,HON'BLE MR. JUSTICE AHSANUDDIN AMANULLAH,2026-03-17,806,https://api.sci.gov.in/supremecourt/2024/13972/13972_2024_13_8_69391_Judgement_17-Mar-2026.pdf,2026 INSC 287(English),https://api.sci.gov.in/supremecourt/2024/13972/13972_2024_13_8_69391_Judgement_17-Mar-2026.pdf,
HON'BLE MR. JUSTICE AHSANUDDIN AMANULLAH,SUPREME_COURT,2026,Crl.A. No.-001617-001617 - 2026,SANDEEP YADAVVSSATISH,National,Principal,,,COMPLETED,20806/2025,KARTIKEYA BHARGAVA- 3073 __,HON'BLE MR. JUSTICE AHSANUDDIN AMANULLAH,2026-03-25,448,https://api.sci.gov.in/supremecourt/2025/20806/20806_2025_13_1501_69638_Judgement_25-Mar-2026.pdf,2026 INSC 301(English),https://api.sci.gov.in/supremecourt/2025/20806/20806_2025_13_1501_69638_Judgement_25-Mar-2026.pdf,
HON'BLE MR. JUSTICE AHSANUDDIN AMANULLAH,SUPREME_COURT,2018,C.A. No.-002827-002829 - 2018,UNION OF INDIAVSROHIT NATHAN,National,Principal,,,COMPLETED,30325/2017,ARVIND KUMAR SHARMA- 1133 __,HON'BLE MR. JUSTICE AHSANUDDIN AMANULLAH,2026-03-11,3356,https://api.sci.gov.in/supremecourt/2017/30325/30325_2017_13_1501_69248_Judgement_11-Mar-2026.pdf,2026 INSC 230(English),https://api.sci.gov.in/supremecourt/2017/30325/30325_2017_13_1501_69248_Judgement_11-Mar-2026.pdf,
HON'BLE MR. JUSTICE AHSANUDDIN AMANULLAH,SUPREME_COURT,2026,Crl.A. No.-001864-001864 - 2026,DHAN JEE PANDEYVSTHE STATE OF BIHAR,National,Principal,,,COMPLETED,5530/2025,SARVSHREE- 3676 __,HON'BLE MR. JUSTICE R. MAHADEVAN,2026-04-10,464,https://api.sci.gov.in/supremecourt/2025/5530/5530_2025_13_1503_70006_Judgement_10-Apr-2026.pdf,2026 INSC 349(English),https://api.sci.gov.in/supremecourt/2025/5530/5530_2025_13_1503_70006_Judgement_10-Apr-2026.pdf,
HON'BLE MR. JUSTICE AHSANUDDIN AMANULLAH,SUPREME_COURT,2026,C.A. No.-004352-004352 - 2026,RAM CHANDRA CHOUDHARYVSROOP NAGAR DUGDH UTPADAK SAHAKARI SAMITI LTD,National,Principal,,,COMPLETED,20866/2023,PURUSHOTTAM SHARMA TRIPATHI- 1903 __,HON'BLE MR. JUSTICE AHSANUDDIN AMANULLAH,2026-04-10,1195,https://api.sci.gov.in/supremecourt/2023/20866/20866_2023_13_1501_70006_Judgement_10-Apr-2026.pdf,2026 INSC 347(English),https://api.sci.gov.in/supremecourt/2023/20866/20866_2023_13_1501_70006_Judgement_10-Apr-2026.pdf,
HON'BLE MR. JUSTICE AHSANUDDIN AMANULLAH,SUPREME_COURT,2026,C.A. No.-004353-004353 - 2026,M.V. RAMACHANDRASA SINCE DECEASED REPRESENTED BY LEGAL HEIRSVSM/S MAHENDRA WATCH COMPANY,National,Principal,,,COMPLETED,45990/2023,DEVASHISH BHARUKA __,HON'BLE MR. JUSTICE AHSANUDDIN AMANULLAH,2026-04-10,1195,https://api.sci.gov.in/supremecourt/2023/45990/45990_2023_13_1502_70006_Judgement_10-Apr-2026.pdf,2026 INSC 348(English),https://api.sci.gov.in/supremecourt/2023/45990/45990_2023_13_1502_70006_Judgement_10-Apr-2026.pdf,
HON'BLE MR. JUSTICE AHSANUDDIN AMANULLAH,SUPREME_COURT,2026,C.A. No.-004617-004618 - 2026,STATE OF UTTAR PRADESHVSAJAY KUMAR MALIK,National,Principal,,,COMPLETED,46099/2024,RUCHIRA GOEL- 2477 __,HON'BLE MR. JUSTICE AHSANUDDIN AMANULLAH,2026-04-20,840,https://api.sci.gov.in/supremecourt/2024/46099/46099_2024_13_1501_70363_Judgement_20-Apr-2026.pdf,2026 INSC 394(English),https://api.sci.gov.in/supremecourt/2024/46099/46099_2024_13_1501_70363_Judgement_20-Apr-2026.pdf,
HON'BLE MR. JUSTICE AHSANUDDIN AMANULLAH,SUPREME_COURT,2026,C.A. No.-007364-007364 - 2026,THE STATE OF JHARKHANDVSRANJAN KUMAR,National,Principal,,,COMPLETED,5809/2023,TULIKA MUKHERJEE- 2201 __,HON'BLE MR. JUSTICE AHSANUDDIN AMANULLAH,2026-05-08,1223,https://api.sci.gov.in/supremecourt/2023/5809/5809_2023_13_1501_70936_Judgement_08-May-2026.pdf,2026 INSC 466(English),https://api.sci.gov.in/supremecourt/2023/5809/5809_2023_13_1501_70936_Judgement_08-May-2026.pdf,
HON'BLE MR. JUSTICE AHSANUDDIN AMANULLAH,SUPREME_COURT,2026,C.A. No.-006883-006884 - 2026,THE STATE OF TAMIL NADUVSR SASIPRIYA,National,Principal,,,COMPLETED,16700/2025,PURNIMA KRISHNA- 2741 __,HON'BLE MR. JUSTICE AHSANUDDIN AMANULLAH,2026-05-04,488,https://api.sci.gov.in/supremecourt/2025/16700/16700_2025_12_1501_70762_Judgement_04-May-2026.pdf,2026 INSC 446(English),https://api.sci.gov.in/supremecourt/2025/16700/16700_2025_12_1501_70762_Judgement_04-May-2026.pdf,
HON'BLE MR. JUSTICE AHSANUDDIN AMANULLAH,SUPREME_COURT,2018,SLP(C) No.-026345 - 2018,THE ADONI MUNICIPALITY ADONIVSK. HAZRATH VALI,National,Principal,,,COMPLETED,35278/2018,__,HON'BLE MR. JUSTICE AHSANUDDIN AMANULLAH,2026-05-08,3049,https://api.sci.gov.in/supremecourt/2018/35278/35278_2018_13_301_71024_Judgement_08-May-2026.pdf,2026 INSC 495(English),https://api.sci.gov.in/supremecourt/2018/35278/35278_2018_13_301_71024_Judgement_08-May-2026.pdf,
HON'BLE MR. JUSTICE AHSANUDDIN AMANULLAH,SUPREME_COURT,2026,C.A. No.-008212-008213 - 2026,GOPALAKRISHNA SURAPANENIVSANURADHA SURPANENI MAIDEN,National,Principal,,,COMPLETED,38999/2014,BALAJI SRINIVASAN- 1546 __ RESPONDENT-IN-PERSON,HON'BLE MR. JUSTICE AHSANUDDIN AMANULLAH,2026-05-27,4529,https://api.sci.gov.in/supremecourt/2014/38999/38999_2014_13_80_71651_Judgement_27-May-2026.pdf,2026 INSC 623(English),https://api.sci.gov.in/supremecourt/2014/38999/38999_2014_13_80_71651_Judgement_27-May-2026.pdf,
HON'BLE MR. JUSTICE AHSANUDDIN AMANULLAH,SUPREME_COURT,2026,C.A. No.-007998-007998 - 2026,GENERAL MANAGER (HR)VSK POOVARASAN,National,Principal,,,COMPLETED,71206/2025,RAJESH KUMAR GAUTAM- 2540 __,HON'BLE MR. JUSTICE AHSANUDDIN AMANULLAH,2026-05-19,503,https://api.sci.gov.in/supremecourt/2025/71206/71206_2025_12_12_71283_Judgement_19-May-2026.pdf,2026 INSC 581(English),https://api.sci.gov.in/supremecourt/2025/71206/71206_2025_12_12_71283_Judgement_19-May-2026.pdf,
HON'BLE MR. JUSTICE AHSANUDDIN AMANULLAH,SUPREME_COURT,2026,C.A. No.-009052-009053 - 2026,M/S TATA STEEL LTD.VSVARSHA,National,Principal,,,COMPLETED,36520/2019,KUNAL CHATTERJI- 1811 __,HON'BLE MR. JUSTICE MANMOHAN,2026-07-17,2754,https://api.sci.gov.in/supremecourt/2019/36520/36520_2019_10_1501_72202_Judgement_17-Jul-2026.pdf,2026 INSC 717(English),https://api.sci.gov.in/supremecourt/2019/36520/36520_2019_10_1501_72202_Judgement_17-Jul-2026.pdf,
HON'BLE MR. JUSTICE AHSANUDDIN AMANULLAH,SUPREME_COURT,2026,C.A. No.-010967-010967 - 2026,THE STATE OF MAHARASHTRAVSSUDHAKAR SHIVARAM TEKE,National,Principal,,,COMPLETED,13809/2020,AADITYA ANIRUDDHA PANDE- 3259 __,HON'BLE MR. JUSTICE AHSANUDDIN AMANULLAH,2026-08-11,2414,https://api.sci.gov.in/supremecourt/2020/13809/13809_2020_9_7_73309_Judgement_11-Aug-2026.pdf,2026 INSC 883(English),https://api.sci.gov.in/supremecourt/2020/13809/13809_2020_9_7_73309_Judgement_11-Aug-2026.pdf,
HON'BLE MR. JUSTICE AHSANUDDIN AMANULLAH,SUPREME_COURT,2026,C.A. No.-010552-010563 - 2026,STATE OF HIMACHAL PRADESHVSJAMEET SINGH,National,Principal,,,COMPLETED,30151/2025,NISHANT KUMAR- 3203 __,HON'BLE MR. JUSTICE AHSANUDDIN AMANULLAH,2026-08-11,587,https://api.sci.gov.in/supremecourt/2025/30151/30151_2025_9_65_73309_Judgement_11-Aug-2026.pdf,2026 INSC 885(English),https://api.sci.gov.in/supremecourt/2025/30151/30151_2025_9_65_73309_Judgement_11-Aug-2026.pdf,
HON'BLE MR. JUSTICE AHSANUDDIN AMANULLAH,SUPREME_COURT,2026,SLP(Crl) No.-016256-016257 - 2026,KAILASH RAMVSSTATE OF RAJASTHAN,National,Principal,,,COMPLETED,34216/2026,KUMAR DUSHYANT SINGH- 2220 __,HON'BLE MR. JUSTICE AHSANUDDIN AMANULLAH,2026-08-13,224,https://api.sci.gov.in/supremecourt/2026/34216/34216_2026_10_52_73378_Judgement_13-Aug-2026.pdf,2026 INSC 916(English),https://api.sci.gov.in/supremecourt/2026/34216/34216_2026_10_52_73378_Judgement_13-Aug-2026.pdf,
HON'BLE MR. JUSTICE AHSANUDDIN AMANULLAH,SUPREME_COURT,2022,C.A. No.-000629-000629 - 2022,JARNAIL SINGH VSLACHHMI NARAIN GUPTA .,National,Principal,,,COMPLETED,34614/2011,CHANDRA BHUSHAN PRASAD- 1864 __ N. ANNAPOORANI- 1142,,2022-01-28,4045,https://api.sci.gov.in/supremecourt_vernacular/2011/34614/34614_2011_35_1501_32956_Judgement_28-Jan-2022_PUN.pdf,2022 INSC 105(ਪੰਜਾਬੀ),https://api.sci.gov.in//pdfdate/index1.php?dt=2022-01-28&dno=346142011&filename=supremecourt_vernacular/2011/34614/34614_2011_35_1501_32956_Judgement_28-Jan-2022_PUN.pdf,
HON'BLE MR. JUSTICE AHSANUDDIN AMANULLAH,SUPREME_COURT,2021,Crl.A. No.-001346-001346 - 2021,REJI BABYVSSUBI MARY,National,Principal,,,COMPLETED,48243/2018,ANKUR S. KULKARNI- 1685 __,HON'BLE MR. JUSTICE AHSANUDDIN AMANULLAH,2026-08-24,3157,https://api.sci.gov.in/supremecourt/2018/48243/48243_2018_9_1501_73721_Judgement_24-Aug-2026.pdf,2026 INSC 918(English),https://api.sci.gov.in/supremecourt/2018/48243/48243_2018_9_1501_73721_Judgement_24-Aug-2026.pdf,
HON'BLE MR. JUSTICE AHSANUDDIN AMANULLAH,SUPREME_COURT,2026,C.A. No.-010953-010953 - 2026,M/S SANTOSH ASSOCIATE PRIVATE LIMITEDVSHARYANA STATE INDUSTRIAL AND INFRASTRUCTURE DEVELOPMENT CORPORATION LIMITED,National,Principal,,,COMPLETED,59205/2025,RISHI KAPOOR- 3396 __,HON'BLE MR. JUSTICE AHSANUDDIN AMANULLAH,2026-08-17,593,https://api.sci.gov.in/supremecourt/2025/59205/59205_2025_9_1501_73395_Judgement_17-Aug-2026.pdf,2026 INSC 872(English),https://api.sci.gov.in/supremecourt/2025/59205/59205_2025_9_1501_73395_Judgement_17-Aug-2026.pdf,
HON'BLE MR. JUSTICE AHSANUDDIN AMANULLAH,SUPREME_COURT,2026,C.A. No.-013001-013003 - 2026,S. PANCHALINGUVSPEOPLES EDUCATION TRUST (R),National,Principal,,,COMPLETED,47457/2025,N. SAI VINOD- 2942 __,HON'BLE MR. JUSTICE AHSANUDDIN AMANULLAH,2026-09-18,625,https://api.sci.gov.in/supremecourt/2025/47457/47457_2025_8_1501_74404_Judgement_18-Sep-2026.pdf,2026 INSC 1010(English),https://api.sci.gov.in/supremecourt/2025/47457/47457_2025_8_1501_74404_Judgement_18-Sep-2026.pdf,
HON'BLE MR. JUSTICE AHSANUDDIN AMANULLAH,SUPREME_COURT,2026,C.A. No.-012592-012592 - 2026,M/S OIL AND NATURAL GAS CORPORATION LTDVSSURYAKAND D. LAD,National,Principal,,,COMPLETED,48510/2023,GUNNAM VENKATESWARA RAO- 1592 __,HON'BLE MR. JUSTICE AHSANUDDIN AMANULLAH,2026-09-09,1347,https://api.sci.gov.in/supremecourt/2023/48510/48510_2023_9_4_74159_Judgement_09-Sep-2026.pdf,2026 INSC 1019(English),https://api.sci.gov.in/supremecourt/2023/48510/48510_2023_9_4_74159_Judgement_09-Sep-2026.pdf,
HON'BLE MR. JUSTICE AHSANUDDIN AMANULLAH,SUPREME_COURT,2026,Crl.A. No.-004640-004640 - 2026,SAINABAVSSTATE OF KERALA,National,Principal,,,COMPLETED,61269/2025,TOM JOSEPH- 2953 __,HON'BLE MR. JUSTICE AHSANUDDIN AMANULLAH,2026-09-30,637,https://api.sci.gov.in/supremecourt/2025/61269/61269_2025_8_1501_74784_Judgement_30-Sep-2026.pdf,2026 INSC 1069(English),https://api.sci.gov.in/supremecourt/2025/61269/61269_2025_8_1501_74784_Judgement_30-Sep-2026.pdf,
HON'BLE MR. JUSTICE MANOJ MISRA,SUPREME_COURT,2010,C.A. No.-006640-006640 - 2010,HEMALATHA (D) BY LRS.VSTUKARAM(D) BY LRS..,National,Principal,,,COMPLETED,20898/2010,VIKAS UPADHYAY- 1900 __,HON'BLE MR. JUSTICE MANMOHAN,2026-01-22,5865,https://api.sci.gov.in/supremecourt/2010/20898/20898_2010_14_1501_67619_Judgement_22-Jan-2026.pdf,2026 INSC 82(English),https://api.sci.gov.in/supremecourt/2010/20898/20898_2010_14_1501_67619_Judgement_22-Jan-2026.pdf,
HON'BLE MR. JUSTICE MANOJ MISRA,SUPREME_COURT,2020,Crl.A. No.-000591-000591 - 2020,ANJANI SINGHVSTHE STATE OF UTTAR PRADESH,National,Principal,,,COMPLETED,36962/2019,RAKESH KUMAR-I- 1734 __,HON'BLE MR. JUSTICE MANOJ MISRA,2026-01-05,2561,https://api.sci.gov.in/supremecourt/2019/36962/36962_2019_14_1501_67203_Judgement_05-Jan-2026.pdf,2026 INSC 3(English),https://api.sci.gov.in/supremecourt/2019/36962/36962_2019_14_1501_67203_Judgement_05-Jan-2026.pdf,
HON'BLE MR. JUSTICE MANOJ MISRA,SUPREME_COURT,2026,C.A. No.-000172-000172 - 2026,KISHORILAL (D) THR. L.RSVSGOPAL,National,Principal,,,COMPLETED,40404/2017,PRATIBHA JAIN- 518 __,HON'BLE MR. JUSTICE MANOJ MISRA,2026-01-12,3298,https://api.sci.gov.in/supremecourt/2017/40404/40404_2017_13_1501_67367_Judgement_12-Jan-2026.pdf,2026 INSC 48(English),https://api.sci.gov.in/supremecourt/2017/40404/40404_2017_13_1501_67367_Judgement_12-Jan-2026.pdf,
HON'BLE MR. JUSTICE MANOJ MISRA,SUPREME_COURT,2022,C.A. No.-000477 - 2022,B. PRASHANTH HEGDEVSSTATE BANK OF INDIA,National,Principal,,,COMPLETED,471/2022,PRANJAL KISHORE- 3247 __,HON'BLE MR. JUSTICE MANOJ MISRA,2026-02-12,1503,https://api.sci.gov.in/supremecourt/2022/471/471_2022_14_1501_68458_Judgement_12-Feb-2026.pdf,2026 INSC 155(English),https://api.sci.gov.in/supremecourt/2022/471/471_2022_14_1501_68458_Judgement_12-Feb-2026.pdf,
HON'BLE MR. JUSTICE MANOJ MISRA,SUPREME_COURT,2012,Crl.A. No.-000457-000457 - 2012,GUDIPALLI SIDDHARTHA REDDYVSSTATE C.B.I.,National,Principal,,,COMPLETED,660/2012,ANIL KUMAR TANDALE __ MUKESH KUMAR MARORIA- 2324,HON'BLE MR. JUSTICE RAJESH BINDAL,2026-02-17,5161,https://api.sci.gov.in/supremecourt/2012/660/660_2012_12_1501_68565_Judgement_17-Feb-2026.pdf,2026 INSC 160(English),https://api.sci.gov.in/supremecourt/2012/660/660_2012_12_1501_68565_Judgement_17-Feb-2026.pdf,
HON'BLE MR. JUSTICE MANOJ MISRA,SUPREME_COURT,2026,C.A. No.-002545-002548 - 2026,M/S ADISHAKTI DEVELOPERSVSTHE STATE OF MAHARASHTRA,National,Principal,,,COMPLETED,17549/2018,RAVINDRA KESHAVRAO ADSURE- 1386 __,HON'BLE MR. JUSTICE MANOJ MISRA,2026-02-25,2977,https://api.sci.gov.in/supremecourt/2018/17549/17549_2018_14_1501_69007_Judgement_25-Feb-2026.pdf,2026 INSC 197(English),https://api.sci.gov.in/supremecourt/2018/17549/17549_2018_14_1501_69007_Judgement_25-Feb-2026.pdf,
HON'BLE MR. JUSTICE MANOJ MISRA,SUPREME_COURT,2026,Crl.A. No.-001127-001127 - 2026,VANDANA JAINVSTHE STATE OF UTTAR PRADESH,National,Principal,,,COMPLETED,20715/2021,E. C. AGRAWALA- 177 __,HON'BLE MR. JUSTICE MANOJ MISRA,2026-02-25,1881,https://api.sci.gov.in/supremecourt/2021/20715/20715_2021_14_1502_69007_Judgement_25-Feb-2026.pdf,2026 INSC 192(English),https://api.sci.gov.in/supremecourt/2021/20715/20715_2021_14_1502_69007_Judgement_25-Feb-2026.pdf,
HON'BLE MR. JUSTICE MANOJ MISRA,SUPREME_COURT,2026,C.A. No.-003571-003571 - 2026,VIRINDER PAL SINGHVSPUNJAB AND SIND BANK,National,Principal,,,COMPLETED,603/2024,UDITA SINGH- 2248 __,HON'BLE MR. JUSTICE MANOJ MISRA,2026-03-19,808,https://api.sci.gov.in/supremecourt/2024/603/603_2024_14_1505_69460_Judgement_19-Mar-2026.pdf,2026 INSC 266(English),https://api.sci.gov.in/supremecourt/2024/603/603_2024_14_1505_69460_Judgement_19-Mar-2026.pdf,
HON'BLE MR. JUSTICE MANOJ MISRA,SUPREME_COURT,2023,C.A. No.-004841 - 2023,SANT ROHIDAS LEATHER INDUSTRIES AND CHARMAKAR DEVELOPMENT CORPORATION LTD.VSVIJAYA BANK,National,Principal,,,COMPLETED,22313/2023,T. R. B. SIVAKUMAR- 1987 __,HON'BLE MR. JUSTICE MANOJ MISRA,2026-03-19,1173,https://api.sci.gov.in/supremecourt/2023/22313/22313_2023_14_1502_69460_Judgement_19-Mar-2026.pdf,2026 INSC 264(English),https://api.sci.gov.in/supremecourt/2023/22313/22313_2023_14_1502_69460_Judgement_19-Mar-2026.pdf,
HON'BLE MR. JUSTICE MANOJ MISRA,SUPREME_COURT,2026,Crl.A. No.-001470-001470 - 2026,V. GANESANVSSTATE REP BY THE SUB INSPECTOR OF POLICE,National,Principal,,,COMPLETED,26019/2023,M.P. PARTHIBAN- 2667 __,HON'BLE MR. JUSTICE MANOJ MISRA,2026-03-19,1173,https://api.sci.gov.in/supremecourt/2023/26019/26019_2023_14_1503_69460_Judgement_19-Mar-2026.pdf,2026 INSC 265(English),https://api.sci.gov.in/supremecourt/2023/26019/26019_2023_14_1503_69460_Judgement_19-Mar-2026.pdf,
HON'BLE MR. JUSTICE MANOJ MISRA,SUPREME_COURT,2026,C.A. No.-003708-003708 - 2026,UNION OF INDIAVSBALAKRISHNAN MULLIKOTE (EX HAV 256812 M),National,Principal,,,COMPLETED,27246/2023,__,HON'BLE MR. JUSTICE MANOJ MISRA,2026-03-24,1178,https://api.sci.gov.in/supremecourt/2023/27246/27246_2023_14_1501_69641_Judgement_24-Mar-2026.pdf,2026 INSC 286(English),https://api.sci.gov.in/supremecourt/2023/27246/27246_2023_14_1501_69641_Judgement_24-Mar-2026.pdf,
HON'BLE MR. JUSTICE MANOJ MISRA,SUPREME_COURT,2026,C.A. No.-004342-004343 - 2026,POONAM DWIVEDIVSSTATE OF U.P,National,Principal,,,COMPLETED,5089/2023,PARUL SHUKLA- 2473 __,HON'BLE MR. JUSTICE MANOJ MISRA,2026-04-10,1195,https://api.sci.gov.in/supremecourt/2023/5089/5089_2023_14_1501_70075_Judgement_10-Apr-2026.pdf,2026 INSC 351(English),https://api.sci.gov.in/supremecourt/2023/5089/5089_2023_14_1501_70075_Judgement_10-Apr-2026.pdf,
HON'BLE MR. JUSTICE MANOJ MISRA,SUPREME_COURT,2026,C.A. No.-004350-004351 - 2026,KAMAL PRASAD DUBEYVSTHE STATE OF MADHYA PRADESH,National,Principal,,,COMPLETED,10215/2020,RUCHI GUPTA- 3112 __,HON'BLE MR. JUSTICE N.V. ANJARIA,2026-04-10,2291,https://api.sci.gov.in/supremecourt/2020/10215/10215_2020_14_1503_70075_Judgement_10-Apr-2026.pdf,2026 INSC 353(English),https://api.sci.gov.in/supremecourt/2020/10215/10215_2020_14_1503_70075_Judgement_10-Apr-2026.pdf,
HON'BLE MR. JUSTICE MANOJ MISRA,SUPREME_COURT,2026,C.A. No.-004347-004348 - 2026,THE STATE OF KERALAVSM. VIJAYAKUMAR,National,Principal,,,COMPLETED,12601/2023,C. K. SASI- 1323 __,HON'BLE MR. JUSTICE MANOJ MISRA,2026-04-10,1195,https://api.sci.gov.in/supremecourt/2023/12601/12601_2023_14_1502_70075_Judgement_10-Apr-2026.pdf,2026 INSC 352(English),https://api.sci.gov.in/supremecourt/2023/12601/12601_2023_14_1502_70075_Judgement_10-Apr-2026.pdf,
HON'BLE MR. JUSTICE MANOJ MISRA,SUPREME_COURT,2019,Crl.A. No.-001807-001807 - 2019,SIVAKUMARVSSTATE REP BY THE INSPECTOR OF POLICE,National,Principal,,,COMPLETED,17615/2019,M.P. PARTHIBAN- 2667 __,HON'BLE MR. JUSTICE MANOJ MISRA,2026-04-06,2652,https://api.sci.gov.in/supremecourt/2019/17615/17615_2019_14_1501_69954_Judgement_06-Apr-2026.pdf,2026 INSC 318(English),https://api.sci.gov.in/supremecourt/2019/17615/17615_2019_14_1501_69954_Judgement_06-Apr-2026.pdf,
HON'BLE MR. JUSTICE MANOJ MISRA,SUPREME_COURT,2013,Crl.A. No.-000654-000654 - 2013,SAMARENDRA NATH KUNDU .VSSADHANA DAS .,National,Principal,,,COMPLETED,21496/2012,RAJ KAMAL- 2077 __ RANJAN MUKHERJEE- 1042,HON'BLE MR. JUSTICE MANOJ MISRA,2026-04-01,5204,https://api.sci.gov.in/supremecourt/2012/21496/21496_2012_13_1501_69792_Judgement_01-Apr-2026.pdf,2026 INSC 304(English),https://api.sci.gov.in/supremecourt/2012/21496/21496_2012_13_1501_69792_Judgement_01-Apr-2026.pdf,
HON'BLE MR. JUSTICE MANOJ MISRA,SUPREME_COURT,2026,C.A. No.-004317-004317 - 2026,SIB NATH CHATTERJEEVSTULSIDAS CHATTERJEE,National,Principal,,,COMPLETED,26217/2019,SUBHASISH BHOWMICK- 1779 __,HON'BLE MR. JUSTICE MANOJ MISRA,2026-04-09,2655,https://api.sci.gov.in/supremecourt/2019/26217/26217_2019_14_25_70040_Judgement_09-Apr-2026.pdf,2026 INSC 409(English),https://api.sci.gov.in/supremecourt/2019/26217/26217_2019_14_25_70040_Judgement_09-Apr-2026.pdf,
HON'BLE MR. JUSTICE MANOJ MISRA,SUPREME_COURT,2026,C.A. No.-004130-004130 - 2026,"JAI PRAKASH SAINIVSMANAGING DIRECTOR, U.P. COOPERATIVE FEDERATION LTD.",National,Principal,,,COMPLETED,30806/2019,__,HON'BLE MR. JUSTICE MANOJ MISRA,2026-04-01,2647,https://api.sci.gov.in/supremecourt/2019/30806/30806_2019_13_1502_69792_Judgement_01-Apr-2026.pdf,2026 INSC 305(English),https://api.sci.gov.in/supremecourt/2019/30806/30806_2019_13_1502_69792_Judgement_01-Apr-2026.pdf,
HON'BLE MR. JUSTICE MANOJ MISRA,SUPREME_COURT,2026,C.A. No.-006716-006716 - 2026,HOME CARE RETAIL MARTS PVT. LTD. THROUGH ITS AUTHORISED REPRESENTATIVEVSHARESH N. SANGHAVI,National,Principal,,,COMPLETED,34891/2015,ROOH-E-HINA DUA- 3014 __,HON'BLE MR. JUSTICE MANOJ MISRA,2026-04-24,4131,https://api.sci.gov.in/supremecourt/2015/34891/34891_2015_14_1501_70498_Judgement_24-Apr-2026.pdf,2026 INSC 415(English),https://api.sci.gov.in/supremecourt/2015/34891/34891_2015_14_1501_70498_Judgement_24-Apr-2026.pdf,
HON'BLE MR. JUSTICE MANOJ MISRA,SUPREME_COURT,2026,Crl.A. No.-001753-001753 - 2026,DR. S. BALAGOPALVSSTATE OF TAMIL NADU,National,Principal,,,COMPLETED,46501/2023,T. R. B. SIVAKUMAR- 1987 __,HON'BLE MR. JUSTICE MANOJ MISRA,2026-04-06,1191,https://api.sci.gov.in/supremecourt/2023/46501/46501_2023_14_1502_69954_Judgement_06-Apr-2026.pdf,2026 INSC 319(English),https://api.sci.gov.in/supremecourt/2023/46501/46501_2023_14_1502_69954_Judgement_06-Apr-2026.pdf,
HON'BLE MR. JUSTICE MANOJ MISRA,SUPREME_COURT,2022,Crl.A. No.-001818-001818 - 2022,PULKIT @ MONUVSTHE STATE OF MADHYA PRADESH,National,Principal,,,COMPLETED,20333/2022,__,HON'BLE MR. JUSTICE MANOJ MISRA,2026-05-20,1600,https://api.sci.gov.in/supremecourt/2022/20333/20333_2022_14_1_71398_Judgement_20-May-2026.pdf,2026 INSC 543(English),https://api.sci.gov.in/supremecourt/2022/20333/20333_2022_14_1_71398_Judgement_20-May-2026.pdf,
HON'BLE MR. JUSTICE MANOJ MISRA,SUPREME_COURT,2026,C.A. No.-007355-007355 - 2026,ANAND NARAYAN SHUKLAVSJAGAT DHARI,National,Principal,,,COMPLETED,24835/2025,SANCHIT GARGA- 2748 __,HON'BLE MR. JUSTICE MANOJ MISRA,2026-05-08,492,https://api.sci.gov.in/supremecourt/2025/24835/24835_2025_14_1501_70937_Judgement_08-May-2026.pdf,2026 INSC 463(English),https://api.sci.gov.in/supremecourt/2025/24835/24835_2025_14_1501_70937_Judgement_08-May-2026.pdf,
HON'BLE MR. JUSTICE MANOJ MISRA,SUPREME_COURT,2014,Crl.A. No.-000847-000847 - 2014,GOPI CHAND @ PAPPUVSSTATE (NCT OF DELHI),National,Principal,,,COMPLETED,35501/2013,MANJEET CHAWLA- 378 __,HON'BLE MR. JUSTICE MANOJ MISRA,2026-05-29,4896,https://api.sci.gov.in/supremecourt/2013/35501/35501_2013_12_1501_71641_Judgement_29-May-2026.pdf,2026 INSC 598(English),https://api.sci.gov.in/supremecourt/2013/35501/35501_2013_12_1501_71641_Judgement_29-May-2026.pdf,
HON'BLE MR. JUSTICE MANOJ MISRA,SUPREME_COURT,2026,C.A. No.-008059-008059 - 2026,GAJULA THIRUPATHIVSTHE TELANGANA STATE LEVEL POLICE RECRUITMENT BOARD,National,Principal,,,COMPLETED,46777/2025,ANKOLEKAR GURUDATTA- 1677 __,HON'BLE MR. JUSTICE MANOJ MISRA,2026-05-21,505,https://api.sci.gov.in/supremecourt/2025/46777/46777_2025_14_35_71432_Judgement_21-May-2026.pdf,2026 INSC 493(English),https://api.sci.gov.in/supremecourt/2025/46777/46777_2025_14_35_71432_Judgement_21-May-2026.pdf,
HON'BLE MR. JUSTICE MANOJ MISRA,SUPREME_COURT,2026,C.A. No.-007897-007897 - 2026,MARIETTA D SILVAVSRUDOLF CLOTHAN LACERDA,National,Principal,,,COMPLETED,60793/2025,PRITHA SRIKUMAR IYER- 2074 __,HON'BLE MR. JUSTICE MANMOHAN,2026-05-15,499,https://api.sci.gov.in/supremecourt/2025/60793/60793_2025_14_1501_71184_Judgement_15-May-2026.pdf,2026 INSC 496(English),https://api.sci.gov.in/supremecourt/2025/60793/60793_2025_14_1501_71184_Judgement_15-May-2026.pdf,
HON'BLE MR. JUSTICE MANOJ MISRA,SUPREME_COURT,2026,C.A. No.-008640-008640 - 2026,RAJESH SHARMAVSNORTH DELHI MUNICIPAL CORPORATION,National,Principal,,,COMPLETED,39557/2019,KARUNAKAR MAHALIK- 2200 __,HON'BLE MR. JUSTICE MANOJ MISRA,2026-06-17,2724,https://api.sci.gov.in/supremecourt/2019/39557/39557_2019_8_1501_71862_Judgement_17-Jun-2026.pdf,2026 INSC 646(English),https://api.sci.gov.in/supremecourt/2019/39557/39557_2019_8_1501_71862_Judgement_17-Jun-2026.pdf,
HON'BLE MR. JUSTICE MANOJ MISRA,SUPREME_COURT,2026,Crl.A. No.-003106-003106 - 2026,AAAVSLINDA SEMA,National,Principal,,,COMPLETED,6215/2024,RAJIV MANGLA- 1733 __,HON'BLE MR. JUSTICE MANOJ MISRA,2026-07-09,920,https://api.sci.gov.in/supremecourt/2024/6215/6215_2024_12_1501_71946_Judgement_09-Jul-2026.pdf,2026 INSC 675(English),https://api.sci.gov.in/supremecourt/2024/6215/6215_2024_12_1501_71946_Judgement_09-Jul-2026.pdf,
HON'BLE MR. JUSTICE MANOJ MISRA,SUPREME_COURT,2026,C.A. No.-008845-008846 - 2026,MANASH KAMAL BEZBORUAHVSM/S BOKAHOLA TEA COMPANY PRIVATE LIMITED,National,Principal,,,COMPLETED,7469/2026,KMNP LAW AOR- 2424 __,HON'BLE MR. JUSTICE MANOJ MISRA,2026-07-14,194,https://api.sci.gov.in/supremecourt/2026/7469/7469_2026_11_1501_72011_Judgement_14-Jul-2026.pdf,2026 INSC 701(English),https://api.sci.gov.in/supremecourt/2026/7469/7469_2026_11_1501_72011_Judgement_14-Jul-2026.pdf,
HON'BLE MR. JUSTICE MANOJ MISRA,SUPREME_COURT,2013,Crl.A. No.-001148-001148 - 2013,DIDAR SINGH @ DARIVSTHE STATE OF HARYANA,National,Principal,,,COMPLETED,12783/2013,SATYENDRA KUMAR- 1401 __ VISHWA PAL SINGH- 1391,HON'BLE MR. JUSTICE MANOJ MISRA,2026-07-14,4942,https://api.sci.gov.in/supremecourt/2013/12783/12783_2013_11_107_72164_Judgement_14-Jul-2026.pdf,2026 INSC 726(English),https://api.sci.gov.in/supremecourt/2013/12783/12783_2013_11_107_72164_Judgement_14-Jul-2026.pdf,
HON'BLE MR. JUSTICE MANOJ MISRA,SUPREME_COURT,2026,C.A. No.-008790-008791 - 2026,"THE DIRECTOR GENERAL, COUNCIL OF SCIENTIFIC AND INDUSTRIAL RESEARCH RESEARCHVSANIL EARNEST",National,Principal,,,COMPLETED,13848/2024,VIKALP MUDGAL- 2886 __,HON'BLE MR. JUSTICE MANOJ MISRA,2026-07-10,921,https://api.sci.gov.in/supremecourt/2024/13848/13848_2024_12_1501_71923_Judgement_10-Jul-2026.pdf,2026 INSC 677(English),https://api.sci.gov.in/supremecourt/2024/13848/13848_2024_12_1501_71923_Judgement_10-Jul-2026.pdf,
HON'BLE MR. JUSTICE MANOJ MISRA,SUPREME_COURT,2026,Crl.A. No.-003690-003690 - 2026,MANJULA KAPOORVSTHE STATE OF HIMACHAL PRADESH,National,Principal,,,COMPLETED,34306/2016,ASHWANI KUMAR DUBEY- 1797 __,HON'BLE MR. JUSTICE MANOJ MISRA,2026-07-29,3862,https://api.sci.gov.in/supremecourt/2016/34306/34306_2016_11_12_72755_Judgement_29-Jul-2026.pdf,2026 INSC 789(English),https://api.sci.gov.in/supremecourt/2016/34306/34306_2016_11_12_72755_Judgement_29-Jul-2026.pdf,
HON'BLE MR. JUSTICE MANOJ MISRA,SUPREME_COURT,2016,C.A. No.-010990-010990 - 2016,SARDARI LALVSBISHAN DASS,National,Principal,,,COMPLETED,34530/2016,RADHIKA GAUTAM- 2287 __,HON'BLE MR. JUSTICE MANOJ MISRA,2026-07-06,3839,https://api.sci.gov.in/supremecourt/2016/34530/34530_2016_12_1501_71919_Judgement_06-Jul-2026.pdf,2026 INSC 669(English),https://api.sci.gov.in/supremecourt/2016/34530/34530_2016_12_1501_71919_Judgement_06-Jul-2026.pdf,
HON'BLE MR. JUSTICE MANOJ MISRA,SUPREME_COURT,2026,Crl.A. No.-003884-003885 - 2026,GOPI @ SAHAYA PURUNOVSTHE STATE,National,Principal,,,COMPLETED,50265/2025,VAIRAWAN A.S- 3408 __,HON'BLE MR. JUSTICE MANOJ MISRA,2026-08-18,594,https://api.sci.gov.in/supremecourt/2025/50265/50265_2025_11_1501_73534_Judgement_18-Aug-2026.pdf,2026 INSC 880(English),https://api.sci.gov.in/supremecourt/2025/50265/50265_2025_11_1501_73534_Judgement_18-Aug-2026.pdf,
HON'BLE MR. JUSTICE MANOJ MISRA,SUPREME_COURT,2026,Crl.A. No.-003895-003895 - 2026,PATEL JOSHNABEN PRAVINKUMAR PATELVSSTATE OF GUJARAT,National,Principal,,,COMPLETED,60343/2025,SOMESH CHANDRA JHA- 2403 __,HON'BLE MR. JUSTICE MANOJ MISRA,2026-08-18,594,https://api.sci.gov.in/supremecourt/2025/60343/60343_2025_11_11_73434_Judgement_18-Aug-2026.pdf,2026 INSC 886(English),https://api.sci.gov.in/supremecourt/2025/60343/60343_2025_11_11_73434_Judgement_18-Aug-2026.pdf,
HON'BLE MR. JUSTICE MANOJ MISRA,SUPREME_COURT,2026,C.A. No.-012597-012597 - 2026,UTTAR PRADESH SUBORDINATE SERVICE SELECTION COMMISSIONVSASHOK YADAV,National,Principal,,,COMPLETED,20026/2026,TALHA ABDUL RAHMAN- 2467 __,HON'BLE MR. JUSTICE MANOJ MISRA,2026-09-09,251,https://api.sci.gov.in/supremecourt/2026/20026/20026_2026_10_8_74161_Judgement_09-Sep-2026.pdf,2026 INSC 991(English),https://api.sci.gov.in/supremecourt/2026/20026/20026_2026_10_8_74161_Judgement_09-Sep-2026.pdf,
HON'BLE MR. JUSTICE MANOJ MISRA,SUPREME_COURT,2018,Crl.A. No.-000067-000067 - 2018,THE STATE OF HIMACHAL PRADESHVSVARINDER VERMA@JATTI,National,Principal,,,COMPLETED,28658/2015,KETAN PAUL- 2967 __ RABIN MAJUMDER- 1825,HON'BLE MR. JUSTICE MANOJ MISRA,2026-09-17,4277,https://api.sci.gov.in/supremecourt/2015/28658/28658_2015_9_104_74351_Judgement_17-Sep-2026.pdf,2026 INSC 1028(English),https://api.sci.gov.in/supremecourt/2015/28658/28658_2015_9_104_74351_Judgement_17-Sep-2026.pdf,
HON'BLE MR. JUSTICE MANOJ MISRA,SUPREME_COURT,2019,Crl.A. No.-000166-000166 - 2019,THE STATE OF HIMACHAL PRADESHVSANCHLA @ CHANCHLA,National,Principal,,,COMPLETED,4240/2015,VIKRANT NARAYAN VASUDEVA- 2329 __,HON'BLE MR. JUSTICE MANOJ MISRA,2026-10-01,4291,https://api.sci.gov.in/supremecourt/2015/4240/4240_2015_9_1501_74862_Judgement_01-Oct-2026.pdf,2026 INSC 1074(English),https://api.sci.gov.in/supremecourt/2015/4240/4240_2015_9_1501_74862_Judgement_01-Oct-2026.pdf,
HON'BLE MR. JUSTICE ARAVIND KUMAR,SUPREME_COURT,2016,C.A. No.-006075-006075 - 2016,SANJAY PALIWALVSBHARAT HEAVY ELECTRICALS LTD. EXECUTIVE DIRECTOR,National,Principal,,,COMPLETED,32381/2012,RAMESHWAR PRASAD GOYAL- 1350 __ PARIJAT SINHA- 501,HON'BLE MR. JUSTICE ARAVIND KUMAR,2026-01-15,5128,https://api.sci.gov.in/supremecourt/2012/32381/32381_2012_16_1501_67346_Judgement_15-Jan-2026.pdf,2026 INSC 61(English),https://api.sci.gov.in/supremecourt/2012/32381/32381_2012_16_1501_67346_Judgement_15-Jan-2026.pdf,
HON'BLE MR. JUSTICE ARAVIND KUMAR,SUPREME_COURT,2026,C.A. No.-000022-000022 - 2026,ADANI POWER LTD.VSUNION OF INDIA,National,Principal,,,COMPLETED,35277/2019,E. C. AGRAWALA- 177 __,HON'BLE MR. JUSTICE ARAVIND KUMAR,2026-01-05,2561,https://api.sci.gov.in/supremecourt/2019/35277/35277_2019_16_1501_67204_Judgement_05-Jan-2026.pdf,2026 INSC 1(English),https://api.sci.gov.in/supremecourt/2019/35277/35277_2019_16_1501_67204_Judgement_05-Jan-2026.pdf,
HON'BLE MR. JUSTICE ARAVIND KUMAR,SUPREME_COURT,2026,Crl.A. No.-000011-000011 - 2026,GULFISHA FATIMAVSSTATE (GOVT. OF NCT OF DELHI ),National,Principal,,,COMPLETED,50992/2025,MAULSHREE PATHAK- 3681 __,HON'BLE MR. JUSTICE ARAVIND KUMAR,2026-01-05,369,https://api.sci.gov.in/supremecourt/2025/50992/50992_2025_16_1502_67204_Judgement_05-Jan-2026.pdf,2026 INSC 2(English),https://api.sci.gov.in/supremecourt/2025/50992/50992_2025_16_1502_67204_Judgement_05-Jan-2026.pdf,
HON'BLE MR. JUSTICE ARAVIND KUMAR,SUPREME_COURT,2026,C.A. No.-000174-000174 - 2026,NEW INDIA ASSURANCE CO LTDVSREKHA CHAUDHARY,National,Principal,,,COMPLETED,40084/2025,MANJEET CHAWLA- 378 __,HON'BLE MR. JUSTICE ARAVIND KUMAR,2026-02-23,418,https://api.sci.gov.in/supremecourt/2025/40084/40084_2025_16_1501_68794_Judgement_23-Feb-2026.pdf,2026 INSC 177(English),https://api.sci.gov.in/supremecourt/2025/40084/40084_2025_16_1501_68794_Judgement_23-Feb-2026.pdf,
HON'BLE MR. JUSTICE ARAVIND KUMAR,SUPREME_COURT,2012,Crl.A. No.-000443-000443 - 2012,THE STATE OF UTTAR PRADESHVSRAM SWAROOP @ BARKAT,National,Principal,,,COMPLETED,35652/2009,RUCHIRA GOEL- 2477 __ JAGJIT SINGH CHHABRA- 1320,HON'BLE MR. JUSTICE ARAVIND KUMAR,2026-03-18,6285,https://api.sci.gov.in/supremecourt/2009/35652/35652_2009_16_1501_69455_Judgement_18-Mar-2026.pdf,2026 INSC 256(English),https://api.sci.gov.in/supremecourt/2009/35652/35652_2009_16_1501_69455_Judgement_18-Mar-2026.pdf,
HON'BLE MR. JUSTICE ARAVIND KUMAR,SUPREME_COURT,2014,Crl.A. No.-000302-000302 - 2014,NARENDRA SINGHVSTHE STATE OF MADHYA PRADESH,National,Principal,,,COMPLETED,23747/2010,RAJEEV KUMAR BANSAL- 1591 __,HON'BLE MR. JUSTICE ARAVIND KUMAR,2026-04-30,5963,https://api.sci.gov.in/supremecourt/2010/23747/23747_2010_14_1501_70700_Judgement_30-Apr-2026.pdf,2026 INSC 433(English),https://api.sci.gov.in/supremecourt/2010/23747/23747_2010_14_1501_70700_Judgement_30-Apr-2026.pdf,
HON'BLE MR. JUSTICE ARAVIND KUMAR,SUPREME_COURT,2013,C.A. No.-001388-001388 - 2013,NANDI INFRASTRUCTURE CORRIDOR ENTERPRISES LTD.VSB. GURAPPA NAIDU,National,Principal,,,COMPLETED,33644/2012,NIKHIL GOEL __ SHAILESH MADIYAL,HON'BLE MR. JUSTICE ARAVIND KUMAR,2026-04-30,5233,https://api.sci.gov.in/supremecourt/2012/33644/33644_2012_14_1502_70700_Judgement_30-Apr-2026.pdf,2026 INSC 434(English),https://api.sci.gov.in/supremecourt/2012/33644/33644_2012_14_1502_70700_Judgement_30-Apr-2026.pdf,
HON'BLE MR. JUSTICE ARAVIND KUMAR,SUPREME_COURT,2025,W.P.(Crl.) No.-000067-000067 - 2025,AMIT KATYALVSSTATE OF HARYANA,National,Principal,,,COMPLETED,3299/2025,MANISH VASHISHTHA- 2051 __,HON'BLE MR. JUSTICE PRASANNA B. VARALE,2026-05-18,502,https://api.sci.gov.in/supremecourt/2025/3299/3299_2025_13_1502_71261_Judgement_18-May-2026.pdf,2026 INSC 509(English),https://api.sci.gov.in/supremecourt/2025/3299/3299_2025_13_1502_71261_Judgement_18-May-2026.pdf,
HON'BLE MR. JUSTICE ARAVIND KUMAR,SUPREME_COURT,2026,C.A. No.-008163-008163 - 2026,BAI AVABAI HORMUSJI TATA TRUSTVSSHERNAZ FAROUKH LAWYER,National,Principal,,,COMPLETED,10492/2025,KRISHAN KUMAR- 1742 __,HON'BLE MR. JUSTICE ARAVIND KUMAR,2026-05-25,509,https://api.sci.gov.in/supremecourt/2025/10492/10492_2025_15_1505_71505_Judgement_25-May-2026.pdf,2026 INSC 540(English),https://api.sci.gov.in/supremecourt/2025/10492/10492_2025_15_1505_71505_Judgement_25-May-2026.pdf,
HON'BLE MR. JUSTICE ARAVIND KUMAR,SUPREME_COURT,2026,C.A. No.-007915-007915 - 2026,DHARMENDRA KALRAVSKULVINDER SINGH BHATIA,National,Principal,,,COMPLETED,11749/2025,ASHISH KUMAR UPADHYAY- 3828 __,HON'BLE MR. JUSTICE PRASANNA B. VARALE,2026-05-15,499,https://api.sci.gov.in/supremecourt/2025/11749/11749_2025_15_1501_71185_Judgement_15-May-2026.pdf,2026 INSC 492(English),https://api.sci.gov.in/supremecourt/2025/11749/11749_2025_15_1501_71185_Judgement_15-May-2026.pdf,
HON'BLE MR. JUSTICE ARAVIND KUMAR,SUPREME_COURT,2017,Crl.A. No.-001353-001355 - 2017,PAWAN KUMAR SHARMAVSMANOJ KUMAR,National,Principal,,,COMPLETED,14203/2015,RAJ SINGH RANA- 1313 __,HON'BLE MR. JUSTICE ARAVIND KUMAR,2026-05-25,4162,https://api.sci.gov.in/supremecourt/2015/14203/14203_2015_15_1504_71505_Judgement_25-May-2026.pdf,2026 INSC 539(English),https://api.sci.gov.in/supremecourt/2015/14203/14203_2015_15_1504_71505_Judgement_25-May-2026.pdf,
HON'BLE MR. JUSTICE ARAVIND KUMAR,SUPREME_COURT,2021,Crl.A. No.-001063-001063 - 2021,CHETAN DASHRATH GADEVSTHE STATE OF MAHARASHTRA,National,Principal,,,COMPLETED,14643/2021,SNEHA SANJAY BOTWE- 4031 __,HON'BLE MR. JUSTICE PRASANNA B. VARALE,2026-05-21,1966,https://api.sci.gov.in/supremecourt/2021/14643/14643_2021_15_1501_71339_Judgement_21-May-2026.pdf,2026 INSC 522(English),https://api.sci.gov.in/supremecourt/2021/14643/14643_2021_15_1501_71339_Judgement_21-May-2026.pdf,
HON'BLE MR. JUSTICE ARAVIND KUMAR,SUPREME_COURT,2025,Crl.A. No.-003383-003385 - 2025,THE STATE OF UTTAR PRADESHVSA.K. GABA ETC. ETC.,National,Principal,,,COMPLETED,15273/2020,MUKESH KUMAR MARORIA- 2324 __,HON'BLE MR. JUSTICE PRASANNA B. VARALE,2026-05-27,2338,https://api.sci.gov.in/supremecourt/2020/15273/15273_2020_15_1501_71630_Judgement_27-May-2026.pdf,2026 INSC 568(English),https://api.sci.gov.in/supremecourt/2020/15273/15273_2020_15_1501_71630_Judgement_27-May-2026.pdf,
HON'BLE MR. JUSTICE ARAVIND KUMAR,SUPREME_COURT,2026,C.A. No.-007427-007427 - 2026,URMILA DEVIVSTHE STATE OF UTTAR PRADESH,National,Principal,,,COMPLETED,16667/2023,ASHOK ANAND- 2387 __,HON'BLE MR. JUSTICE ARAVIND KUMAR,2026-05-11,1226,https://api.sci.gov.in/supremecourt/2023/16667/16667_2023_14_1502_71006_Judgement_11-May-2026.pdf,2026 INSC 471(English),https://api.sci.gov.in/supremecourt/2023/16667/16667_2023_14_1502_71006_Judgement_11-May-2026.pdf,
HON'BLE MR. JUSTICE ARAVIND KUMAR,SUPREME_COURT,2026,Crl.A. No.-002623-002623 - 2026,SUSANTA KUMAR DALEI @ SUSANTA KUMAR DALAIVSSTATE OF ODISHA (VIGILANCE),National,Principal,,,COMPLETED,27108/2023,SRIJAN SINHA- 3118 __,HON'BLE MR. JUSTICE PRASANNA B. VARALE,2026-05-18,1233,https://api.sci.gov.in/supremecourt/2023/27108/27108_2023_13_1501_71261_Judgement_18-May-2026.pdf,2026 INSC 510(English),https://api.sci.gov.in/supremecourt/2023/27108/27108_2023_13_1501_71261_Judgement_18-May-2026.pdf,
HON'BLE MR. JUSTICE ARAVIND KUMAR,SUPREME_COURT,2012,Crl.A. No.-000212-000212 - 2012,MITESH @ T.V.VAGHELAVSTHE STATE OF GUJARAT,National,Principal,,,COMPLETED,29599/2009,BALRAJ DEWAN __ ANIRUDDHA P. MAYEE,HON'BLE MR. JUSTICE ARAVIND KUMAR,2026-05-11,6339,https://api.sci.gov.in/supremecourt/2009/29599/29599_2009_14_1501_71006_Judgement_11-May-2026.pdf,2026 INSC 469(English),https://api.sci.gov.in/supremecourt/2009/29599/29599_2009_14_1501_71006_Judgement_11-May-2026.pdf,
HON'BLE MR. JUSTICE ARAVIND KUMAR,SUPREME_COURT,2013,Crl.A. No.-001937-001937 - 2013,UPENDRA KHAREVSTHE STATE OF MADHYA PRADESH,National,Principal,,,COMPLETED,31909/2012,MERUSAGAR SAMANTARAY- 1694 __,HON'BLE MR. JUSTICE ARAVIND KUMAR,2026-05-25,5258,https://api.sci.gov.in/supremecourt/2012/31909/31909_2012_15_1503_71505_Judgement_25-May-2026.pdf,2026 INSC 538(English),https://api.sci.gov.in/supremecourt/2012/31909/31909_2012_15_1503_71505_Judgement_25-May-2026.pdf,
HON'BLE MR. JUSTICE ARAVIND KUMAR,SUPREME_COURT,2012,C.A. No.-000569-000569 - 2012,COMMR.OF CUSTOMS KANDLAVSM/S RELIANCE INDUSTRIES LTD.,National,Principal,,,COMPLETED,36041/2011,GURMEET SINGH MAKKER- 2357 __ K. R. SASIPRABHU- 895,HON'BLE MR. JUSTICE ARAVIND KUMAR,2026-05-25,5623,https://api.sci.gov.in/supremecourt/2011/36041/36041_2011_15_1501_71505_Judgement_25-May-2026.pdf,2026 INSC 536(English),https://api.sci.gov.in/supremecourt/2011/36041/36041_2011_15_1501_71505_Judgement_25-May-2026.pdf,
HON'BLE MR. JUSTICE ARAVIND KUMAR,SUPREME_COURT,2024,Crl.A. No.-002811-002812 - 2024,HARJINDRA SINGH ETC.VSTHE STATE OF U.P.,National,Principal,,,COMPLETED,38767/2022,RIZWAN AHMAD- 3316 __ SAKSHI KAKKAR- 2481,HON'BLE MR. JUSTICE ARAVIND KUMAR,2026-05-27,1607,https://api.sci.gov.in/supremecourt/2022/38767/38767_2022_15_1502_71630_Judgement_27-May-2026.pdf,2026 INSC 569(English),https://api.sci.gov.in/supremecourt/2022/38767/38767_2022_15_1502_71630_Judgement_27-May-2026.pdf,
HON'BLE MR. JUSTICE ARAVIND KUMAR,SUPREME_COURT,2026,Crl.A. No.-002836-002836 - 2026,SUPRIYA KUMARI M.CVSSTATE OF KERALA,National,Principal,,,COMPLETED,56841/2024,DIVYANSHU SAHAY- 3643 __,HON'BLE MR. JUSTICE ARAVIND KUMAR,2026-05-25,875,https://api.sci.gov.in/supremecourt/2024/56841/56841_2024_15_1502_71505_Judgement_25-May-2026.pdf,2026 INSC 537(English),https://api.sci.gov.in/supremecourt/2024/56841/56841_2024_15_1502_71505_Judgement_25-May-2026.pdf,
HON'BLE MR. JUSTICE ARAVIND KUMAR,SUPREME_COURT,2026,C.A. No.-009032-009034 - 2026,PRANESH M KVSA V GAYATHRI SHANTHEGOWDA,National,Principal,,,COMPLETED,6744/2025,NULI & NULI- 2021 __,HON'BLE MR. JUSTICE VIPUL M. PANCHOLI,2026-07-16,561,https://api.sci.gov.in/supremecourt/2025/6744/6744_2025_12_1501_72101_Judgement_16-Jul-2026.pdf,2026 INSC 716(English),https://api.sci.gov.in/supremecourt/2025/6744/6744_2025_12_1501_72101_Judgement_16-Jul-2026.pdf,
HON'BLE MR. JUSTICE ARAVIND KUMAR,SUPREME_COURT,2026,Crl.A. No.-002059-002059 - 2026,SAGARVSTHE STATE OF HARYANA,National,Principal,,,COMPLETED,15549/2024,ASHISH PANDEY- 3825 __,HON'BLE MR. JUSTICE ARAVIND KUMAR,2026-07-13,924,https://api.sci.gov.in/supremecourt/2024/15549/15549_2024_12_1501_72012_Judgement_13-Jul-2026.pdf,2026 INSC 692(English),https://api.sci.gov.in/supremecourt/2024/15549/15549_2024_12_1501_72012_Judgement_13-Jul-2026.pdf,
HON'BLE MR. JUSTICE ARAVIND KUMAR,SUPREME_COURT,2009,C.A. No.-000048-000048 - 2009,"ASIA SUGAR AND CHEMICAL CO., DEVANGEREVSTHE STATE OF KARNATAKA",National,Principal,,,COMPLETED,26142/2008,KIRAN KUMAR PATRA- 2367 __,HON'BLE MR. JUSTICE ARAVIND KUMAR,2026-07-13,6768,https://api.sci.gov.in/supremecourt/2008/26142/26142_2008_12_1502_72012_Judgement_13-Jul-2026.pdf,2026 INSC 693(English),https://api.sci.gov.in/supremecourt/2008/26142/26142_2008_12_1502_72012_Judgement_13-Jul-2026.pdf,
HON'BLE MR. JUSTICE ARAVIND KUMAR,SUPREME_COURT,2011,Crl.A. No.-000064-000064 - 2011,DINESH KUMARVSTHE STATE OF HARYANA,National,Principal,,,COMPLETED,168/2010,SIBO SANKAR MISHRA __,HON'BLE MR. JUSTICE ARAVIND KUMAR,2026-08-12,6067,https://api.sci.gov.in/supremecourt/2010/168/168_2010_12_1502_73208_Judgement_12-Aug-2026.pdf,2026 INSC 842(English),https://api.sci.gov.in/supremecourt/2010/168/168_2010_12_1502_73208_Judgement_12-Aug-2026.pdf,
HON'BLE MR. JUSTICE ARAVIND KUMAR,SUPREME_COURT,2026,Crl.A. No.-003783-003783 - 2026,BALESH KUMAR KURAITIVSSTATE OF CHHATTISGARH,National,Principal,,,COMPLETED,19887/2026,RANBIR SINGH YADAV- 959 __,HON'BLE MR. JUSTICE ARAVIND KUMAR,2026-08-12,223,https://api.sci.gov.in/supremecourt/2026/19887/19887_2026_12_1504_73208_Judgement_12-Aug-2026.pdf,2026 INSC 850(English),https://api.sci.gov.in/supremecourt/2026/19887/19887_2026_12_1504_73208_Judgement_12-Aug-2026.pdf,
HON'BLE MR. JUSTICE ARAVIND KUMAR,SUPREME_COURT,2026,Crl.A. No.-003531-003531 - 2026,VISHNU KUMAR GUPTAVSSTATE OF MADHYA PRADESH,National,Principal,,,COMPLETED,45914/2025,A VELAN- 3181 __,HON'BLE MR. JUSTICE ARAVIND KUMAR,2026-07-30,575,https://api.sci.gov.in/supremecourt/2025/45914/45914_2025_12_1501_72720_Judgement_30-Jul-2026.pdf,2026 INSC 770(English),https://api.sci.gov.in/supremecourt/2025/45914/45914_2025_12_1501_72720_Judgement_30-Jul-2026.pdf,
HON'BLE MR. JUSTICE ARAVIND KUMAR,SUPREME_COURT,2025,SLP(C) No.-033179 - 2025,M/S. HIMADRI STEEL PVT. LTD.VSJHARKHAND URJA VIKAS NIGAM LIMITED,National,Principal,,,COMPLETED,60607/2025,VAIBHAV NITI- 3069 __,HON'BLE MR. JUSTICE ARAVIND KUMAR,2026-08-12,588,https://api.sci.gov.in/supremecourt/2025/60607/60607_2025_12_1503_73208_Judgement_12-Aug-2026.pdf,2026 INSC 851(English),https://api.sci.gov.in/supremecourt/2025/60607/60607_2025_12_1503_73208_Judgement_12-Aug-2026.pdf,
HON'BLE MR. JUSTICE ARAVIND KUMAR,SUPREME_COURT,2026,C.A. No.-010589-010589 - 2026,"RASPELLI BHAGYA KISTAIYAVSGENERAL MANAGER, WESTERN COALFIELDS LIMITED",National,Principal,,,COMPLETED,75571/2025,SRAVAN KUMAR KARANAM- 3132 __,HON'BLE MR. JUSTICE VIPUL M. PANCHOLI,2026-08-12,588,https://api.sci.gov.in/supremecourt/2025/75571/75571_2025_12_1501_73208_Judgement_12-Aug-2026.pdf,2026 INSC 841(English),https://api.sci.gov.in/supremecourt/2025/75571/75571_2025_12_1501_73208_Judgement_12-Aug-2026.pdf,
HON'BLE MR. JUSTICE ARAVIND KUMAR,SUPREME_COURT,2026,C.A. No.-013123-013123 - 2026,UNION OF INDIAVSRAMDHANI PRASAD,National,Principal,,,COMPLETED,16864/2023,AMRISH KUMAR- 2986 __,HON'BLE MR. JUSTICE ARAVIND KUMAR,2026-09-24,1362,https://api.sci.gov.in/supremecourt/2023/16864/16864_2023_11_1501_74460_Judgement_24-Sep-2026.pdf,2026 INSC 1047(English),https://api.sci.gov.in/supremecourt/2023/16864/16864_2023_11_1501_74460_Judgement_24-Sep-2026.pdf,
HON'BLE MR. JUSTICE ARAVIND KUMAR,SUPREME_COURT,2026,C.A. No.-012169-012169 - 2026,SHIRISH PANDHARINATH PATILVSTHE STATE OF MAHARASHTRA,National,Principal,,,COMPLETED,22846/2020,VATSALYA VIGYA- 3007 __,HON'BLE MR. JUSTICE ARAVIND KUMAR,2026-09-03,2437,https://api.sci.gov.in/supremecourt/2020/22846/22846_2020_11_1501_73966_Judgement_03-Sep-2026.pdf,2026 INSC 949(English),https://api.sci.gov.in/supremecourt/2020/22846/22846_2020_11_1501_73966_Judgement_03-Sep-2026.pdf,
HON'BLE MR. JUSTICE ARAVIND KUMAR,SUPREME_COURT,2026,C.A. No.-013136-013136 - 2026,UNION OF INDIAVSHARIOM PROJECTS PVT. LTD.,National,Principal,,,COMPLETED,43782/2026,SHREEKANT NEELAPPA TERDAL- 909 __,HON'BLE MR. JUSTICE ARAVIND KUMAR,2026-09-18,260,https://api.sci.gov.in/supremecourt/2026/43782/43782_2026_10_55_74463_Judgement_18-Sep-2026.pdf,2026 INSC 1044(English),https://api.sci.gov.in/supremecourt/2026/43782/43782_2026_10_55_74463_Judgement_18-Sep-2026.pdf,
HON'BLE MR. JUSTICE ARAVIND KUMAR,SUPREME_COURT,2026,C.A. No.-012801-012801 - 2026,INDIAN KAYAKING AND CANOEING ASSOCIATIONVSUNION TERRITORY OF JAMMU AND KASHMIR,National,Principal,,,COMPLETED,49097/2026,ARVIND GUPTA- 2654 __,HON'BLE MR. JUSTICE ARAVIND KUMAR,2026-09-10,252,https://api.sci.gov.in/supremecourt/2026/49097/49097_2026_11_54_74164_Judgement_10-Sep-2026.pdf,2026 INSC 981(English),https://api.sci.gov.in/supremecourt/2026/49097/49097_2026_11_54_74164_Judgement_10-Sep-2026.pdf,
HON'BLE MR. JUSTICE ARAVIND KUMAR,SUPREME_COURT,2026,C.A. No.-013117-013117 - 2026,KINETIC GREEN ENERGY AND POWER SOLUTIONS LIMITEDVSSAERA ELECTRIC AUTO LIMITED,National,Principal,,,COMPLETED,52509/2026,KHAITAN & CO.- 1509 __,HON'BLE MR. JUSTICE ARAVIND KUMAR,2026-09-24,266,https://api.sci.gov.in/supremecourt/2026/52509/52509_2026_11_34_74637_Judgement_24-Sep-2026.pdf,2026 INSC 1057(English),https://api.sci.gov.in/supremecourt/2026/52509/52509_2026_11_34_74637_Judgement_24-Sep-2026.pdf,
HON'BLE MR. JUSTICE ARAVIND KUMAR,SUPREME_COURT,2026,Crl.A. No.-004546-004546 - 2026,NAVAL KISHOREVSSTATE OF PUNJAB,National,Principal,,,COMPLETED,56431/2025,ASHISH PANDEY- 3825 __,HON'BLE MR. JUSTICE ARAVIND KUMAR,2026-09-24,631,https://api.sci.gov.in/supremecourt/2025/56431/56431_2025_11_1502_74460_Judgement_24-Sep-2026.pdf,2026 INSC 1048(English),https://api.sci.gov.in/supremecourt/2025/56431/56431_2025_11_1502_74460_Judgement_24-Sep-2026.pdf,
HON'BLE MR. JUSTICE PRASHANT KUMAR MISHRA,SUPREME_COURT,2026,Crl.A. No.-000140-000140 - 2026,C.S. PRASADVSC.SATYAKUMAR,National,Principal,,,COMPLETED,358/2025,G. SIVABALAMURUGAN- 2197 __,HON'BLE MR. JUSTICE PRASHANT KUMAR MISHRA,2026-01-08,372,https://api.sci.gov.in/supremecourt/2025/358/358_2025_17_1501_67236_Judgement_08-Jan-2026.pdf,2026 INSC 39(English),https://api.sci.gov.in/supremecourt/2025/358/358_2025_17_1501_67236_Judgement_08-Jan-2026.pdf,
HON'BLE MR. JUSTICE PRASHANT KUMAR MISHRA,SUPREME_COURT,2024,Crl.A. No.-002120-002121 - 2024,TULASAREDDI @ MUDAKAPPAVSTHE STATE OF KARNATAKA,National,Principal,,,COMPLETED,3671/2024,"S-LEGAL ASSOCIATES, 2041 __",HON'BLE MR. JUSTICE VIPUL M. PANCHOLI,2026-01-16,746,https://api.sci.gov.in/supremecourt/2024/3671/3671_2024_17_1501_67548_Judgement_16-Jan-2026.pdf,2026 INSC 67(English),https://api.sci.gov.in/supremecourt/2024/3671/3671_2024_17_1501_67548_Judgement_16-Jan-2026.pdf,
HON'BLE MR. JUSTICE PRASHANT KUMAR MISHRA,SUPREME_COURT,2026,Crl.A. No.-000541-000541 - 2026,USMAN ALIVSSTATE OF UTTAR PRADESH,National,Principal,,,COMPLETED,11312/2025,TALHA ABDUL RAHMAN- 2467 __,HON'BLE MR. JUSTICE PRASHANT KUMAR MISHRA,2026-01-30,394,https://api.sci.gov.in/supremecourt/2025/11312/11312_2025_15_1501_67830_Judgement_30-Jan-2026.pdf,2026 INSC 98(English),https://api.sci.gov.in/supremecourt/2025/11312/11312_2025_15_1501_67830_Judgement_30-Jan-2026.pdf,
HON'BLE MR. JUSTICE PRASHANT KUMAR MISHRA,SUPREME_COURT,2026,Crl.A. No.-000141-000141 - 2026,SUMIT BANSALVSM/S MGI DEVELOPERS AND PROMOTERS,National,Principal,,,COMPLETED,36370/2025,NAMIT SURI- 3223 __,HON'BLE MR. JUSTICE PRASHANT KUMAR MISHRA,2026-01-08,372,https://api.sci.gov.in/supremecourt/2025/36370/36370_2025_17_1502_67236_Judgement_08-Jan-2026.pdf,2026 INSC 40(English),https://api.sci.gov.in/supremecourt/2025/36370/36370_2025_17_1502_67236_Judgement_08-Jan-2026.pdf,
HON'BLE MR. JUSTICE PRASHANT KUMAR MISHRA,SUPREME_COURT,2026,Crl.A. No.-000446-000446 - 2026,ABHIJIT PANDEYVSTHE STATE OF MADHYA PRADESH,National,Principal,,,COMPLETED,59871/2025,DHAWESH PAHUJA- 3642 __,HON'BLE MR. JUSTICE PRASHANT KUMAR MISHRA,2026-01-23,387,https://api.sci.gov.in/supremecourt/2025/59871/59871_2025_16_1501_67699_Judgement_23-Jan-2026.pdf,2026 INSC 83(English),https://api.sci.gov.in/supremecourt/2025/59871/59871_2025_16_1501_67699_Judgement_23-Jan-2026.pdf,
HON'BLE MR. JUSTICE PRASHANT KUMAR MISHRA,SUPREME_COURT,2011,Crl.A. No.-001533-001533 - 2011,SHRIKRISHNAVSTHE STATE OF MADHYA PRADESH,National,Principal,,,COMPLETED,70886/2009,AFTAB ALI KHAN- 1596 __ C. D. SINGH,HON'BLE MR. JUSTICE PRASHANT KUMAR MISHRA,2026-01-09,6217,https://api.sci.gov.in/supremecourt/2009/70886/70886_2009_17_1501_67306_Judgement_09-Jan-2026.pdf,2026 INSC 45(English),https://api.sci.gov.in/supremecourt/2009/70886/70886_2009_17_1501_67306_Judgement_09-Jan-2026.pdf,
HON'BLE MR. JUSTICE PRASHANT KUMAR MISHRA,SUPREME_COURT,2023,C.A. No.-006588 - 2023,VINIT BAHRIVSM/S MGF DEVELOPERS LTD.,National,Principal,,,COMPLETED,23952/2023,KRISHNAMOHAN K.- 2561 __,HON'BLE MR. JUSTICE PRASHANT KUMAR MISHRA,2026-02-04,1130,https://api.sci.gov.in/supremecourt/2023/23952/23952_2023_17_1501_68201_Judgement_04-Feb-2026.pdf,2026 INSC 114(English),https://api.sci.gov.in/supremecourt/2023/23952/23952_2023_17_1501_68201_Judgement_04-Feb-2026.pdf,
HON'BLE MR. JUSTICE PRASHANT KUMAR MISHRA,SUPREME_COURT,2026,C.A. No.-000792-000794 - 2026,"THE STATE OF WEST BENGALVSCONFEDERATION OF STATE GOVERNMENT EMPLOYEES, WEST BENGAL",National,Principal,,,COMPLETED,35292/2022,KUNAL MIMANI- 2753 __,HON'BLE MR. JUSTICE SANJAY KAROL,2026-02-05,1496,https://api.sci.gov.in/supremecourt/2022/35292/35292_2022_11_1502_68405_Judgement_05-Feb-2026.pdf,2026 INSC 123(English),https://api.sci.gov.in/supremecourt/2022/35292/35292_2022_11_1502_68405_Judgement_05-Feb-2026.pdf,
HON'BLE MR. JUSTICE PRASHANT KUMAR MISHRA,SUPREME_COURT,2026,C.A. No.-000739-000739 - 2026,P.SURESHVSD.KALAIVANI,National,Principal,,,COMPLETED,40491/2025,ABDULLA NASEEH V.T.- 3410 __,HON'BLE MR. JUSTICE N.V. ANJARIA,2026-02-03,398,https://api.sci.gov.in/supremecourt/2025/40491/40491_2025_17_1501_67966_Judgement_03-Feb-2026.pdf,2026 INSC 121(English),https://api.sci.gov.in/supremecourt/2025/40491/40491_2025_17_1501_67966_Judgement_03-Feb-2026.pdf,
HON'BLE MR. JUSTICE PRASHANT KUMAR MISHRA,SUPREME_COURT,2016,C.A. No.-007181-007182 - 2016,OGEPPA(D) THR LRS.VSSAHEBGOUDA (D) THR LRS.,National,Principal,,,COMPLETED,41172/2012,ANKUR S. KULKARNI- 1685 __ T. V. RATNAM- 751,HON'BLE MR. JUSTICE PRASHANT KUMAR MISHRA,2026-02-25,5169,https://api.sci.gov.in/supremecourt/2012/41172/41172_2012_17_1501_69009_Judgement_25-Feb-2026.pdf,2026 INSC 191(English),https://api.sci.gov.in/supremecourt/2012/41172/41172_2012_17_1501_69009_Judgement_25-Feb-2026.pdf,
HON'BLE MR. JUSTICE PRASHANT KUMAR MISHRA,SUPREME_COURT,2025,Crl.A. No.-005357-005357 - 2025,NEELU @ NILESH KOSHTIVSTHE STATE OF MADHYA PRADESH,National,Principal,,,COMPLETED,60168/2024,E. R. SUMATHY- 1584 __,HON'BLE MR. JUSTICE PRASHANT KUMAR MISHRA,2026-02-20,781,https://api.sci.gov.in/supremecourt/2024/60168/60168_2024_15_1501_68630_Judgement_20-Feb-2026.pdf,2026 INSC 173(English),https://api.sci.gov.in/supremecourt/2024/60168/60168_2024_15_1501_68630_Judgement_20-Feb-2026.pdf,
HON'BLE MR. JUSTICE PRASHANT KUMAR MISHRA,SUPREME_COURT,2026,C.A. No.-003279-003279 - 2026,THE STATE OF MADHYA PRADESHVSRAJKUMAR YADAV,National,Principal,,,COMPLETED,10340/2024,SARAD KUMAR SINGHANIA- 1594 __,HON'BLE MR. JUSTICE N.V. ANJARIA,2026-03-11,800,https://api.sci.gov.in/supremecourt/2024/10340/10340_2024_17_1501_69252_Judgement_11-Mar-2026.pdf,2026 INSC 225(English),https://api.sci.gov.in/supremecourt/2024/10340/10340_2024_17_1501_69252_Judgement_11-Mar-2026.pdf,
HON'BLE MR. JUSTICE PRASHANT KUMAR MISHRA,SUPREME_COURT,2026,C.A. No.-003255-003255 - 2026,MUDDAM RAJU YADAVVSB. RAJA SHANKER(D) THRU LRS.,National,Principal,,,COMPLETED,10911/2024,KRISHNA KUMAR SINGH- 2265 __,HON'BLE MR. JUSTICE PRASHANT KUMAR MISHRA,2026-03-10,799,https://api.sci.gov.in/supremecourt/2024/10911/10911_2024_16_1501_69155_Judgement_10-Mar-2026.pdf,2026 INSC 214(English),https://api.sci.gov.in/supremecourt/2024/10911/10911_2024_16_1501_69155_Judgement_10-Mar-2026.pdf,
HON'BLE MR. JUSTICE PRASHANT KUMAR MISHRA,SUPREME_COURT,2026,Crl.A. No.-001580-001580 - 2026,CHINTHADA ANANDVSSTATE OF ANDHRA PRADESH,National,Principal,,,COMPLETED,26891/2025,SHASHIBHUSHAN P. ADGAONKAR- 2012 __,HON'BLE MR. JUSTICE PRASHANT KUMAR MISHRA,2026-03-24,447,https://api.sci.gov.in/supremecourt/2025/26891/26891_2025_16_1501_69653_Judgement_24-Mar-2026.pdf,2026 INSC 283(English),https://api.sci.gov.in/supremecourt/2025/26891/26891_2025_16_1501_69653_Judgement_24-Mar-2026.pdf,
HON'BLE MR. JUSTICE PRASHANT KUMAR MISHRA,SUPREME_COURT,2026,C.A. No.-003446-003446 - 2026,CHARAN PREET SINGHVSMUNICIPAL CORPORATION CHANDIGARH,National,Principal,,,COMPLETED,31544/2025,R. H. A. SIKANDER- 3227 __,HON'BLE MR. JUSTICE PRASHANT KUMAR MISHRA,2026-03-17,440,https://api.sci.gov.in/supremecourt/2025/31544/31544_2025_17_1501_69393_Judgement_17-Mar-2026.pdf,2026 INSC 248(English),https://api.sci.gov.in/supremecourt/2025/31544/31544_2025_17_1501_69393_Judgement_17-Mar-2026.pdf,
HON'BLE MR. JUSTICE PRASHANT KUMAR MISHRA,SUPREME_COURT,2026,Crl.A. No.-001263-001263 - 2026,MANOJ KUMAR MUTTAVSTHE STATE OF ANDHRA PRADESH,National,Principal,,,COMPLETED,72006/2025,PANKHURI BHARDWAJ- 3711 __ GUNTUR PRAMOD KUMAR- 2788,HON'BLE MR. JUSTICE PRASHANT KUMAR MISHRA,2026-03-10,433,https://api.sci.gov.in/supremecourt/2025/72006/72006_2025_16_1502_69155_Judgement_10-Mar-2026.pdf,2026 INSC 215(English),https://api.sci.gov.in/supremecourt/2025/72006/72006_2025_16_1502_69155_Judgement_10-Mar-2026.pdf,
HON'BLE MR. JUSTICE PRASHANT KUMAR MISHRA,SUPREME_COURT,2026,C.A. No.-004686-004686 - 2026,UNION OF INDIAVSSIR SOBHA SINGH AND SONS PVT. LTD.,National,Principal,,,COMPLETED,9198/2022,SUDARSHAN LAMBA- 3667 __,HON'BLE MR. JUSTICE PRASHANT KUMAR MISHRA,2026-04-22,1572,https://api.sci.gov.in/supremecourt/2022/9198/9198_2022_15_1502_70402_Judgement_22-Apr-2026.pdf,2026 INSC 406(English),https://api.sci.gov.in/supremecourt/2022/9198/9198_2022_15_1502_70402_Judgement_22-Apr-2026.pdf,
HON'BLE MR. JUSTICE PRASHANT KUMAR MISHRA,SUPREME_COURT,2026,Crl.A. No.-001782-001782 - 2026,GAUTAM SATNAMIVSTHE STATE OF CHHATTISGARH,National,Principal,,,COMPLETED,10293/2021,SATYAPAL KHUSHAL CHAND PASI __,HON'BLE MR. JUSTICE PRASHANT KUMAR MISHRA,2026-04-07,1922,https://api.sci.gov.in/supremecourt/2021/10293/10293_2021_16_1501_69838_Judgement_07-Apr-2026.pdf,2026 INSC 325(English),https://api.sci.gov.in/supremecourt/2021/10293/10293_2021_16_1501_69838_Judgement_07-Apr-2026.pdf,
HON'BLE MR. JUSTICE PRASHANT KUMAR MISHRA,SUPREME_COURT,2026,C.A. No.-004684-004684 - 2026,UNCHGAON VILLAGE PANCHAYATVSKOLHAPUR MUNICIPAL CORPORATION,National,Principal,,,COMPLETED,13645/2018,S.M. JADHAV AND COMPANY- 2158 __,HON'BLE MR. JUSTICE PRASHANT KUMAR MISHRA,2026-04-22,3033,https://api.sci.gov.in/supremecourt/2018/13645/13645_2018_15_1501_70402_Judgement_22-Apr-2026.pdf,2026 INSC 405(English),https://api.sci.gov.in/supremecourt/2018/13645/13645_2018_15_1501_70402_Judgement_22-Apr-2026.pdf,
HON'BLE MR. JUSTICE PRASHANT KUMAR MISHRA,SUPREME_COURT,2026,C.A. No.-004279-004279 - 2026,K. G. SESHADRIVSTHE TRUSTEES OF STATE BANK OF INDIA,National,Principal,,,COMPLETED,19366/2022,RAKESH K. SHARMA- 1113 __,HON'BLE MR. JUSTICE PRASHANT KUMAR MISHRA,2026-04-08,1558,https://api.sci.gov.in/supremecourt/2022/19366/19366_2022_16_1501_69956_Judgement_08-Apr-2026.pdf,2026 INSC 333(English),https://api.sci.gov.in/supremecourt/2022/19366/19366_2022_16_1501_69956_Judgement_08-Apr-2026.pdf,
HON'BLE MR. JUSTICE PRASHANT KUMAR MISHRA,SUPREME_COURT,2026,C.A. No.-004633-004633 - 2026,BABU SINGHVSCONSOLIDATION OFFICER,National,Principal,,,COMPLETED,21870/2019,ANKUR YADAV- 2487 __,HON'BLE MR. JUSTICE PRASHANT KUMAR MISHRA,2026-04-21,2667,https://api.sci.gov.in/supremecourt/2019/21870/21870_2019_14_1501_70342_Judgement_21-Apr-2026.pdf,2026 INSC 395(English),https://api.sci.gov.in/supremecourt/2019/21870/21870_2019_14_1501_70342_Judgement_21-Apr-2026.pdf,
HON'BLE MR. JUSTICE PRASHANT KUMAR MISHRA,SUPREME_COURT,2025,C.A. No.-014669-014669 - 2025,BIKRAM CHAND RANAVSHIMACHAL PRADESH ROAD TRANSPORT CORPORATION,National,Principal,,,COMPLETED,25542/2022,KARAN BHARIHOKE- 2371 __,HON'BLE MR. JUSTICE PRASHANT KUMAR MISHRA,2026-04-07,1557,https://api.sci.gov.in/supremecourt/2022/25542/25542_2022_16_1502_69838_Judgement_07-Apr-2026.pdf,2026 INSC 326(English),https://api.sci.gov.in/supremecourt/2022/25542/25542_2022_16_1502_69838_Judgement_07-Apr-2026.pdf,
HON'BLE MR. JUSTICE PRASHANT KUMAR MISHRA,SUPREME_COURT,2026,Crl.A. No.-001831-001832 - 2026,ROMA AHUJAVSTHE STATE,National,Principal,,,COMPLETED,29366/2025,SHIVANI VIJ- 3678 __,HON'BLE MR. JUSTICE N.V. ANJARIA,2026-04-09,463,https://api.sci.gov.in/supremecourt/2025/29366/29366_2025_16_1501_69957_Judgement_09-Apr-2026.pdf,2026 INSC 336(English),https://api.sci.gov.in/supremecourt/2025/29366/29366_2025_16_1501_69957_Judgement_09-Apr-2026.pdf,
HON'BLE MR. JUSTICE PRASHANT KUMAR MISHRA,SUPREME_COURT,2013,C.A. No.-009330-009331 - 2013,SADACHARI SINGH TOMARVSUNION OF INDIA,National,Principal,,,COMPLETED,41470/2012,PRASHANT BHUSHAN- 515 __,HON'BLE MR. JUSTICE PRASHANT KUMAR MISHRA,2026-04-28,5231,https://api.sci.gov.in/supremecourt/2012/41470/41470_2012_15_1501_70597_Judgement_28-Apr-2026.pdf,2026 INSC 427(English),https://api.sci.gov.in/supremecourt/2012/41470/41470_2012_15_1501_70597_Judgement_28-Apr-2026.pdf,
HON'BLE MR. JUSTICE PRASHANT KUMAR MISHRA,SUPREME_COURT,2026,Crl.A. No.-001833-001833 - 2026,HEM RAJVSSTATE OF HIMACHAL PRADESH,National,Principal,,,COMPLETED,61426/2025,AJAY MARWAH- 2312 __,HON'BLE MR. JUSTICE PRASHANT KUMAR MISHRA,2026-04-08,462,https://api.sci.gov.in/supremecourt/2025/61426/61426_2025_16_1502_69956_Judgement_08-Apr-2026.pdf,2026 INSC 332(English),https://api.sci.gov.in/supremecourt/2025/61426/61426_2025_16_1502_69956_Judgement_08-Apr-2026.pdf,
HON'BLE MR. JUSTICE PRASHANT KUMAR MISHRA,SUPREME_COURT,2026,Crl.A. No.-002446-002446 - 2026,GUNJAN @ GIRIJA KUMARIVSSTATE (NCT OF DELHI),National,Principal,,,COMPLETED,27865/2025,AVADH BIHARI KAUSHIK- 2140 __,HON'BLE MR. JUSTICE N.V. ANJARIA,2026-05-11,495,https://api.sci.gov.in/supremecourt/2025/27865/27865_2025_15_1501_71008_Judgement_11-May-2026.pdf,2026 INSC 468(English),https://api.sci.gov.in/supremecourt/2025/27865/27865_2025_15_1501_71008_Judgement_11-May-2026.pdf,
HON'BLE MR. JUSTICE PRASHANT KUMAR MISHRA,SUPREME_COURT,2026,Crl.A. No.-002506-002506 - 2026,TALARI NARESHVSTHE STATE OF TELANGANA,National,Principal,,,COMPLETED,38501/2025,D. BHARATHI REDDY- 1115 __ DEVINA SEHGAL- 2691,HON'BLE MR. JUSTICE N.V. ANJARIA,2026-05-13,497,https://api.sci.gov.in/supremecourt/2025/38501/38501_2025_15_1501_71084_Judgement_13-May-2026.pdf,2026 INSC 486(English),https://api.sci.gov.in/supremecourt/2025/38501/38501_2025_15_1501_71084_Judgement_13-May-2026.pdf,
HON'BLE MR. JUSTICE PRASHANT KUMAR MISHRA,SUPREME_COURT,2026,Crl.A. No.-002849-002849 - 2026,M/S MANSI FINANCE (CHENNAI) LTD.VSM. LALITHA,National,Principal,,,COMPLETED,43847/2024,N. SAI VINOD- 2942 __,HON'BLE MR. JUSTICE PRASHANT KUMAR MISHRA,2026-05-26,876,https://api.sci.gov.in/supremecourt/2024/43847/43847_2024_16_1501_71570_Judgement_26-May-2026.pdf,2026 INSC 547(English),https://api.sci.gov.in/supremecourt/2024/43847/43847_2024_16_1501_71570_Judgement_26-May-2026.pdf,
HON'BLE MR. JUSTICE PRASHANT KUMAR MISHRA,SUPREME_COURT,2026,Crl.A. No.-002472-002472 - 2026,K RANGANAYAKULUVSTHE STATE OF TELANGANA,National,Principal,,,COMPLETED,60957/2024,SHEKHAR KUMAR- 1549 __,HON'BLE MR. JUSTICE PRASHANT KUMAR MISHRA,2026-05-12,862,https://api.sci.gov.in/supremecourt/2024/60957/60957_2024_14_31_71057_Judgement_12-May-2026.pdf,2026 INSC 555(English),https://api.sci.gov.in/supremecourt/2024/60957/60957_2024_14_31_71057_Judgement_12-May-2026.pdf,
HON'BLE MR. JUSTICE PRASHANT KUMAR MISHRA,SUPREME_COURT,2026,Crl.A. No.-002537-002537 - 2026,ALKA AGRAWALVSSTATE OF MAHARASHTRA,National,Principal,,,COMPLETED,64809/2025,NAVEEN HEGDE- 3739 __,HON'BLE MR. JUSTICE N.V. ANJARIA,2026-05-15,499,https://api.sci.gov.in/supremecourt/2025/64809/64809_2025_16_1501_71186_Judgement_15-May-2026.pdf,2026 INSC 489(English),https://api.sci.gov.in/supremecourt/2025/64809/64809_2025_16_1501_71186_Judgement_15-May-2026.pdf,
HON'BLE MR. JUSTICE PRASHANT KUMAR MISHRA,SUPREME_COURT,2026,Crl.A. No.-002850-002850 - 2026,SAURABH AGRAWALVSSTATE OF UTTAR PRADESH,National,Principal,,,COMPLETED,66996/2025,SADHANA SANDHU- 1929 __,HON'BLE MR. JUSTICE PRASHANT KUMAR MISHRA,2026-05-26,510,https://api.sci.gov.in/supremecourt/2025/66996/66996_2025_16_1502_71570_Judgement_26-May-2026.pdf,2026 INSC 548(English),https://api.sci.gov.in/supremecourt/2025/66996/66996_2025_16_1502_71570_Judgement_26-May-2026.pdf,
HON'BLE MR. JUSTICE PRASHANT KUMAR MISHRA,SUPREME_COURT,2026,Crl.A. No.-002902-002902 - 2026,MAHAMMAD HANIF JAINUM KHALIFAVSTHE STATE OF KARNATAKA,National,Principal,,,COMPLETED,68587/2025,DESHPANDE CHINMAY ARVIND- 3878 __,HON'BLE MR. JUSTICE N.V. ANJARIA,2026-05-27,511,https://api.sci.gov.in/supremecourt/2025/68587/68587_2025_16_1501_71631_Judgement_27-May-2026.pdf,2026 INSC 565(English),https://api.sci.gov.in/supremecourt/2025/68587/68587_2025_16_1501_71631_Judgement_27-May-2026.pdf,
HON'BLE MR. JUSTICE PRASHANT KUMAR MISHRA,SUPREME_COURT,2011,C.A. No.-002187-002187 - 2011,MOHAMMED KHALEEL (D) THR. LRS. VSJAYAMMA,National,Principal,,,COMPLETED,7250/2010,SUKANT VIKRAM- 2335 __ P. R. RAMASESH- 488,HON'BLE MR. JUSTICE PRASHANT KUMAR MISHRA,2026-06-23,6017,https://api.sci.gov.in/supremecourt/2010/7250/7250_2010_3_1501_71868_Judgement_23-Jun-2026.pdf,2026 INSC 651(English),https://api.sci.gov.in/supremecourt/2010/7250/7250_2010_3_1501_71868_Judgement_23-Jun-2026.pdf,
HON'BLE MR. JUSTICE PRASHANT KUMAR MISHRA,SUPREME_COURT,2026,C.A. No.-008705-008705 - 2026,SARAFAT ALI (DECEASED) THROUGH LRSVSDEPUTY DIRECTOR OF CONSOLIDATION HARIDWAR,National,Principal,,,COMPLETED,28724/2017,SUSHIL BALWADA- 1340 __,HON'BLE MR. JUSTICE PRASHANT KUMAR MISHRA,2026-06-23,3460,https://api.sci.gov.in/supremecourt/2017/28724/28724_2017_3_1502_71868_Judgement_23-Jun-2026.pdf,2026 INSC 652(English),https://api.sci.gov.in/supremecourt/2017/28724/28724_2017_3_1502_71868_Judgement_23-Jun-2026.pdf,
HON'BLE MR. JUSTICE PRASHANT KUMAR MISHRA,SUPREME_COURT,2026,W.P.(C) No.-000766-000766 - 2026,MEENAKSHI NATARAJANVSELECTION COMMISSION OF INDIA,National,Principal,,,COMPLETED,36330/2026,PRIYANSHA SHARMA- 3751 __,HON'BLE MR. JUSTICE PRASHANT KUMAR MISHRA,2026-06-12,162,https://api.sci.gov.in/supremecourt/2026/36330/36330_2026_6_53_71738_Judgement_12-Jun-2026.pdf,2026 INSC 643(English),https://api.sci.gov.in/supremecourt/2026/36330/36330_2026_6_53_71738_Judgement_12-Jun-2026.pdf,
HON'BLE MR. JUSTICE PRASHANT KUMAR MISHRA,SUPREME_COURT,2026,Crl.A. No.-003081-003081 - 2026,ISRAFIL @ PAPPU @ NAIMUDDIN KHANVSTHE STATE OF MADHYA PRADESH,National,Principal,,,COMPLETED,36363/2025,SARVAM RITAM KHARE- 2110 __,HON'BLE MR. JUSTICE PRASHANT KUMAR MISHRA,2026-06-23,538,https://api.sci.gov.in/supremecourt/2025/36363/36363_2025_3_1504_71868_Judgement_23-Jun-2026.pdf,2026 INSC 654(English),https://api.sci.gov.in/supremecourt/2025/36363/36363_2025_3_1504_71868_Judgement_23-Jun-2026.pdf,
HON'BLE MR. JUSTICE PRASHANT KUMAR MISHRA,SUPREME_COURT,2026,Crl.A. No.-003064-003064 - 2026,DR. RAMESHVSTHE STATE OF MAHARASHTRA,National,Principal,,,COMPLETED,38189/2018,RAJIV SHANKAR DVIVEDI- 1647 __,HON'BLE MR. JUSTICE SANJAY KAROL,2026-06-11,3083,https://api.sci.gov.in/supremecourt/2018/38189/38189_2018_6_1501_71847_Judgement_11-Jun-2026.pdf,2026 INSC 635(English),https://api.sci.gov.in/supremecourt/2018/38189/38189_2018_6_1501_71847_Judgement_11-Jun-2026.pdf,
HON'BLE MR. JUSTICE PRASHANT KUMAR MISHRA,SUPREME_COURT,2026,C.A. No.-008706-008706 - 2026,THE ORIENTAL INSURANCE COMPANY LIMITEDVSKALU RAM,National,Principal,,,COMPLETED,40126/2022,T. MAHIPAL- 1375 __,HON'BLE MR. JUSTICE PRASHANT KUMAR MISHRA,2026-06-23,1634,https://api.sci.gov.in/supremecourt/2022/40126/40126_2022_3_1503_71868_Judgement_23-Jun-2026.pdf,2026 INSC 653(English),https://api.sci.gov.in/supremecourt/2022/40126/40126_2022_3_1503_71868_Judgement_23-Jun-2026.pdf,
HON'BLE MR. JUSTICE PRASHANT KUMAR MISHRA,SUPREME_COURT,2026,C.A. No.-008708-008708 - 2026,M PARAMESHVSVRL LOGISTICS LTD,National,Principal,,,COMPLETED,60804/2025,R. SHASE- 3509 __,HON'BLE MR. JUSTICE PRASHANT KUMAR MISHRA,2026-06-23,538,https://api.sci.gov.in/supremecourt/2025/60804/60804_2025_3_1505_71868_Judgement_23-Jun-2026.pdf,2026 INSC 655(English),https://api.sci.gov.in/supremecourt/2025/60804/60804_2025_3_1505_71868_Judgement_23-Jun-2026.pdf,
HON'BLE MR. JUSTICE PRASHANT KUMAR MISHRA,SUPREME_COURT,2011,C.A. No.-002412-002412 - 2011,ZAKI ULLAH KHANVSSTATE OF U.P.AND ORS.,National,Principal,,,COMPLETED,33350/2009,MANOJ SWARUP AND CO.- 399 __ SHAURYA SAHAY- 3311,HON'BLE MR. JUSTICE PRASHANT KUMAR MISHRA,2026-07-15,6404,https://api.sci.gov.in/supremecourt/2009/33350/33350_2009_13_103_72175_Judgement_15-Jul-2026.pdf,2026 INSC 827(English),https://api.sci.gov.in/supremecourt/2009/33350/33350_2009_13_103_72175_Judgement_15-Jul-2026.pdf,
HON'BLE MR. JUSTICE PRASHANT KUMAR MISHRA,SUPREME_COURT,2022,C.A. No.-000629-000629 - 2022,JARNAIL SINGH VSLACHHMI NARAIN GUPTA .,National,Principal,,,COMPLETED,34614/2011,CHANDRA BHUSHAN PRASAD- 1864 __ N. ANNAPOORANI- 1142,,2022-01-28,4045,https://api.sci.gov.in/supremecourt_vernacular/2011/34614/34614_2011_35_1501_32956_Judgement_28-Jan-2022_PUN.pdf,2022 INSC 105(ਪੰਜਾਬੀ),https://api.sci.gov.in//pdfdate/index1.php?dt=2022-01-28&dno=346142011&filename=supremecourt_vernacular/2011/34614/34614_2011_35_1501_32956_Judgement_28-Jan-2022_PUN.pdf,
HON'BLE MR. JUSTICE PRASHANT KUMAR MISHRA,SUPREME_COURT,2008,C.A. No.-004708-004711 - 2008,"COMMR.OF SERVICE TAX,CHENNAIVSM/S DIEBOLD SYSTEMS(P) LTD.",National,Principal,,,COMPLETED,15078/2008,GURMEET SINGH MAKKER- 2357 __ M. P. DEVANATH- 1520,HON'BLE MR. JUSTICE PRASHANT KUMAR MISHRA,2026-08-06,6792,https://api.sci.gov.in/supremecourt/2008/15078/15078_2008_13_1501_73009_Judgement_06-Aug-2026.pdf,2026 INSC 808(English),https://api.sci.gov.in/supremecourt/2008/15078/15078_2008_13_1501_73009_Judgement_06-Aug-2026.pdf,
HON'BLE MR. JUSTICE PRASHANT KUMAR MISHRA,SUPREME_COURT,2026,SLP(C) No.-017699 - 2026,NAZIM SHAIKH HASANVSNASIR MUSHTAQ SHAIKH,National,Principal,,,COMPLETED,28844/2026,SURBHI KAPOOR- 3277 __,HON'BLE MR. JUSTICE PRASHANT KUMAR MISHRA,2026-08-13,224,https://api.sci.gov.in/supremecourt/2026/28844/28844_2026_13_1502_73257_Judgement_13-Aug-2026.pdf,2026 INSC 853(English),https://api.sci.gov.in/supremecourt/2026/28844/28844_2026_13_1502_73257_Judgement_13-Aug-2026.pdf,
HON'BLE MR. JUSTICE PRASHANT KUMAR MISHRA,SUPREME_COURT,2012,C.A. No.-007171-007171 - 2012,SUDHENDU PRAKASH GAUTAMVSS.L. CHAUDHARY,National,Principal,,,COMPLETED,30932/2012,SARVAM RITAM KHARE- 2110 __ NIDHI- 1379,HON'BLE MR. JUSTICE PRASHANT KUMAR MISHRA,2026-07-30,5324,https://api.sci.gov.in/supremecourt/2012/30932/30932_2012_13_103_72711_Judgement_30-Jul-2026.pdf,2026 INSC 791(English),https://api.sci.gov.in/supremecourt/2012/30932/30932_2012_13_103_72711_Judgement_30-Jul-2026.pdf,
HON'BLE MR. JUSTICE PRASHANT KUMAR MISHRA,SUPREME_COURT,2026,Crl.A. No.-002298-002298 - 2026,BALKU ORAMVSSTATE OF ODISHA,National,Principal,,,COMPLETED,32353/2025,RAJIV KUMAR SINHA- 3593 __,HON'BLE MR. JUSTICE PRASHANT KUMAR MISHRA,2026-08-13,589,https://api.sci.gov.in/supremecourt/2025/32353/32353_2025_13_1501_73257_Judgement_13-Aug-2026.pdf,2026 INSC 852(English),https://api.sci.gov.in/supremecourt/2025/32353/32353_2025_13_1501_73257_Judgement_13-Aug-2026.pdf,
HON'BLE MR. JUSTICE PRASHANT KUMAR MISHRA,SUPREME_COURT,2012,C.A. No.-008634-008634 - 2012,SUSHIL SHARMAVSUNION OF INDIA,National,Principal,,,COMPLETED,35446/2011,__,HON'BLE MR. JUSTICE PRASHANT KUMAR MISHRA,2026-08-06,5696,https://api.sci.gov.in/supremecourt/2011/35446/35446_2011_13_1502_73009_Judgement_06-Aug-2026.pdf,2026 INSC 809(English),https://api.sci.gov.in/supremecourt/2011/35446/35446_2011_13_1502_73009_Judgement_06-Aug-2026.pdf,
HON'BLE MR. JUSTICE PRASHANT KUMAR MISHRA,SUPREME_COURT,2013,C.A. No.-007825-007828 - 2013,V.N.A.S.CHANDRANVSMRS. S. VENILLA AND ORS.,National,Principal,,,COMPLETED,37758/2011,HARISH PANDEY- 1715 __ ARAVINDH S.- 2008,HON'BLE MR. JUSTICE PRASHANT KUMAR MISHRA,2026-07-31,5690,https://api.sci.gov.in/supremecourt/2011/37758/37758_2011_13_1501_72800_Judgement_31-Jul-2026.pdf,2026 INSC 776(English),https://api.sci.gov.in/supremecourt/2011/37758/37758_2011_13_1501_72800_Judgement_31-Jul-2026.pdf,
HON'BLE MR. JUSTICE PRASHANT KUMAR MISHRA,SUPREME_COURT,2026,Crl.A. No.-004079-004079 - 2026,THE STATE OF PUNJABVSAVTAR SINGH,National,Principal,,,COMPLETED,38051/2023,KARAN SHARMA- 3081 __,HON'BLE MR. JUSTICE PRASHANT KUMAR MISHRA,2026-08-25,1332,https://api.sci.gov.in/supremecourt/2023/38051/38051_2023_12_40_73766_Judgement_25-Aug-2026.pdf,2026 INSC 934(English),https://api.sci.gov.in/supremecourt/2023/38051/38051_2023_12_40_73766_Judgement_25-Aug-2026.pdf,
HON'BLE MR. JUSTICE PRASHANT KUMAR MISHRA,SUPREME_COURT,2026,C.A. No.-012804-012805 - 2026,MAYA BANERJEEVSUNION OF INDIA,National,Principal,,,COMPLETED,43299/2024,ASHISH KUMAR UPADHYAY- 3828 __,HON'BLE MR. JUSTICE PRASHANT KUMAR MISHRA,2026-08-20,962,https://api.sci.gov.in/supremecourt/2024/43299/43299_2024_13_12_73487_Judgement_20-Aug-2026.pdf,2026 INSC 959(English),https://api.sci.gov.in/supremecourt/2024/43299/43299_2024_13_12_73487_Judgement_20-Aug-2026.pdf,
HON'BLE MR. JUSTICE PRASHANT KUMAR MISHRA,SUPREME_COURT,2026,Crl.A. No.-003931-003931 - 2026,PRAMOD KUMAR SHUKLAVSSTATE OF UTTAR PRADESH,National,Principal,,,COMPLETED,46300/2025,AKSHAT SRIVASTAVA- 3037 __,HON'BLE MR. JUSTICE PRASHANT KUMAR MISHRA,2026-08-19,595,https://api.sci.gov.in/supremecourt/2025/46300/46300_2025_13_1501_73538_Judgement_19-Aug-2026.pdf,2026 INSC 887(English),https://api.sci.gov.in/supremecourt/2025/46300/46300_2025_13_1501_73538_Judgement_19-Aug-2026.pdf,
HON'BLE MR. JUSTICE PRASHANT KUMAR MISHRA,SUPREME_COURT,2026,C.A. No.-012895-012896 - 2026,THE STATE OF TELANGANAVSM.A. GARDEN FUNCTION HALL,National,Principal,,,COMPLETED,635/2026,DEVINA SEHGAL- 2691 __,HON'BLE MR. JUSTICE PRASHANT KUMAR MISHRA,2026-09-16,258,https://api.sci.gov.in/supremecourt/2026/635/635_2026_10_1501_74340_Judgement_16-Sep-2026.pdf,2026 INSC 995(English),https://api.sci.gov.in/supremecourt/2026/635/635_2026_10_1501_74340_Judgement_16-Sep-2026.pdf,
HON'BLE MR. JUSTICE PRASHANT KUMAR MISHRA,SUPREME_COURT,2026,Crl.A. No.-004172-004172 - 2026,M/S ABC EXPRESSVS STATE OF GUJARAT,National,Principal,,,COMPLETED,7792/2026,PASHUPATHI NATH RAZDAN- 2054 __,HON'BLE MR. JUSTICE PRASHANT KUMAR MISHRA,2026-09-02,244,https://api.sci.gov.in/supremecourt/2026/7792/7792_2026_12_1502_73967_Judgement_02-Sep-2026.pdf,2026 INSC 940(English),https://api.sci.gov.in/supremecourt/2026/7792/7792_2026_12_1502_73967_Judgement_02-Sep-2026.pdf,
HON'BLE MR. JUSTICE PRASHANT KUMAR MISHRA,SUPREME_COURT,2022,C.A. No.-006865-006865 - 2022,PUNJAB SCHOOL EDUCATION BOARDVSSATNAM SINGH,National,Principal,,,COMPLETED,16252/2020,KUMAR DUSHYANT SINGH- 2220 __,HON'BLE MR. JUSTICE PRASHANT KUMAR MISHRA,2026-09-08,2442,https://api.sci.gov.in/supremecourt/2020/16252/16252_2020_12_1501_74092_Judgement_08-Sep-2026.pdf,2026 INSC 965(English),https://api.sci.gov.in/supremecourt/2020/16252/16252_2020_12_1501_74092_Judgement_08-Sep-2026.pdf,
HON'BLE MR. JUSTICE PRASHANT KUMAR MISHRA,SUPREME_COURT,2016,C.A. No.-001718-001718 - 2016,BHAG SINGH (DEAD) THR. MAHANT KASHMIR SINGHVSBASANT KAUR (DEAD)) THR.LRS.,National,Principal,,,COMPLETED,17394/2012,AP & J CHAMBERS- 1552 __ SHALU SHARMA- 1422,HON'BLE MR. JUSTICE PRASHANT KUMAR MISHRA,2026-09-10,5366,https://api.sci.gov.in/supremecourt/2012/17394/17394_2012_12_1501_74176_Judgement_10-Sep-2026.pdf,2026 INSC 983(English),https://api.sci.gov.in/supremecourt/2012/17394/17394_2012_12_1501_74176_Judgement_10-Sep-2026.pdf,
HON'BLE MR. JUSTICE PRASHANT KUMAR MISHRA,SUPREME_COURT,2026,Crl.A. No.-004173-004173 - 2026,MAHAVIR @ AVNISHVSTHE STATE OF MADHYA PRADESH,National,Principal,,,COMPLETED,17953/2026,PRASHANT SHUKLA LAW CHAMBERS- 3645 __,HON'BLE MR. JUSTICE PRASHANT KUMAR MISHRA,2026-09-02,244,https://api.sci.gov.in/supremecourt/2026/17953/17953_2026_12_1503_73967_Judgement_02-Sep-2026.pdf,2026 INSC 942(English),https://api.sci.gov.in/supremecourt/2026/17953/17953_2026_12_1503_73967_Judgement_02-Sep-2026.pdf,
HON'BLE MR. JUSTICE PRASHANT KUMAR MISHRA,SUPREME_COURT,2014,C.A. No.-010249-010249 - 2014,BIJENDRAVSREKHA,National,Principal,,,COMPLETED,20797/2013,ASHISH PANDEY- 3825 __,HON'BLE MR. JUSTICE PRASHANT KUMAR MISHRA,2026-09-02,4992,https://api.sci.gov.in/supremecourt/2013/20797/20797_2013_12_1501_73967_Judgement_02-Sep-2026.pdf,2026 INSC 939(English),https://api.sci.gov.in/supremecourt/2013/20797/20797_2013_12_1501_73967_Judgement_02-Sep-2026.pdf,
HON'BLE MR. JUSTICE PRASHANT KUMAR MISHRA,SUPREME_COURT,2026,Crl.A. No.-004337-004337 - 2026,PYNCHEMALANGAKI BAREHVSSTATE OF MEGHALAYA,National,Principal,,,COMPLETED,29802/2025,VIDULA MEHROTRA- 4129 __,HON'BLE MR. JUSTICE PRASHANT KUMAR MISHRA,2026-09-10,617,https://api.sci.gov.in/supremecourt/2025/29802/29802_2025_12_1502_74176_Judgement_10-Sep-2026.pdf,2026 INSC 984(English),https://api.sci.gov.in/supremecourt/2025/29802/29802_2025_12_1502_74176_Judgement_10-Sep-2026.pdf,
HON'BLE MR. JUSTICE PRASHANT KUMAR MISHRA,SUPREME_COURT,2026,C.A. No.-012966-012967 - 2026,THE BHARAT SANCHAR NIGAM LIMITEDVSG.N. MANI RAVINDER,National,Principal,,,COMPLETED,35822/2023,PIYUSH SHARMA- 1701 __,HON'BLE MR. JUSTICE PRASHANT KUMAR MISHRA,2026-09-17,1355,https://api.sci.gov.in/supremecourt/2023/35822/35822_2023_11_1501_74341_Judgement_17-Sep-2026.pdf,2026 INSC 1007(English),https://api.sci.gov.in/supremecourt/2023/35822/35822_2023_11_1501_74341_Judgement_17-Sep-2026.pdf,
HON'BLE MR. JUSTICE PRASHANT KUMAR MISHRA,SUPREME_COURT,2026,Crl.A. No.-004469-004469 - 2026,THE STATE OF MAHARASHTRAVSMOMIN MOIUDDIN GULAM HASAN @ MOIN MISTRI,National,Principal,,,COMPLETED,37246/2024,AADITYA ANIRUDDHA PANDE- 3259 __,HON'BLE MR. JUSTICE SHREE CHANDRASHEKHAR,2026-09-21,994,https://api.sci.gov.in/supremecourt/2024/37246/37246_2024_12_1501_74474_Judgement_21-Sep-2026.pdf,2026 INSC 1021(English),https://api.sci.gov.in/supremecourt/2024/37246/37246_2024_12_1501_74474_Judgement_21-Sep-2026.pdf,
HON'BLE MR. JUSTICE K.V. VISWANATHAN,SUPREME_COURT,2026,C.A. No.-000092-000092 - 2026,THE PROPERTY COMPANY (P) LTDVSROHINTEN DADDY MAZDA,National,Principal,,,COMPLETED,2094/2017,R. N. KESWANI- 577 __,HON'BLE MR. JUSTICE J.B. PARDIWALA,2026-01-07,3293,https://api.sci.gov.in/supremecourt/2017/2094/2094_2017_7_1501_67179_Judgement_07-Jan-2026.pdf,2026 INSC 33(English),https://api.sci.gov.in/supremecourt/2017/2094/2094_2017_7_1501_67179_Judgement_07-Jan-2026.pdf,
HON'BLE MR. JUSTICE K.V. VISWANATHAN,SUPREME_COURT,2026,C.A. No.-000036-000036 - 2026,MOTILAL OSWAL FINANCIAL SERVICE LIMITEDVSSANTOSH CORDEIRO,National,Principal,,,COMPLETED,5070/2025,SANJANA SADDY- 3231 __,HON'BLE MR. JUSTICE K.V. VISWANATHAN,2026-01-05,369,https://api.sci.gov.in/supremecourt/2025/5070/5070_2025_7_1503_67143_Judgement_05-Jan-2026.pdf,2026 INSC 5(English),https://api.sci.gov.in/supremecourt/2025/5070/5070_2025_7_1503_67143_Judgement_05-Jan-2026.pdf,
HON'BLE MR. JUSTICE K.V. VISWANATHAN,SUPREME_COURT,2024,C.A. No.-002996 - 2024,GLOSTER LTD.VSGLOSTER CABLES LTD.,National,Principal,,,COMPLETED,7939/2024,PRATIKSHA MISHRA- 3222 __,HON'BLE MR. JUSTICE K.V. VISWANATHAN,2026-01-22,752,https://api.sci.gov.in/supremecourt/2024/7939/7939_2024_7_1501_67651_Judgement_22-Jan-2026.pdf,2026 INSC 81(English),https://api.sci.gov.in/supremecourt/2024/7939/7939_2024_7_1501_67651_Judgement_22-Jan-2026.pdf,
HON'BLE MR. JUSTICE K.V. VISWANATHAN,SUPREME_COURT,2026,C.A. No.-000066-000066 - 2026,IFGL REFRACTORIES LTDVSORISSA STATE FINANCIAL CORPORATION,National,Principal,,,COMPLETED,8648/2019,TARUNA SINGH GOHIL- 2509 __,HON'BLE MR. JUSTICE J.B. PARDIWALA,2026-01-06,2562,https://api.sci.gov.in/supremecourt/2019/8648/8648_2019_7_1501_67163_Judgement_06-Jan-2026.pdf,2026 INSC 18(English),https://api.sci.gov.in/supremecourt/2019/8648/8648_2019_7_1501_67163_Judgement_06-Jan-2026.pdf,
HON'BLE MR. JUSTICE K.V. VISWANATHAN,SUPREME_COURT,2026,C.A. No.-000039-000039 - 2026,M/S.BHAGHEERATHA ENGINEERING LTDVSSTATE OF KERALA,National,Principal,,,COMPLETED,11333/2025,DHIRAJ ABRAHAM PHILIP- 2643 __,HON'BLE MR. JUSTICE K.V. VISWANATHAN,2026-01-05,369,https://api.sci.gov.in/supremecourt/2025/11333/11333_2025_7_1504_67143_Judgement_05-Jan-2026.pdf,2026 INSC 4(English),https://api.sci.gov.in/supremecourt/2025/11333/11333_2025_7_1504_67143_Judgement_05-Jan-2026.pdf,
HON'BLE MR. JUSTICE K.V. VISWANATHAN,SUPREME_COURT,2026,C.A. No.-000037-000038 - 2026,BHADRA INTERNATIONAL (INDIA) PVT. LTD.VSAIRPORTS AUTHORITY OF INDIA,National,Principal,,,COMPLETED,25327/2025,AKSHIT PRADHAN- 3683 __,HON'BLE MR. JUSTICE J.B. PARDIWALA,2026-01-05,369,https://api.sci.gov.in/supremecourt/2025/25327/25327_2025_7_1502_67143_Judgement_05-Jan-2026.pdf,2026 INSC 6(English),https://api.sci.gov.in/supremecourt/2025/25327/25327_2025_7_1502_67143_Judgement_05-Jan-2026.pdf,
HON'BLE MR. JUSTICE K.V. VISWANATHAN,SUPREME_COURT,2017,C.A. No.-023525-023526 - 2017,HT MEDIA LIMITEDVSPRINCIPAL COMMISSIONER DELHI SOUTH GOODS AND SERVICE TAX,National,Principal,,,COMPLETED,34384/2017,KARAN BHARIHOKE- 2371 __,HON'BLE MR. JUSTICE J.B. PARDIWALA,2026-01-16,3302,https://api.sci.gov.in/supremecourt/2017/34384/34384_2017_7_1501_67488_Judgement_16-Jan-2026.pdf,2026 INSC 66(English),https://api.sci.gov.in/supremecourt/2017/34384/34384_2017_7_1501_67488_Judgement_16-Jan-2026.pdf,
HON'BLE MR. JUSTICE K.V. VISWANATHAN,SUPREME_COURT,2026,Crl.A. No.-000109-000109 - 2026,MD IMRAN @D.C. GUDDUVSTHE STATE OF JHARKHAND,National,Principal,,,COMPLETED,37750/2025,RAJEEV SINGH- 1626 __,HON'BLE MR. JUSTICE J.B. PARDIWALA,2026-01-07,371,https://api.sci.gov.in/supremecourt/2025/37750/37750_2025_7_21_67179_Judgement_07-Jan-2026.pdf,2026 INSC 36(English),https://api.sci.gov.in/supremecourt/2025/37750/37750_2025_7_21_67179_Judgement_07-Jan-2026.pdf,
HON'BLE MR. JUSTICE K.V. VISWANATHAN,SUPREME_COURT,2026,C.A. No.-000120-000120 - 2026,SUJATA BORAVSCOAL INDIA LIMITED,National,Principal,,,COMPLETED,38094/2024,JURISTRUST LAW OFFICES- 3644 __,HON'BLE MR. JUSTICE J.B. PARDIWALA,2026-01-13,743,https://api.sci.gov.in/supremecourt/2024/38094/38094_2024_7_1501_67437_Judgement_13-Jan-2026.pdf,2026 INSC 53(English),https://api.sci.gov.in/supremecourt/2024/38094/38094_2024_7_1501_67437_Judgement_13-Jan-2026.pdf,
HON'BLE MR. JUSTICE K.V. VISWANATHAN,SUPREME_COURT,2018,W.P.(C) No.-001373 - 2018,CENTRE FOR PUBLIC INTEREST LITIGATIONVSUNION OF INDIA,National,Principal,,,COMPLETED,40618/2018,PRASHANT BHUSHAN- 515 __,HON'BLE MRS. JUSTICE B.V. NAGARATHNA,2026-01-13,2934,https://api.sci.gov.in/supremecourt/2018/40618/40618_2018_4_1501_67544_Judgement_13-Jan-2026.pdf,2026 INSC 55(English),https://api.sci.gov.in/supremecourt/2018/40618/40618_2018_4_1501_67544_Judgement_13-Jan-2026.pdf,
HON'BLE MR. JUSTICE K.V. VISWANATHAN,SUPREME_COURT,2026,C.A. No.-000040-000040 - 2026,NIRBHAY SINGH SULIYAVSSTATE OF MADHYA PRADESH,National,Principal,,,COMPLETED,42546/2024,YASH S. VIJAY- 3775 __,HON'BLE MR. JUSTICE K.V. VISWANATHAN,2026-01-05,735,https://api.sci.gov.in/supremecourt/2024/42546/42546_2024_7_1501_67143_Judgement_05-Jan-2026.pdf,2026 INSC 7(English),https://api.sci.gov.in/supremecourt/2024/42546/42546_2024_7_1501_67143_Judgement_05-Jan-2026.pdf,
HON'BLE MR. JUSTICE K.V. VISWANATHAN,SUPREME_COURT,2025,C.A. No.-005531 - 2025,COMMISSIONER OF CUSTOMS (IMPORT)VSM/S WELKIN FOODS,National,Principal,,,COMPLETED,53645/2024,GURMEET SINGH MAKKER- 2357 __,HON'BLE MR. JUSTICE J.B. PARDIWALA,2026-01-06,736,https://api.sci.gov.in/supremecourt/2024/53645/53645_2024_7_1502_67163_Judgement_06-Jan-2026.pdf,2026 INSC 19(English),https://api.sci.gov.in/supremecourt/2024/53645/53645_2024_7_1502_67163_Judgement_06-Jan-2026.pdf,
HON'BLE MR. JUSTICE K.V. VISWANATHAN,SUPREME_COURT,2026,Crl.A. No.-000830-000830 - 2026,SUMITVSSTATE OF U P,National,Principal,,,COMPLETED,3119/2026,SHIV SAGAR TIWARI- 1165 __,HON'BLE MR. JUSTICE J.B. PARDIWALA,2026-02-09,39,https://api.sci.gov.in/supremecourt/2026/3119/3119_2026_5_32_68496_Judgement_09-Feb-2026.pdf,2026 INSC 145(English),https://api.sci.gov.in/supremecourt/2026/3119/3119_2026_5_32_68496_Judgement_09-Feb-2026.pdf,
HON'BLE MR. JUSTICE K.V. VISWANATHAN,SUPREME_COURT,2026,C.A. No.-000753-000753 - 2026,M/S EMINENT COLONIZERS PRIVATE LIMITEDVSRAJASTHAN HOUSING BOARD,National,Principal,,,COMPLETED,14254/2021,YOOTHICA PALLAVI- 2880 __,HON'BLE MR. JUSTICE K.V. VISWANATHAN,2026-02-04,1860,https://api.sci.gov.in/supremecourt/2021/14254/14254_2021_7_1501_68204_Judgement_04-Feb-2026.pdf,2026 INSC 116(English),https://api.sci.gov.in/supremecourt/2021/14254/14254_2021_7_1501_68204_Judgement_04-Feb-2026.pdf,
HON'BLE MR. JUSTICE K.V. VISWANATHAN,SUPREME_COURT,2026,C.A. No.-001560-001560 - 2026,K. RAJAIAHVSTHE HIGH COURT FOR THE STATE OF TELANGANA,National,Principal,,,COMPLETED,20265/2024,KRISHNA KUMAR SINGH- 2265 __,HON'BLE MR. JUSTICE K.V. VISWANATHAN,2026-02-11,772,https://api.sci.gov.in/supremecourt/2024/20265/20265_2024_7_1501_68480_Judgement_11-Feb-2026.pdf,2026 INSC 142(English),https://api.sci.gov.in/supremecourt/2024/20265/20265_2024_7_1501_68480_Judgement_11-Feb-2026.pdf,
HON'BLE MR. JUSTICE K.V. VISWANATHAN,SUPREME_COURT,2026,C.A. No.-000779-000779 - 2026,ANKHIM HOLDINGS PVT. LTD.VSZAVERI CONSTRUCTION PVT. LTD.,National,Principal,,,COMPLETED,22455/2024,PALLAVI PRATAP- 2553 __,HON'BLE MR. JUSTICE J.B. PARDIWALA,2026-02-04,765,https://api.sci.gov.in/supremecourt/2024/22455/22455_2024_7_9_67918_Judgement_04-Feb-2026.pdf,2026 INSC 137(English),https://api.sci.gov.in/supremecourt/2024/22455/22455_2024_7_9_67918_Judgement_04-Feb-2026.pdf,
HON'BLE MR. JUSTICE K.V. VISWANATHAN,SUPREME_COURT,2022,C.A. No.-005209-005211 - 2022,SECURITIES AND EXCHANGE BOARD OF INDIAVSTERRASCOPE VENTURES LIMITED ETC. ETC.,National,Principal,,,COMPLETED,23328/2022,__,HON'BLE MR. JUSTICE K.V. VISWANATHAN,2026-03-17,1536,https://api.sci.gov.in/supremecourt/2022/23328/23328_2022_7_1501_69386_Judgement_17-Mar-2026.pdf,2026 INSC 245(English),https://api.sci.gov.in/supremecourt/2022/23328/23328_2022_7_1501_69386_Judgement_17-Mar-2026.pdf,
HON'BLE MR. JUSTICE K.V. VISWANATHAN,SUPREME_COURT,2022,C.A. No.-003658-003659 - 2022,M/S. ABS MARINE SERVICESVSANDAMAN AND NICOBAR ADMINISTRATION,National,Principal,,,COMPLETED,37911/2018,SIDHARTH SETHI- 2182 __,HON'BLE MR. JUSTICE K.V. VISWANATHAN,2026-03-23,3003,https://api.sci.gov.in/supremecourt/2018/37911/37911_2018_15_1501_69752_Judgement_23-Mar-2026.pdf,2026 INSC 274(English),https://api.sci.gov.in/supremecourt/2018/37911/37911_2018_15_1501_69752_Judgement_23-Mar-2026.pdf,
HON'BLE MR. JUSTICE K.V. VISWANATHAN,SUPREME_COURT,2025,MA-002238 - 2025,HARISH RANAVSUNION OF INDIA,National,Principal,,,COMPLETED,60980/2025,RASHMI NANDAKUMAR- 2190 __,HON'BLE MR. JUSTICE J.B. PARDIWALA,2026-03-11,434,https://api.sci.gov.in/supremecourt/2025/60980/60980_2025_7_1501_69246_Judgement_11-Mar-2026.pdf,2026 INSC 222(English),https://api.sci.gov.in/supremecourt/2025/60980/60980_2025_7_1501_69246_Judgement_11-Mar-2026.pdf,
HON'BLE MR. JUSTICE K.V. VISWANATHAN,SUPREME_COURT,2026,C.A. No.-004642-004642 - 2026,PRAHLAD SAHAIVSHARYANA ROADWAYS,National,Principal,,,COMPLETED,8436/2024,ANUJ BHANDARI- 2175 __,HON'BLE MR. JUSTICE K.V. VISWANATHAN,2026-04-21,841,https://api.sci.gov.in/supremecourt/2024/8436/8436_2024_15_1501_70464_Judgement_21-Apr-2026.pdf,2026 INSC 396(English),https://api.sci.gov.in/supremecourt/2024/8436/8436_2024_15_1501_70464_Judgement_21-Apr-2026.pdf,
HON'BLE MR. JUSTICE K.V. VISWANATHAN,SUPREME_COURT,2026,C.A. No.-004243-004244 - 2026,STATE BANK OF INDIAVSAMIT IRON PRIVATE LIMITED,National,Principal,,,COMPLETED,34877/2025,SANJAY KAPUR- 1202 __,HON'BLE MR. JUSTICE K.V. VISWANATHAN,2026-04-07,461,https://api.sci.gov.in/supremecourt/2025/34877/34877_2025_7_1501_69830_Judgement_07-Apr-2026.pdf,2026 INSC 323(English),https://api.sci.gov.in/supremecourt/2025/34877/34877_2025_7_1501_69830_Judgement_07-Apr-2026.pdf,
HON'BLE MR. JUSTICE K.V. VISWANATHAN,SUPREME_COURT,2025,C.A. No.-011193 - 2025,M/S. NIRMAL UJJWAL CREDIT CO-OPERATIVE SOCIETY LTD.VSRAVI SETHIA,National,Principal,,,COMPLETED,48219/2025,AMIT PAI- 2649 __,HON'BLE MR. JUSTICE J.B. PARDIWALA,2026-04-09,463,https://api.sci.gov.in/supremecourt/2025/48219/48219_2025_7_1501_69857_Judgement_09-Apr-2026.pdf,2026 INSC 338(English),https://api.sci.gov.in/supremecourt/2025/48219/48219_2025_7_1501_69857_Judgement_09-Apr-2026.pdf,
HON'BLE MR. JUSTICE K.V. VISWANATHAN,SUPREME_COURT,2014,C.A. No.-006859-006859 - 2014,PARVATHI NAIRTHI (DEAD)VSLAXMI NAIRTHY (DEAD) THROUGH LRS.,National,Principal,,,COMPLETED,7342/2013,BINA GUPTA- 109 __,HON'BLE MR. JUSTICE VIJAY BISHNOI,2026-05-21,4888,https://api.sci.gov.in/supremecourt/2013/7342/7342_2013_17_1501_71553_Judgement_21-May-2026.pdf,2026 INSC 521(English),https://api.sci.gov.in/supremecourt/2013/7342/7342_2013_17_1501_71553_Judgement_21-May-2026.pdf,
HON'BLE MR. JUSTICE K.V. VISWANATHAN,SUPREME_COURT,2014,Crl.A. No.-001803-001803 - 2014,GOUR ACHARJEEVSTHE STATE OF TRIPURA HOME DEPARTMENT THROUGH SECRETARY,National,Principal,,,COMPLETED,16242/2013,DIKSHA RAI- 1974 __,HON'BLE MR. JUSTICE K.V. VISWANATHAN,2026-05-25,4892,https://api.sci.gov.in/supremecourt/2013/16242/16242_2013_7_1502_71589_Judgement_25-May-2026.pdf,2026 INSC 535(English),https://api.sci.gov.in/supremecourt/2013/16242/16242_2013_7_1502_71589_Judgement_25-May-2026.pdf,
HON'BLE MR. JUSTICE K.V. VISWANATHAN,SUPREME_COURT,2026,Crl.A. No.-002863-002864 - 2026,MUKESH KUMAR YADAVVSTHE STATE,National,Principal,,,COMPLETED,27227/2026,SHEKHAR KUMAR- 1549 __,HON'BLE MR. JUSTICE K.V. VISWANATHAN,2026-05-26,145,https://api.sci.gov.in/supremecourt/2026/27227/27227_2026_17_1502_71571_Judgement_26-May-2026.pdf,2026 INSC 559(English),https://api.sci.gov.in/supremecourt/2026/27227/27227_2026_17_1502_71571_Judgement_26-May-2026.pdf,
HON'BLE MR. JUSTICE K.V. VISWANATHAN,SUPREME_COURT,2026,Crl.A. No.-002686-002686 - 2026,MUNNA MOYUDDIN SHAIKHVSSTATE OF GUJARAT,National,Principal,,,COMPLETED,35717/2025,JAIKRITI S. JADEJA- 2299 __,HON'BLE MR. JUSTICE K.V. VISWANATHAN,2026-05-26,510,https://api.sci.gov.in/supremecourt/2025/35717/35717_2025_17_1501_71571_Judgement_26-May-2026.pdf,2026 INSC 558(English),https://api.sci.gov.in/supremecourt/2025/35717/35717_2025_17_1501_71571_Judgement_26-May-2026.pdf,
HON'BLE MR. JUSTICE K.V. VISWANATHAN,SUPREME_COURT,2026,Crl.A. No.-003038-003039 - 2026,DINESHCHAND SURANAVSUCO BANK,National,Principal,,,COMPLETED,37189/2024,ISHAAN GEORGE- 2976 __,HON'BLE MR. JUSTICE J.B. PARDIWALA,2026-05-27,877,https://api.sci.gov.in/supremecourt/2024/37189/37189_2024_7_1501_71653_Judgement_27-May-2026.pdf,2026 INSC 579(English),https://api.sci.gov.in/supremecourt/2024/37189/37189_2024_7_1501_71653_Judgement_27-May-2026.pdf,
HON'BLE MR. JUSTICE K.V. VISWANATHAN,SUPREME_COURT,2026,C.A. No.-008155-008155 - 2026,STATE OF HIMACHAL PRADESHVSM/S KUNDLAS LOH UDYOG,National,Principal,,,COMPLETED,46725/2025,SUGANDHA ANAND- 3167 __,HON'BLE MR. JUSTICE J.B. PARDIWALA,2026-05-25,509,https://api.sci.gov.in/supremecourt/2025/46725/46725_2025_7_1501_71589_Judgement_25-May-2026.pdf,2026 INSC 534(English),https://api.sci.gov.in/supremecourt/2025/46725/46725_2025_7_1501_71589_Judgement_25-May-2026.pdf,
HON'BLE MR. JUSTICE K.V. VISWANATHAN,SUPREME_COURT,2024,C.A. No.-012264-012266 - 2024,SANJAY DAVEVSANDHRA BANK LTD.,National,Principal,,,COMPLETED,51722/2024,PURTI GUPTA- 3237 __,HON'BLE MR. JUSTICE K.V. VISWANATHAN,2026-05-27,877,https://api.sci.gov.in/supremecourt/2024/51722/51722_2024_7_1502_71653_Judgement_27-May-2026.pdf,2026 INSC 580(English),https://api.sci.gov.in/supremecourt/2024/51722/51722_2024_7_1502_71653_Judgement_27-May-2026.pdf,
HON'BLE MR. JUSTICE K.V. VISWANATHAN,SUPREME_COURT,2025,W.P.(C) No.-000733-000733 - 2025,KIRLOSKAR FERROUS INDUSTRIES LIMITEDVSUNION OF INDIA,National,Principal,,,COMPLETED,40654/2025,ABHINAV AGRAWAL- 2630 __,HON'BLE MR. JUSTICE K.V. VISWANATHAN,2026-07-13,558,https://api.sci.gov.in/supremecourt/2025/40654/40654_2025_14_1501_72016_Judgement_13-Jul-2026.pdf,2026 INSC 679(English),https://api.sci.gov.in/supremecourt/2025/40654/40654_2025_14_1501_72016_Judgement_13-Jul-2026.pdf,
HON'BLE MR. JUSTICE K.V. VISWANATHAN,SUPREME_COURT,2026,Crl.A. No.-003856-003856 - 2026,KESHVENDRA SINGHVSSHANKAR SINGH,National,Principal,,,COMPLETED,3452/2026,AVIRAL KASHYAP- 2395 __,HON'BLE MR. JUSTICE K.V. VISWANATHAN,2026-08-17,228,https://api.sci.gov.in/supremecourt/2026/3452/3452_2026_13_1501_73399_Judgement_17-Aug-2026.pdf,2026 INSC 866(English),https://api.sci.gov.in/supremecourt/2026/3452/3452_2026_13_1501_73399_Judgement_17-Aug-2026.pdf,
HON'BLE MR. JUSTICE K.V. VISWANATHAN,SUPREME_COURT,2025,C.A. No.-005819-005819 - 2025,NATIONAL PROJECTS CONSTRUCTION CORPORATION LIMITEDVSISHVAKOO (INDIA) PVT LTD,National,Principal,,,COMPLETED,25019/2019,RAJAT ARORA- 2463 __,HON'BLE MR. JUSTICE K.V. VISWANATHAN,2026-08-11,2779,https://api.sci.gov.in/supremecourt/2019/25019/25019_2019_13_1501_73157_Judgement_11-Aug-2026.pdf,2026 INSC 828(English),https://api.sci.gov.in/supremecourt/2019/25019/25019_2019_13_1501_73157_Judgement_11-Aug-2026.pdf,
HON'BLE MR. JUSTICE K.V. VISWANATHAN,SUPREME_COURT,2026,C.A. No.-010772-010772 - 2026,M/S. UTKARSH ENTERPRISESVSUNION OF INDIA,National,Principal,,,COMPLETED,27960/2026,EJAZ MAQBOOL- 180 __,HON'BLE MR. JUSTICE ARUN PALLI,2026-08-18,229,https://api.sci.gov.in/supremecourt/2026/27960/27960_2026_14_1501_73437_Judgement_18-Aug-2026.pdf,2026 INSC 881(English),https://api.sci.gov.in/supremecourt/2026/27960/27960_2026_14_1501_73437_Judgement_18-Aug-2026.pdf,
HON'BLE MR. JUSTICE K.V. VISWANATHAN,SUPREME_COURT,2026,C.A. No.-013119-013119 - 2026,RVSE,National,Principal,,,COMPLETED,177/2024,DIVYA SWAMI- 2908 __,HON'BLE MR. JUSTICE K.V. VISWANATHAN,2026-09-24,997,https://api.sci.gov.in/supremecourt/2024/177/177_2024_13_1501_74530_Judgement_24-Sep-2026.pdf,2026 INSC 1049(English),https://api.sci.gov.in/supremecourt/2024/177/177_2024_13_1501_74530_Judgement_24-Sep-2026.pdf,
HON'BLE MR. JUSTICE K.V. VISWANATHAN,SUPREME_COURT,2026,Crl.A. No.-004110-004110 - 2026,ANAND KUMAR @ SANJJAY LALWANIVSTHE STATE OF MADHYA PRADESH,National,Principal,,,COMPLETED,63580/2025,PRIYANK UPADHYAY- 2910 __,HON'BLE MR. JUSTICE K.V. VISWANATHAN,2026-08-31,607,https://api.sci.gov.in/supremecourt/2025/63580/63580_2025_12_1501_73829_Judgement_31-Aug-2026.pdf,2026 INSC 928(English),https://api.sci.gov.in/supremecourt/2025/63580/63580_2025_12_1501_73829_Judgement_31-Aug-2026.pdf,
HON'BLE MR. JUSTICE K.V. VISWANATHAN,SUPREME_COURT,2026,C.A. No.-013258-013258 - 2026,JOHN MATHEWVSSANTHA PAUL,National,Principal,,,COMPLETED,65391/2025,BIJO MATHEW JOY- 3273 __,HON'BLE MR. JUSTICE ARUN PALLI,2026-09-21,628,https://api.sci.gov.in/supremecourt/2025/65391/65391_2025_13_1501_74475_Judgement_21-Sep-2026.pdf,2026 INSC 1020(English),https://api.sci.gov.in/supremecourt/2025/65391/65391_2025_13_1501_74475_Judgement_21-Sep-2026.pdf,
HON'BLE MR. JUSTICE UJJAL BHUYAN,SUPREME_COURT,2011,C.A. No.-001920-001920 - 2011,"ANANDA CHANDRA PANDA DEAD THROUGH LRS.VSCOLLECTOR,KEONJHAR .",National,Principal,,,COMPLETED,14962/2010,V. K. MONGA- 1249 __,HON'BLE MRS. JUSTICE B.V. NAGARATHNA,2026-01-22,5865,https://api.sci.gov.in/supremecourt/2010/14962/14962_2010_4_103_67644_Judgement_22-Jan-2026.pdf,2026 INSC 91(English),https://api.sci.gov.in/supremecourt/2010/14962/14962_2010_4_103_67644_Judgement_22-Jan-2026.pdf,
HON'BLE MR. JUSTICE UJJAL BHUYAN,SUPREME_COURT,2026,C.A. No.-000500-000501 - 2026,SYED MOHAMMED SHABBUDDINVSTHE UNION OF INDIA,National,Principal,,,COMPLETED,22945/2025,__,HON'BLE MRS. JUSTICE B.V. NAGARATHNA,2026-01-23,387,https://api.sci.gov.in/supremecourt/2025/22945/22945_2025_4_32_67747_Judgement_23-Jan-2026.pdf,2026 INSC 231(English),https://api.sci.gov.in/supremecourt/2025/22945/22945_2025_4_32_67747_Judgement_23-Jan-2026.pdf,
HON'BLE MR. JUSTICE UJJAL BHUYAN,SUPREME_COURT,2016,C.A. No.-008357-008357 - 2016,RAM SINGHVSRAJENDRA PRATAP SINGH @ MOTI SINGH,National,Principal,,,COMPLETED,28622/2016,ROMY CHACKO __,HON'BLE MRS. JUSTICE B.V. NAGARATHNA,2026-01-29,3681,https://api.sci.gov.in/supremecourt/2016/28622/28622_2016_4_16_67781_Judgement_29-Jan-2026.pdf,2026 INSC 110(English),https://api.sci.gov.in/supremecourt/2016/28622/28622_2016_4_16_67781_Judgement_29-Jan-2026.pdf,
HON'BLE MR. JUSTICE UJJAL BHUYAN,SUPREME_COURT,2026,C.A. No.-000056-000057 - 2026,GOLDEN FOOD PRODUCTS INDIAVSSTATE OF U.P.,National,Principal,,,COMPLETED,33449/2024,SIDDHARTH PRAVEEN ACHARYA- 3571 __,HON'BLE MRS. JUSTICE B.V. NAGARATHNA,2026-01-06,736,https://api.sci.gov.in/supremecourt/2024/33449/33449_2024_4_1502_67224_Judgement_06-Jan-2026.pdf,2026 INSC 22(English),https://api.sci.gov.in/supremecourt/2024/33449/33449_2024_4_1502_67224_Judgement_06-Jan-2026.pdf,
HON'BLE MR. JUSTICE UJJAL BHUYAN,SUPREME_COURT,2026,C.A. No.-000260-000261 - 2026,VAYYAETI SRINIVASARAOVSGAINEEDI JAGAJYOTHI,National,Principal,,,COMPLETED,36675/2023,ABID ALI BEERAN P- 2169 __,HON'BLE MRS. JUSTICE B.V. NAGARATHNA,2026-01-15,1110,https://api.sci.gov.in/supremecourt/2023/36675/36675_2023_4_1501_67373_Judgement_15-Jan-2026.pdf,2026 INSC 59(English),https://api.sci.gov.in/supremecourt/2023/36675/36675_2023_4_1501_67373_Judgement_15-Jan-2026.pdf,
HON'BLE MR. JUSTICE UJJAL BHUYAN,SUPREME_COURT,2016,C.A. No.-006130-006130 - 2016,DALSUKHBHAI BACHUBHAI SATASIA AND ORS.VSSTATE OF GUJARAT AND ORS.,National,Principal,,,COMPLETED,37162/2014,RABIN MAJUMDER- 1825 __ DEEPANWITA PRIYANKA- 2618,HON'BLE MRS. JUSTICE B.V. NAGARATHNA,2026-01-06,4388,https://api.sci.gov.in/supremecourt/2014/37162/37162_2014_4_1501_67224_Judgement_06-Jan-2026.pdf,2026 INSC 21(English),https://api.sci.gov.in/supremecourt/2014/37162/37162_2014_4_1501_67224_Judgement_06-Jan-2026.pdf,
HON'BLE MR. JUSTICE UJJAL BHUYAN,SUPREME_COURT,2026,C.A. No.-000380-000381 - 2026,V.ANIMA MALARVSS. AADHAVAN,National,Principal,,,COMPLETED,37381/2024,ANU GUPTA- 1437 __,HON'BLE MRS. JUSTICE B.V. NAGARATHNA,2026-01-20,750,https://api.sci.gov.in/supremecourt/2024/37381/37381_2024_4_13_67590_Judgement_20-Jan-2026.pdf,2026 INSC 108(English),https://api.sci.gov.in/supremecourt/2024/37381/37381_2024_4_13_67590_Judgement_20-Jan-2026.pdf,
HON'BLE MR. JUSTICE UJJAL BHUYAN,SUPREME_COURT,2026,C.A. No.-000383-000383 - 2026,42605-B CDR YOGESH MAHLAVSUNION OF INDIA,National,Principal,,,COMPLETED,39361/2025,AKSHAY BHANDARI- 3400 __,HON'BLE MRS. JUSTICE B.V. NAGARATHNA,2026-01-20,384,https://api.sci.gov.in/supremecourt/2025/39361/39361_2025_4_18_67590_Judgement_20-Jan-2026.pdf,2026 INSC 107(English),https://api.sci.gov.in/supremecourt/2025/39361/39361_2025_4_18_67590_Judgement_20-Jan-2026.pdf,
HON'BLE MR. JUSTICE UJJAL BHUYAN,SUPREME_COURT,2018,C.A. No.-011183 - 2018,K.M. SHAJIVSM. V. NIKESH KUMAR,National,Principal,,,COMPLETED,43393/2018,PALLAVI PRATAP- 2553 __,HON'BLE MRS. JUSTICE B.V. NAGARATHNA,2026-01-29,2950,https://api.sci.gov.in/supremecourt/2018/43393/43393_2018_4_18_67781_Judgement_29-Jan-2026.pdf,2026 INSC 111(English),https://api.sci.gov.in/supremecourt/2018/43393/43393_2018_4_18_67781_Judgement_29-Jan-2026.pdf,
HON'BLE MR. JUSTICE UJJAL BHUYAN,SUPREME_COURT,2026,C.A. No.-000316-000316 - 2026,ALKA SHRIRANG CHAVANVSHEMCHANDRA RAJARAM BHONSALE,National,Principal,,,COMPLETED,44153/2025,SHIVAJI M. JADHAV- 1117 __,HON'BLE MR. JUSTICE UJJAL BHUYAN,2026-01-12,376,https://api.sci.gov.in/supremecourt/2025/44153/44153_2025_4_1501_67358_Judgement_12-Jan-2026.pdf,2026 INSC 52(English),https://api.sci.gov.in/supremecourt/2025/44153/44153_2025_4_1501_67358_Judgement_12-Jan-2026.pdf,
HON'BLE MR. JUSTICE UJJAL BHUYAN,SUPREME_COURT,2026,Crl.A. No.-000542-000542 - 2026,YATENDRA SINGHVSSTATE OF UP.,National,Principal,,,COMPLETED,74777/2025,SANJEEV MALHOTRA- 728 __,HON'BLE MRS. JUSTICE B.V. NAGARATHNA,2026-01-30,394,https://api.sci.gov.in/supremecourt/2025/74777/74777_2025_4_20_67782_Judgement_30-Jan-2026.pdf,2026 INSC 109(English),https://api.sci.gov.in/supremecourt/2025/74777/74777_2025_4_20_67782_Judgement_30-Jan-2026.pdf,
HON'BLE MR. JUSTICE UJJAL BHUYAN,SUPREME_COURT,2026,Crl.A. No.-001058-001058 - 2026,NARESH KUMAR GARGVSTHE STATE OF HARYANA,National,Principal,,,COMPLETED,9215/2025,SHUBHAM BHALLA- 2430 __,HON'BLE MR. JUSTICE UJJAL BHUYAN,2026-02-23,418,https://api.sci.gov.in/supremecourt/2025/9215/9215_2025_4_1501_69085_Judgement_23-Feb-2026.pdf,2026 INSC 176(English),https://api.sci.gov.in/supremecourt/2025/9215/9215_2025_4_1501_69085_Judgement_23-Feb-2026.pdf,
HON'BLE MR. JUSTICE UJJAL BHUYAN,SUPREME_COURT,2026,Crl.A. No.-000693-000693 - 2026,PRAMOD KUMAR NAVRATNAVSSTATE OF CHHATTISGARH,National,Principal,,,COMPLETED,14110/2025,JUGUL KISHOR GUPTA- 3271 __,HON'BLE MRS. JUSTICE B.V. NAGARATHNA,2026-02-05,400,https://api.sci.gov.in/supremecourt/2025/14110/14110_2025_4_1501_68198_Judgement_05-Feb-2026.pdf,2026 INSC 124(English),https://api.sci.gov.in/supremecourt/2025/14110/14110_2025_4_1501_68198_Judgement_05-Feb-2026.pdf,
HON'BLE MR. JUSTICE UJJAL BHUYAN,SUPREME_COURT,2024,C.A. No.-013749-013755 - 2024,M/S SHYAM BEEJ BHANDARVSSURESH ETC.,National,Principal,,,COMPLETED,16675/2021,TULIKA MUKHERJEE- 2201 __,HON'BLE MRS. JUSTICE B.V. NAGARATHNA,2026-02-05,1861,https://api.sci.gov.in/supremecourt/2021/16675/16675_2021_4_101_68198_Judgement_05-Feb-2026.pdf,2026 INSC 158(English),https://api.sci.gov.in/supremecourt/2021/16675/16675_2021_4_101_68198_Judgement_05-Feb-2026.pdf,
HON'BLE MR. JUSTICE UJJAL BHUYAN,SUPREME_COURT,2016,C.A. No.-003200-003200 - 2016,BHAGYALAXMI CO-OPERATIVE BANK LTD.VSBABALDAS AMTHARAM PATEL (D) THROUGH LRS. .,National,Principal,,,COMPLETED,30741/2008,RAGHAVENDRA S. SRIVATSA __ KEDAR NATH TRIPATHY- 1749,HON'BLE MRS. JUSTICE B.V. NAGARATHNA,2026-02-27,6632,https://api.sci.gov.in/supremecourt/2008/30741/30741_2008_4_1501_68890_Judgement_27-Feb-2026.pdf,2026 INSC 205(English),https://api.sci.gov.in/supremecourt/2008/30741/30741_2008_4_1501_68890_Judgement_27-Feb-2026.pdf,
HON'BLE MR. JUSTICE UJJAL BHUYAN,SUPREME_COURT,2022,C.A. No.-006371-006384 - 2022,S G JAMALUDHEEN ETC ETCVSSTATE OF KARNATAKA AND ORS ETC ETC,National,Principal,,,COMPLETED,38359/2014,NAVEEN R. NATH __,HON'BLE MRS. JUSTICE B.V. NAGARATHNA,2026-02-26,4439,https://api.sci.gov.in/supremecourt/2014/38359/38359_2014_4_101_69016_Judgement_26-Feb-2026.pdf,2026 INSC 235(English),https://api.sci.gov.in/supremecourt/2014/38359/38359_2014_4_101_69016_Judgement_26-Feb-2026.pdf,
HON'BLE MR. JUSTICE UJJAL BHUYAN,SUPREME_COURT,2026,C.A. No.-000723-000724 - 2026,SUSHIL KAMALNAYAN BHARUKAVSTHE STATE OF MAHARASHTRA,National,Principal,,,COMPLETED,38904/2023,RITESH KUMAR CHOWDHARY- 2270 __,HON'BLE MRS. JUSTICE B.V. NAGARATHNA,2026-02-03,1129,https://api.sci.gov.in/supremecourt/2023/38904/38904_2023_4_4_67902_Judgement_03-Feb-2026.pdf,2026 INSC 168(English),https://api.sci.gov.in/supremecourt/2023/38904/38904_2023_4_4_67902_Judgement_03-Feb-2026.pdf,
HON'BLE MR. JUSTICE UJJAL BHUYAN,SUPREME_COURT,2024,C.A. No.-011746-011747 - 2024,TORRENT POWER LIMITEDVSASHISH ARJUNKUMAR RATHI,National,Principal,,,COMPLETED,48102/2024,S. S. SHROFF- 710 __,HON'BLE MRS. JUSTICE B.V. NAGARATHNA,2026-02-27,788,https://api.sci.gov.in/supremecourt/2024/48102/48102_2024_4_1502_68890_Judgement_27-Feb-2026.pdf,2026 INSC 206(English),https://api.sci.gov.in/supremecourt/2024/48102/48102_2024_4_1502_68890_Judgement_27-Feb-2026.pdf,
HON'BLE MR. JUSTICE UJJAL BHUYAN,SUPREME_COURT,2026,Crl.A. No.-000971-000971 - 2026,GOURAB MONDAL @ SHANUVSSTATE OF WEST BENGAL,National,Principal,,,COMPLETED,65894/2025,SUSHIL BALWADA- 1340 __,HON'BLE MRS. JUSTICE B.V. NAGARATHNA,2026-02-18,413,https://api.sci.gov.in/supremecourt/2025/65894/65894_2025_4_11_68592_Judgement_18-Feb-2026.pdf,2026 INSC 184(English),https://api.sci.gov.in/supremecourt/2025/65894/65894_2025_4_11_68592_Judgement_18-Feb-2026.pdf,
HON'BLE MR. JUSTICE UJJAL BHUYAN,SUPREME_COURT,2026,C.A. No.-001478-001478 - 2026,HERO CYCLES LIMITEDVSHERO ECOTECH LIMITED,National,Principal,,,COMPLETED,68939/2025,ASHUTOSH NAGAR- 3728 __,HON'BLE MRS. JUSTICE B.V. NAGARATHNA,2026-02-10,405,https://api.sci.gov.in/supremecourt/2025/68939/68939_2025_3_46_68261_Judgement_10-Feb-2026.pdf,2026 INSC 169(English),https://api.sci.gov.in/supremecourt/2025/68939/68939_2025_3_46_68261_Judgement_10-Feb-2026.pdf,
HON'BLE MR. JUSTICE UJJAL BHUYAN,SUPREME_COURT,2026,Crl.A. No.-001638-001638 - 2026,CHARUL SHUKLAVSSTATE OF U.P.,National,Principal,,,COMPLETED,1421/2024,DIVYESH PRATAP SINGH- 2543 __,HON'BLE MRS. JUSTICE B.V. NAGARATHNA,2026-03-25,814,https://api.sci.gov.in/supremecourt/2024/1421/1421_2024_4_1501_69606_Judgement_25-Mar-2026.pdf,2026 INSC 297(English),https://api.sci.gov.in/supremecourt/2024/1421/1421_2024_4_1501_69606_Judgement_25-Mar-2026.pdf,
HON'BLE MR. JUSTICE UJJAL BHUYAN,SUPREME_COURT,2013,C.A. No.-002219-002220 - 2013,M/S RASHTRIYA CHEM. AND FER. LTD.VSCOMM. OF CENTRAL EX. AND SERV. TAX(LTU),National,Principal,,,COMPLETED,21219/2012,RAJESH KUMAR- 1107 __,HON'BLE MRS. JUSTICE B.V. NAGARATHNA,2026-03-24,5196,https://api.sci.gov.in/supremecourt/2012/21219/21219_2012_4_1501_69605_Judgement_24-Mar-2026.pdf,2026 INSC 285(English),https://api.sci.gov.in/supremecourt/2012/21219/21219_2012_4_1501_69605_Judgement_24-Mar-2026.pdf,
HON'BLE MR. JUSTICE UJJAL BHUYAN,SUPREME_COURT,2026,C.A. No.-003870-003870 - 2026,WG CDR SUCHETA EDNVSUNION OF INDIA,National,Principal,,,COMPLETED,28412/2024,ROHIT KUMAR- 3552 __,HON'BLE THE CHIEF JUSTICE,2026-03-24,813,https://api.sci.gov.in/supremecourt/2024/28412/28412_2024_1_1501_69761_Judgement_24-Mar-2026.pdf,2026 INSC 280(English),https://api.sci.gov.in/supremecourt/2024/28412/28412_2024_1_1501_69761_Judgement_24-Mar-2026.pdf,
HON'BLE MR. JUSTICE UJJAL BHUYAN,SUPREME_COURT,2024,C.A. No.-009747-009757 - 2024,LT. COL. POOJA PALVSUNION OF INDIA,National,Principal,,,COMPLETED,32212/2024,RAKESH KUMAR- 2515 __,HON'BLE THE CHIEF JUSTICE,2026-03-24,813,https://api.sci.gov.in/supremecourt/2024/32212/32212_2024_1_1502_69761_Judgement_24-Mar-2026.pdf,2026 INSC 281(English),https://api.sci.gov.in/supremecourt/2024/32212/32212_2024_1_1502_69761_Judgement_24-Mar-2026.pdf,
HON'BLE MR. JUSTICE UJJAL BHUYAN,SUPREME_COURT,2025,R.P.(C) No.-002528 - 2025,NATIONAL HIGHWAYS AUTHORITY OF INDIAVSTARSEM SINGH,National,Principal,,,COMPLETED,44096/2025,JAIKRITI S. JADEJA- 2299 __,HON'BLE THE CHIEF JUSTICE,2026-03-25,448,https://api.sci.gov.in/supremecourt/2025/44096/44096_2025_1_1501_69789_Judgement_25-Mar-2026.pdf,2026 INSC 291(English),https://api.sci.gov.in/supremecourt/2025/44096/44096_2025_1_1501_69789_Judgement_25-Mar-2026.pdf,
HON'BLE MR. JUSTICE UJJAL BHUYAN,SUPREME_COURT,2024,C.A. No.-014681 - 2024,YOGENDRA KUMAR SINGHVSUNION OF INDIA,National,Principal,,,COMPLETED,53802/2024,POOJA DHAR- 2048 __,HON'BLE THE CHIEF JUSTICE,2026-03-24,813,https://api.sci.gov.in/supremecourt/2024/53802/53802_2024_1_1503_69761_Judgement_24-Mar-2026.pdf,2026 INSC 282(English),https://api.sci.gov.in/supremecourt/2024/53802/53802_2024_1_1503_69761_Judgement_24-Mar-2026.pdf,
HON'BLE MR. JUSTICE UJJAL BHUYAN,SUPREME_COURT,2026,Crl.A. No.-002534-002534 - 2026,KAILASH CHANDRA KAPRIVSSTATE OF UTTAR PRADESH,National,Principal,,,COMPLETED,19375/2026,RAJESH GULAB INAMDAR- 3386 __,HON'BLE MR. JUSTICE J.B. PARDIWALA,2026-04-29,118,https://api.sci.gov.in/supremecourt/2026/19375/19375_2026_7_16_70715_Judgement_29-Apr-2026.pdf,2026 INSC 473(English),https://api.sci.gov.in/supremecourt/2026/19375/19375_2026_7_16_70715_Judgement_29-Apr-2026.pdf,
HON'BLE MR. JUSTICE UJJAL BHUYAN,SUPREME_COURT,2026,C.A. No.-004545-004546 - 2026,AKKIRAJU PANDURANGA RAOVSGUNDLAPALLY RANGA RAO,National,Principal,,,COMPLETED,29951/2023,SRAVAN KUMAR KARANAM- 3132 __,HON'BLE MRS. JUSTICE B.V. NAGARATHNA,2026-04-16,1201,https://api.sci.gov.in/supremecourt/2023/29951/29951_2023_4_39_70208_Judgement_16-Apr-2026.pdf,2026 INSC 428(English),https://api.sci.gov.in/supremecourt/2023/29951/29951_2023_4_39_70208_Judgement_16-Apr-2026.pdf,
HON'BLE MR. JUSTICE UJJAL BHUYAN,SUPREME_COURT,2024,C.A. No.-003624-003624 - 2024,S VALLIAMMAIVSS RAMANATHAN,National,Principal,,,COMPLETED,33436/2019,K J JOHN AND CO- 1287 __,HON'BLE MRS. JUSTICE B.V. NAGARATHNA,2026-04-16,2662,https://api.sci.gov.in/supremecourt/2019/33436/33436_2019_4_1501_70360_Judgement_16-Apr-2026.pdf,2026 INSC 372(English),https://api.sci.gov.in/supremecourt/2019/33436/33436_2019_4_1501_70360_Judgement_16-Apr-2026.pdf,
HON'BLE MR. JUSTICE UJJAL BHUYAN,SUPREME_COURT,2025,C.A. No.-002587 - 2025,CANARA BANKVSKAVITA CHOWDHARY,National,Principal,,,COMPLETED,50187/2024,BRIJESH KUMAR TAMBER- 2254 __,HON'BLE MR. JUSTICE UJJAL BHUYAN,2026-04-15,835,https://api.sci.gov.in/supremecourt/2024/50187/50187_2024_7_1501_70151_Judgement_15-Apr-2026.pdf,2026 INSC 363(English),https://api.sci.gov.in/supremecourt/2024/50187/50187_2024_7_1501_70151_Judgement_15-Apr-2026.pdf,
HON'BLE MR. JUSTICE UJJAL BHUYAN,SUPREME_COURT,2026,Crl.A. No.-001982-001982 - 2026,VENU GOPALAKRISHNANVSTHE STATE OF KERALA,National,Principal,,,COMPLETED,54203/2025,VISHNU P.- 4183 __,HON'BLE MRS. JUSTICE B.V. NAGARATHNA,2026-04-16,470,https://api.sci.gov.in/supremecourt/2025/54203/54203_2025_4_1502_70360_Judgement_16-Apr-2026.pdf,2026 INSC 373(English),https://api.sci.gov.in/supremecourt/2025/54203/54203_2025_4_1502_70360_Judgement_16-Apr-2026.pdf,
HON'BLE MR. JUSTICE UJJAL BHUYAN,SUPREME_COURT,2012,C.A. No.-009107-009107 - 2012,SANAND PROPERTIES P.LTD.VSJT.COMMR.OF I.T . RANGE 6 AND ORS.,National,Principal,,,COMPLETED,17883/2012,MANISHA T. KARIA __ MADHULIKA UPADHYAY- 4185,HON'BLE MR. JUSTICE J.B. PARDIWALA,2026-05-12,5245,https://api.sci.gov.in/supremecourt/2012/17883/17883_2012_7_1501_71155_Judgement_12-May-2026.pdf,2026 INSC 472(English),https://api.sci.gov.in/supremecourt/2012/17883/17883_2012_7_1501_71155_Judgement_12-May-2026.pdf,
HON'BLE MR. JUSTICE UJJAL BHUYAN,SUPREME_COURT,2026,Crl.A. No.-003090-003091 - 2026,KARAN CHETTRIVSSTATE OF SIKKIM,National,Principal,,,COMPLETED,26611/2025,MANIKA TRIPATHY- 1568 __,HON'BLE MRS. JUSTICE B.V. NAGARATHNA,2026-05-20,504,https://api.sci.gov.in/supremecourt/2025/26611/26611_2025_4_26_71403_Judgement_20-May-2026.pdf,2026 INSC 659(English),https://api.sci.gov.in/supremecourt/2025/26611/26611_2025_4_26_71403_Judgement_20-May-2026.pdf,
HON'BLE MR. JUSTICE UJJAL BHUYAN,SUPREME_COURT,2012,C.A. No.-000527-000527 - 2012,L.K. TRUSTVSCOMMISSIONER OF INCOME TAX,National,Principal,,,COMPLETED,34718/2010,NAVEEN KUMAR- 1725 __ SUDARSHAN LAMBA- 3667,HON'BLE MR. JUSTICE J.B. PARDIWALA,2026-05-07,5970,https://api.sci.gov.in/supremecourt/2010/34718/34718_2010_7_103_70808_Judgement_07-May-2026.pdf,2026 INSC 474(English),https://api.sci.gov.in/supremecourt/2010/34718/34718_2010_7_103_70808_Judgement_07-May-2026.pdf,
HON'BLE MR. JUSTICE UJJAL BHUYAN,SUPREME_COURT,2023,W.P.(Crl.) No.-000446 - 2023,ROHIT CHATURVEDIVSSTATE OF UTTARAKHAND,National,Principal,,,COMPLETED,37958/2023,VANYA GUPTA- 3189 __,HON'BLE MRS. JUSTICE B.V. NAGARATHNA,2026-05-15,1230,https://api.sci.gov.in/supremecourt/2023/37958/37958_2023_4_1501_71175_Judgement_15-May-2026.pdf,2026 INSC 490(English),https://api.sci.gov.in/supremecourt/2023/37958/37958_2023_4_1501_71175_Judgement_15-May-2026.pdf,
HON'BLE MR. JUSTICE UJJAL BHUYAN,SUPREME_COURT,2025,C.A. No.-013598-013598 - 2025,VIDYASAGAR VIJAYKUMAR KAMBOJVSTHE STATE OF MAHARASHTRA,National,Principal,,,COMPLETED,46040/2025,M. VEERARAGAVAN- 3890 __,HON'BLE MR. JUSTICE J.B. PARDIWALA,2026-05-07,491,https://api.sci.gov.in/supremecourt/2025/46040/46040_2025_7_109_70808_Judgement_07-May-2026.pdf,2026 INSC 697(English),https://api.sci.gov.in/supremecourt/2025/46040/46040_2025_7_109_70808_Judgement_07-May-2026.pdf,
HON'BLE MR. JUSTICE UJJAL BHUYAN,SUPREME_COURT,2026,Crl.A. No.-002974-002974 - 2026,VIJAY KUMAR KELAVSCENTRAL BUREAU OF INVESTIGATION,National,Principal,,,COMPLETED,54473/2024,DHAWESH PAHUJA- 3642 __,HON'BLE MRS. JUSTICE B.V. NAGARATHNA,2026-05-29,879,https://api.sci.gov.in/supremecourt/2024/54473/54473_2024_3_1506_71667_Judgement_29-May-2026.pdf,2026 INSC 588(English),https://api.sci.gov.in/supremecourt/2024/54473/54473_2024_3_1506_71667_Judgement_29-May-2026.pdf,
HON'BLE MR. JUSTICE UJJAL BHUYAN,SUPREME_COURT,2026,Crl.A. No.-003001-003001 - 2026,ISHWAR CHAND SHARMAVSSTATE OF U.P.,National,Principal,,,COMPLETED,62571/2025,SANJEEV MALHOTRA- 728 __,HON'BLE MRS. JUSTICE B.V. NAGARATHNA,2026-05-29,513,https://api.sci.gov.in/supremecourt/2025/62571/62571_2025_3_1505_71667_Judgement_29-May-2026.pdf,2026 INSC 587(English),https://api.sci.gov.in/supremecourt/2025/62571/62571_2025_3_1505_71667_Judgement_29-May-2026.pdf,
HON'BLE MR. JUSTICE UJJAL BHUYAN,SUPREME_COURT,2026,Crl.A. No.-002603-002603 - 2026,"SYED IFTIKHAR ANDRABIVSNATIONAL INVESTIGATION AGENCY, JAMMU",National,Principal,,,COMPLETED,71878/2025,TALHA ABDUL RAHMAN- 2467 __,HON'BLE MR. JUSTICE UJJAL BHUYAN,2026-05-18,502,https://api.sci.gov.in/supremecourt/2025/71878/71878_2025_4_1501_71300_Judgement_18-May-2026.pdf,2026 INSC 503(English),https://api.sci.gov.in/supremecourt/2025/71878/71878_2025_4_1501_71300_Judgement_18-May-2026.pdf,
HON'BLE MR. JUSTICE UJJAL BHUYAN,SUPREME_COURT,2026,Crl.A. No.-002911-002911 - 2026,JITTU YADAVVSSTATE OF CHHATTISGARH,National,Principal,,,COMPLETED,74967/2025,MAYANK PANDEY- 2297 __,HON'BLE MRS. JUSTICE B.V. NAGARATHNA,2026-05-27,511,https://api.sci.gov.in/supremecourt/2025/74967/74967_2025_4_95_71620_Judgement_27-May-2026.pdf,2026 INSC 657(English),https://api.sci.gov.in/supremecourt/2025/74967/74967_2025_4_95_71620_Judgement_27-May-2026.pdf,
HON'BLE MR. JUSTICE UJJAL BHUYAN,SUPREME_COURT,2012,Crl.A. No.-002024-002024 - 2012,MATHU ALIAS JAGDISHVSSTATE OF UTTRAKHAND,National,Principal,,,COMPLETED,28876/2012,ASHIESH KUMAR- 1225 __ AKSHAT KUMAR- 2124,HON'BLE MR. JUSTICE UJJAL BHUYAN,2026-06-25,5289,https://api.sci.gov.in/supremecourt/2012/28876/28876_2012_4_1501_71874_Judgement_25-Jun-2026.pdf,2026 INSC 658(English),https://api.sci.gov.in/supremecourt/2012/28876/28876_2012_4_1501_71874_Judgement_25-Jun-2026.pdf,
HON'BLE MR. JUSTICE UJJAL BHUYAN,SUPREME_COURT,2026,C.A. No.-009050-009050 - 2026,NAKHAT SINGHVSUNION OF INDIA,National,Principal,,,COMPLETED,6576/2024,DEEPAK GOEL- 1780 __,HON'BLE MR. JUSTICE UJJAL BHUYAN,2026-07-29,940,https://api.sci.gov.in/supremecourt/2024/6576/6576_2024_15_1501_72652_Judgement_29-Jul-2026.pdf,2026 INSC 758(English),https://api.sci.gov.in/supremecourt/2024/6576/6576_2024_15_1501_72652_Judgement_29-Jul-2026.pdf,
HON'BLE MR. JUSTICE UJJAL BHUYAN,SUPREME_COURT,2026,Crl.A. No.-003374-003374 - 2026,SATYA NARAYAN MEHERVSSTATE OF ODISHA,National,Principal,,,COMPLETED,21206/2026,RENUKA SAHU- 3066 __,HON'BLE MR. JUSTICE UJJAL BHUYAN,2026-07-28,208,https://api.sci.gov.in/supremecourt/2026/21206/21206_2026_15_1501_72651_Judgement_28-Jul-2026.pdf,2026 INSC 1013(English),https://api.sci.gov.in/supremecourt/2026/21206/21206_2026_15_1501_72651_Judgement_28-Jul-2026.pdf,
HON'BLE MR. JUSTICE UJJAL BHUYAN,SUPREME_COURT,2026,C.A. No.-009049-009049 - 2026,RASILABENVSDINESH DEUMAL HARANI,National,Principal,,,COMPLETED,32864/2024,NACHIKETA JOSHI __,HON'BLE MR. JUSTICE UJJAL BHUYAN,2026-07-21,932,https://api.sci.gov.in/supremecourt/2024/32864/32864_2024_14_1502_72339_Judgement_21-Jul-2026.pdf,2026 INSC 1016(English),https://api.sci.gov.in/supremecourt/2024/32864/32864_2024_14_1502_72339_Judgement_21-Jul-2026.pdf,
HON'BLE MR. JUSTICE UJJAL BHUYAN,SUPREME_COURT,2015,Crl.A. No.-001365-001365 - 2015,PRABHAKAR YESHWANT MASRAMVSSOU TULA NAMDEORAO JAIPURKAR,National,Principal,,,COMPLETED,38386/2012,ANAGHA S. DESAI- 1588 __,HON'BLE MR. JUSTICE UJJAL BHUYAN,2026-07-21,5315,https://api.sci.gov.in/supremecourt/2012/38386/38386_2012_14_1501_72339_Judgement_21-Jul-2026.pdf,2026 INSC 724(English),https://api.sci.gov.in/supremecourt/2012/38386/38386_2012_14_1501_72339_Judgement_21-Jul-2026.pdf,
HON'BLE MR. JUSTICE UJJAL BHUYAN,SUPREME_COURT,2015,Crl.A. No.-001307-001307 - 2015,STATE OF HIMACHAL PRADESHVSMOTI RAM,National,Principal,,,COMPLETED,42200/2014,ABHINAV MUKERJI __,HON'BLE MR. JUSTICE UJJAL BHUYAN,2026-07-24,4587,https://api.sci.gov.in/supremecourt/2014/42200/42200_2014_13_1501_72342_Judgement_24-Jul-2026.pdf,2026 INSC 1012(English),https://api.sci.gov.in/supremecourt/2014/42200/42200_2014_13_1501_72342_Judgement_24-Jul-2026.pdf,
HON'BLE MR. JUSTICE UJJAL BHUYAN,SUPREME_COURT,2026,SLP(C) No.-029517-029517 - 2026,K. SUMAN CHANDRAVSUNION OF INDIA,National,Principal,,,COMPLETED,5679/2024,MANISH KUMAR SARAN- 1528 __,HON'BLE MR. JUSTICE UJJAL BHUYAN,2026-08-20,962,https://api.sci.gov.in/supremecourt/2024/5679/5679_2024_15_1501_73742_Judgement_20-Aug-2026.pdf,2026 INSC 893(English),https://api.sci.gov.in/supremecourt/2024/5679/5679_2024_15_1501_73742_Judgement_20-Aug-2026.pdf,
HON'BLE MR. JUSTICE UJJAL BHUYAN,SUPREME_COURT,2017,Crl.A. No.-002120-002120 - 2017,THE STATE OF ANDHRA PRADESH HOME DEPARTMENTVSPONTHATI SIVA RAMI REDDY,National,Principal,,,COMPLETED,6413/2016,GUNTUR PRAMOD KUMAR- 2788 __,HON'BLE MR. JUSTICE ATUL S. CHANDURKAR,2026-08-10,3874,https://api.sci.gov.in/supremecourt/2016/6413/6413_2016_14_1501_73113_Judgement_10-Aug-2026.pdf,2026 INSC 820(English),https://api.sci.gov.in/supremecourt/2016/6413/6413_2016_14_1501_73113_Judgement_10-Aug-2026.pdf,
HON'BLE MR. JUSTICE UJJAL BHUYAN,SUPREME_COURT,2015,Crl.A. No.-001177-001177 - 2015,RAFIKMIYA AHMEDMIYA MALEKVSSTATE OF GUJARAT,National,Principal,,,COMPLETED,8036/2015,DIVYESH PRATAP SINGH- 2543 __ HEMANTIKA WAHI- 226,HON'BLE MR. JUSTICE UJJAL BHUYAN,2026-08-19,4248,https://api.sci.gov.in/supremecourt/2015/8036/8036_2015_15_1501_73506_Judgement_19-Aug-2026.pdf,2026 INSC 890(English),https://api.sci.gov.in/supremecourt/2015/8036/8036_2015_15_1501_73506_Judgement_19-Aug-2026.pdf,
HON'BLE MR. JUSTICE UJJAL BHUYAN,SUPREME_COURT,2002,C.A. No.-000897-000897 - 2002,STATE OF U.P.VSJAI BIR SINGH,National,Principal,,,COMPLETED,9099/2001,SUDEEP KUMAR- 2779 __,HON'BLE THE CHIEF JUSTICE,2026-08-20,9362,https://api.sci.gov.in/supremecourt/2001/9099/9099_2001_1_1501_73712_Judgement_20-Aug-2026.pdf,2026 INSC 897(English),https://api.sci.gov.in/supremecourt/2001/9099/9099_2001_1_1501_73712_Judgement_20-Aug-2026.pdf,
HON'BLE MR. JUSTICE UJJAL BHUYAN,SUPREME_COURT,2026,C.A. No.-010930-010931 - 2026,HEMANT KUMARVSTHE STATE OF HARYANA AND ORS. ETC.,National,Principal,,,COMPLETED,15281/2023,PREETIKA DWIVEDI- 2078 __,HON'BLE MR. JUSTICE UJJAL BHUYAN,2026-08-18,1325,https://api.sci.gov.in/supremecourt/2023/15281/15281_2023_15_1501_73505_Judgement_18-Aug-2026.pdf,2026 INSC 878(English),https://api.sci.gov.in/supremecourt/2023/15281/15281_2023_15_1501_73505_Judgement_18-Aug-2026.pdf,
HON'BLE MR. JUSTICE UJJAL BHUYAN,SUPREME_COURT,2026,C.A. No.-011944-011945 - 2026,R.J.GAJENDRA KUMARVSTHE GOVERNMENT OF TAMIL NADU,National,Principal,,,COMPLETED,22592/2025,SHYAM GOPAL- 3604 __,HON'BLE MR. JUSTICE UJJAL BHUYAN,2026-08-22,598,https://api.sci.gov.in/supremecourt/2025/22592/22592_2025_11_1501_73701_Judgement_22-Aug-2026.pdf,2026 INSC 911(English),https://api.sci.gov.in/supremecourt/2025/22592/22592_2025_11_1501_73701_Judgement_22-Aug-2026.pdf,
HON'BLE MR. JUSTICE UJJAL BHUYAN,SUPREME_COURT,2026,C.A. No.-007067-007067 - 2026,GAYATREE PATTNAIK FOR SHREEJITA PATTNAIKVSARUNDHATI SAHOO,National,Principal,,,COMPLETED,30363/2023,SHAKTI KANTA PATTANAIK- 2781 __,HON'BLE MR. JUSTICE UJJAL BHUYAN,2026-08-03,1310,https://api.sci.gov.in/supremecourt/2023/30363/30363_2023_15_1501_72864_Judgement_03-Aug-2026.pdf,2026 INSC 785(English),https://api.sci.gov.in/supremecourt/2023/30363/30363_2023_15_1501_72864_Judgement_03-Aug-2026.pdf,
HON'BLE MR. JUSTICE UJJAL BHUYAN,SUPREME_COURT,2016,Crl.A. No.-001052-001052 - 2016,RAM SINGHVSTHE STATE OF HIMACHAL PRADESH,National,Principal,,,COMPLETED,32875/2016,SANJAY JAIN- 1299 __ VARINDER KUMAR SHARMA- 1237,HON'BLE MR. JUSTICE UJJAL BHUYAN,2026-08-11,3875,https://api.sci.gov.in/supremecourt/2016/32875/32875_2016_14_1501_73243_Judgement_11-Aug-2026.pdf,2026 INSC 830(English),https://api.sci.gov.in/supremecourt/2016/32875/32875_2016_14_1501_73243_Judgement_11-Aug-2026.pdf,
HON'BLE MR. JUSTICE UJJAL BHUYAN,SUPREME_COURT,2026,C.A. No.-010045-010045 - 2026,G. SATHYANARAYANA BOTHRAVSM.D. LOKESWARI,National,Principal,,,COMPLETED,35592/2025,BALAJI SRINIVASAN- 1546 __,HON'BLE MR. JUSTICE UJJAL BHUYAN,2026-08-22,598,https://api.sci.gov.in/supremecourt/2025/35592/35592_2025_11_1502_73701_Judgement_22-Aug-2026.pdf,2026 INSC 912(English),https://api.sci.gov.in/supremecourt/2025/35592/35592_2025_11_1502_73701_Judgement_22-Aug-2026.pdf,
HON'BLE MR. JUSTICE UJJAL BHUYAN,SUPREME_COURT,2026,C.A. No.-009923-009924 - 2026,BASSANNA SINCE DECEASED BY LRS.VSBHIMANNA ETC. ETC.,National,Principal,,,COMPLETED,37174/2022,ANIRUDH SANGANERIA- 2385 __,HON'BLE MR. JUSTICE UJJAL BHUYAN,2026-08-12,1684,https://api.sci.gov.in/supremecourt/2022/37174/37174_2022_15_1501_73244_Judgement_12-Aug-2026.pdf,2026 INSC 838(English),https://api.sci.gov.in/supremecourt/2022/37174/37174_2022_15_1501_73244_Judgement_12-Aug-2026.pdf,
HON'BLE MR. JUSTICE UJJAL BHUYAN,SUPREME_COURT,2026,C.A. No.-010693-010694 - 2026,SHRI PRAKASH NARAIN SHARMA DEAD THROUGH LRS.VSM/S. BURMAH SHELL COOPERATIVE HOUSING SOCIETY (REGD) THROUGH MANAGING COMMITTEE MEMBER SH. P. JINDAL,National,Principal,,,COMPLETED,1715/2011,T. V. RATNAM- 751 __,HON'BLE MR. JUSTICE UJJAL BHUYAN,2026-08-31,5721,https://api.sci.gov.in/supremecourt/2011/1715/1715_2011_13_1501_73831_Judgement_31-Aug-2026.pdf,2026 INSC 927(English),https://api.sci.gov.in/supremecourt/2011/1715/1715_2011_13_1501_73831_Judgement_31-Aug-2026.pdf,
HON'BLE MR. JUSTICE UJJAL BHUYAN,SUPREME_COURT,2015,Crl.A. No.-000203-000203 - 2015,PARAMJIT SINGH BEDIVSSTATE OF PUNJAB,National,Principal,,,COMPLETED,2388/2014,DELHI LAW CHAMBERS- 1508 __ KULDIP SINGH- 1389,HON'BLE MR. JUSTICE UJJAL BHUYAN,2026-09-25,4650,https://api.sci.gov.in/supremecourt/2014/2388/2388_2014_13_1501_74675_Judgement_25-Sep-2026.pdf,2026 INSC 1054(English),https://api.sci.gov.in/supremecourt/2014/2388/2388_2014_13_1501_74675_Judgement_25-Sep-2026.pdf,
HON'BLE MR. JUSTICE UJJAL BHUYAN,SUPREME_COURT,2026,C.A. No.-012611-012611 - 2026,SHEO KUMAR SINGHVSM/S SHARDA EDUCATIONAL SOCIETY,National,Principal,,,COMPLETED,11829/2025,MAYANK PANDEY- 2297 __,HON'BLE MR. JUSTICE UJJAL BHUYAN,2026-09-09,616,https://api.sci.gov.in/supremecourt/2025/11829/11829_2025_14_4_74169_Judgement_09-Sep-2026.pdf,2026 INSC 1011(English),https://api.sci.gov.in/supremecourt/2025/11829/11829_2025_14_4_74169_Judgement_09-Sep-2026.pdf,
HON'BLE MR. JUSTICE UJJAL BHUYAN,SUPREME_COURT,2017,C.A. No.-008167 - 2017,V. SUMITRA REDDY VSK. RANGANADHA REDDY .,National,Principal,,,COMPLETED,16737/2012,ANANGA BHATTACHARYYA- 1705 __ K. SHIVRAJ CHOUDHURI- 1307,HON'BLE MR. JUSTICE UJJAL BHUYAN,2026-09-09,5365,https://api.sci.gov.in/supremecourt/2012/16737/16737_2012_14_1501_74031_Judgement_09-Sep-2026.pdf,2026 INSC 979(English),https://api.sci.gov.in/supremecourt/2012/16737/16737_2012_14_1501_74031_Judgement_09-Sep-2026.pdf,
HON'BLE MR. JUSTICE UJJAL BHUYAN,SUPREME_COURT,2026,C.A. No.-010706-010706 - 2026,K RASHIKVSNATIONAL INSURANCE COMPANY LTD.,National,Principal,,,COMPLETED,23029/2026,NARENDER KUMAR VERMA- 2103 __,HON'BLE MR. JUSTICE UJJAL BHUYAN,2026-09-16,258,https://api.sci.gov.in/supremecourt/2026/23029/23029_2026_12_1501_74352_Judgement_16-Sep-2026.pdf,2026 INSC 996(English),https://api.sci.gov.in/supremecourt/2026/23029/23029_2026_12_1501_74352_Judgement_16-Sep-2026.pdf,
HON'BLE MR. JUSTICE UJJAL BHUYAN,SUPREME_COURT,2013,C.A. No.-001052-001052 - 2013,M/S SAUDI ARABIAN AIRLINESVSUNION OF INDIA,National,Principal,,,COMPLETED,29166/2010,P. V. DINESH __,HON'BLE MR. JUSTICE UJJAL BHUYAN,2026-09-01,6087,https://api.sci.gov.in/supremecourt/2010/29166/29166_2010_14_1501_73848_Judgement_01-Sep-2026.pdf,2026 INSC 933(English),https://api.sci.gov.in/supremecourt/2010/29166/29166_2010_14_1501_73848_Judgement_01-Sep-2026.pdf,
HON'BLE MR. JUSTICE UJJAL BHUYAN,SUPREME_COURT,2016,Crl.A. No.-001108-001108 - 2016,SANJAY KUMARVSSTATE OF HIMACHAL PRADESH,National,Principal,,,COMPLETED,31331/2016,P. D. SHARMA- 494 __ VARINDER KUMAR SHARMA- 1237,HON'BLE MR. JUSTICE UJJAL BHUYAN,2026-09-03,3898,https://api.sci.gov.in/supremecourt/2016/31331/31331_2016_14_1501_73972_Judgement_03-Sep-2026.pdf,2026 INSC 948(English),https://api.sci.gov.in/supremecourt/2016/31331/31331_2016_14_1501_73972_Judgement_03-Sep-2026.pdf,
HON'BLE MR. JUSTICE UJJAL BHUYAN,SUPREME_COURT,2026,Crl.A. No.-004234-004234 - 2026,JASKARAN JEET SINGH DEOLVSSTATE OF PUNJAB,National,Principal,,,COMPLETED,35041/2026,YOGINDER HANDOO- 1909 __,HON'BLE MR. JUSTICE UJJAL BHUYAN,2026-09-21,263,https://api.sci.gov.in/supremecourt/2026/35041/35041_2026_14_1501_74476_Judgement_21-Sep-2026.pdf,2026 INSC 1022(English),https://api.sci.gov.in/supremecourt/2026/35041/35041_2026_14_1501_74476_Judgement_21-Sep-2026.pdf,
HON'BLE MR. JUSTICE UJJAL BHUYAN,SUPREME_COURT,2014,Crl.A. No.-002137-002137 - 2014,JASWINDER SINGH (DEAD THROUGH LRS.)VSSTATE OF PUNJAB,National,Principal,,,COMPLETED,39943/2013,ANIS AHMED KHAN __ KULDIP SINGH- 1389,HON'BLE MR. JUSTICE UJJAL BHUYAN,2026-09-22,5012,https://api.sci.gov.in/supremecourt/2013/39943/39943_2013_14_1501_74552_Judgement_22-Sep-2026.pdf,2026 INSC 1031(English),https://api.sci.gov.in/supremecourt/2013/39943/39943_2013_14_1501_74552_Judgement_22-Sep-2026.pdf,
HON'BLE MR. JUSTICE UJJAL BHUYAN,SUPREME_COURT,2026,C.A. No.-012951-012951 - 2026,SUKHABHAI NANJIBHAI MAKWANAVSUNION OF INDIA,National,Principal,,,COMPLETED,46964/2025,PRASHANT RAWAT- 4125 __,HON'BLE MR. JUSTICE ATUL S. CHANDURKAR,2026-09-25,632,https://api.sci.gov.in/supremecourt/2025/46964/46964_2025_13_1502_74675_Judgement_25-Sep-2026.pdf,2026 INSC 1056(English),https://api.sci.gov.in/supremecourt/2025/46964/46964_2025_13_1502_74675_Judgement_25-Sep-2026.pdf,
HON'BLE MR. JUSTICE UJJAL BHUYAN,SUPREME_COURT,2026,Crl.A. No.-004092-004092 - 2026,ANTONETTO J D SOUZAVSALDILA BRAGANZA,National,Principal,,,COMPLETED,54804/2024,NAVIN PRAKASH- 990 __,HON'BLE MR. JUSTICE ATUL S. CHANDURKAR,2026-09-22,995,https://api.sci.gov.in/supremecourt/2024/54804/54804_2024_14_1502_74552_Judgement_22-Sep-2026.pdf,2026 INSC 1032(English),https://api.sci.gov.in/supremecourt/2024/54804/54804_2024_14_1502_74552_Judgement_22-Sep-2026.pdf,
HON'BLE MR. JUSTICE UJJAL BHUYAN,SUPREME_COURT,2018,Crl.A. No.-000107-000107 - 2018,SANTOSH GURUNGVSTHE STATE OF SIKKIM,National,Principal,,,COMPLETED,41647/2017,SANGEETA KUMAR- 725 __,HON'BLE MR. JUSTICE ATUL S. CHANDURKAR,2026-10-01,3560,https://api.sci.gov.in/supremecourt/2017/41647/41647_2017_13_1501_74866_Judgement_01-Oct-2026.pdf,2026 INSC 1073(English),https://api.sci.gov.in/supremecourt/2017/41647/41647_2017_13_1501_74866_Judgement_01-Oct-2026.pdf,
HON'BLE MR. JUSTICE S.V.N. BHATTI,SUPREME_COURT,2026,C.A. No.-000046-000047 - 2026,NAK ENGINEERING COMPANY PVT. LTD.VSTARUN KESHRICHAND SHAH,National,Principal,,,COMPLETED,9053/2022,K J JOHN AND CO- 1287 __,HON'BLE MR. JUSTICE PANKAJ MITHAL,2026-01-05,1465,https://api.sci.gov.in/supremecourt/2022/9053/9053_2022_9_1501_67145_Judgement_05-Jan-2026.pdf,2026 INSC 8(English),https://api.sci.gov.in/supremecourt/2022/9053/9053_2022_9_1501_67145_Judgement_05-Jan-2026.pdf,
HON'BLE MR. JUSTICE S.V.N. BHATTI,SUPREME_COURT,2026,C.A. No.-000098-000098 - 2026,JAN DE NUL DREDGING INDIA PVT LTDVSTUTICORIN PORT TRUST,National,Principal,,,COMPLETED,14448/2021,K J JOHN AND CO- 1287 __,HON'BLE MR. JUSTICE PANKAJ MITHAL,2026-01-07,1832,https://api.sci.gov.in/supremecourt/2021/14448/14448_2021_9_1501_67181_Judgement_07-Jan-2026.pdf,2026 INSC 34(English),https://api.sci.gov.in/supremecourt/2021/14448/14448_2021_9_1501_67181_Judgement_07-Jan-2026.pdf,
HON'BLE MR. JUSTICE S.V.N. BHATTI,SUPREME_COURT,2026,C.A. No.-000532-000532 - 2026,M/S PREMIUM TRANSMISSION PVT. LIMITEDVSTHE STATE OF MAHARASHTRA,National,Principal,,,COMPLETED,17773/2023,ATUL BABASAHEB DAKH- 2098 __,HON'BLE MR. JUSTICE S.V.N. BHATTI,2026-01-27,1122,https://api.sci.gov.in/supremecourt/2023/17773/17773_2023_8_1501_67799_Judgement_27-Jan-2026.pdf,2026 INSC 87(English),https://api.sci.gov.in/supremecourt/2023/17773/17773_2023_8_1501_67799_Judgement_27-Jan-2026.pdf,
HON'BLE MR. JUSTICE S.V.N. BHATTI,SUPREME_COURT,2017,C.A. No.-003352-003353 - 2017,ULTRATECH CEMENT LIMITEDVSTHE STATE OF GUJARAT,National,Principal,,,COMPLETED,37774/2012,E. C. AGRAWALA- 177 __,HON'BLE MR. JUSTICE PANKAJ MITHAL,2026-01-08,5121,https://api.sci.gov.in/supremecourt/2012/37774/37774_2012_9_1501_67276_Judgement_08-Jan-2026.pdf,2026 INSC 43(English),https://api.sci.gov.in/supremecourt/2012/37774/37774_2012_9_1501_67276_Judgement_08-Jan-2026.pdf,
HON'BLE MR. JUSTICE S.V.N. BHATTI,SUPREME_COURT,2026,C.A. No.-000245-000246 - 2026,KANCHANA RAIVSGEETA SHARMA,National,Principal,,,COMPLETED,55630/2025,D. ABHINAV RAO- 2277 __,HON'BLE MR. JUSTICE PANKAJ MITHAL,2026-01-13,377,https://api.sci.gov.in/supremecourt/2025/55630/55630_2025_9_1501_67439_Judgement_13-Jan-2026.pdf,2026 INSC 54(English),https://api.sci.gov.in/supremecourt/2025/55630/55630_2025_9_1501_67439_Judgement_13-Jan-2026.pdf,
HON'BLE MR. JUSTICE S.V.N. BHATTI,SUPREME_COURT,2026,C.A. No.-003440-003440 - 2026,"THE GENERAL SECRETARY, VIVEKANANDA KENDRAVSPRADEEP KUMAR AGARWALLA",National,Principal,,,COMPLETED,12306/2023,RUTWIK PANDA- 1521 __,HON'BLE MR. JUSTICE S.V.N. BHATTI,2026-02-26,1152,https://api.sci.gov.in/supremecourt/2023/12306/12306_2023_9_1501_69026_Judgement_26-Feb-2026.pdf,2026 INSC 199(English),https://api.sci.gov.in/supremecourt/2023/12306/12306_2023_9_1501_69026_Judgement_26-Feb-2026.pdf,
HON'BLE MR. JUSTICE S.V.N. BHATTI,SUPREME_COURT,2026,C.A. No.-001513-001522 - 2026,N. MANOHARANVSTHE ADMINSITRATIVE OFFICER,National,Principal,,,COMPLETED,13322/2024,RAGHUNATHA SETHUPATHY B- 3238 __,HON'BLE MR. JUSTICE S.V.N. BHATTI,2026-02-11,772,https://api.sci.gov.in/supremecourt/2024/13322/13322_2024_9_1501_68490_Judgement_11-Feb-2026.pdf,2026 INSC 143(English),https://api.sci.gov.in/supremecourt/2024/13322/13322_2024_9_1501_68490_Judgement_11-Feb-2026.pdf,
HON'BLE MR. JUSTICE S.V.N. BHATTI,SUPREME_COURT,2026,C.A. No.-000758-000758 - 2026,U.P. JUNIOR HIGH SCHOOL COUNCIL INSTRUCTOR WELFARE ASSOCIATIONVSTHE STATE OF UTTAR PRADESH,National,Principal,,,COMPLETED,14111/2023,TOM JOSEPH- 2953 __,HON'BLE MR. JUSTICE PANKAJ MITHAL,2026-02-04,1130,https://api.sci.gov.in/supremecourt/2023/14111/14111_2023_9_1501_68244_Judgement_04-Feb-2026.pdf,2026 INSC 117(English),https://api.sci.gov.in/supremecourt/2023/14111/14111_2023_9_1501_68244_Judgement_04-Feb-2026.pdf,
HON'BLE MR. JUSTICE S.V.N. BHATTI,SUPREME_COURT,2009,C.A. No.-004587-004587 - 2009,RAM NARAIN (D) BY LRS.VSTHE SUB DIVISIONAL OFFICER,National,Principal,,,COMPLETED,34204/2007,T. N. SINGH- 749 __,HON'BLE MR. JUSTICE S.V.N. BHATTI,2026-02-25,6995,https://api.sci.gov.in/supremecourt/2007/34204/34204_2007_9_1501_69025_Judgement_25-Feb-2026.pdf,2026 INSC 193(English),https://api.sci.gov.in/supremecourt/2007/34204/34204_2007_9_1501_69025_Judgement_25-Feb-2026.pdf,
HON'BLE MR. JUSTICE S.V.N. BHATTI,SUPREME_COURT,2026,C.A. No.-001602-001602 - 2026,R. SAVITHRI NAIDUVSM/S. THE COTTON CORPORATION OF INDIA LTD,National,Principal,,,COMPLETED,36664/2024,__,HON'BLE MR. JUSTICE S.V.N. BHATTI,2026-02-12,773,https://api.sci.gov.in/supremecourt/2024/36664/36664_2024_9_1501_68491_Judgement_12-Feb-2026.pdf,2026 INSC 150(English),https://api.sci.gov.in/supremecourt/2024/36664/36664_2024_9_1501_68491_Judgement_12-Feb-2026.pdf,
HON'BLE MR. JUSTICE S.V.N. BHATTI,SUPREME_COURT,2011,C.A. No.-008451-008451 - 2011,KANTAVSSOMA DEVI (D) THR. LR.,National,Principal,,,COMPLETED,37661/2010,MOHIT D. RAM- 1908 __ MOHAN LAL SHARMA- 1073,HON'BLE MR. JUSTICE S.V.N. BHATTI,2026-02-06,5880,https://api.sci.gov.in/supremecourt/2010/37661/37661_2010_8_1501_67929_Judgement_06-Feb-2026.pdf,2026 INSC 133(English),https://api.sci.gov.in/supremecourt/2010/37661/37661_2010_8_1501_67929_Judgement_06-Feb-2026.pdf,
HON'BLE MR. JUSTICE S.V.N. BHATTI,SUPREME_COURT,2026,C.A. No.-000856-000856 - 2026,THARAMMEL PEETHAMBARANVST. USHAKRISHNAN,National,Principal,,,COMPLETED,44058/2023,HARSHAD V. HAMEED- 2127 __,HON'BLE MR. JUSTICE S.V.N. BHATTI,2026-02-06,1132,https://api.sci.gov.in/supremecourt/2023/44058/44058_2023_8_1502_67929_Judgement_06-Feb-2026.pdf,2026 INSC 134(English),https://api.sci.gov.in/supremecourt/2023/44058/44058_2023_8_1502_67929_Judgement_06-Feb-2026.pdf,
HON'BLE MR. JUSTICE S.V.N. BHATTI,SUPREME_COURT,2026,C.A. No.-000771-000771 - 2026,MOHTASHEM BILLAH MALIKVSSANA AFTAB,National,Principal,,,COMPLETED,58062/2025,NIDHI MOHAN PARASHAR- 2703 __,HON'BLE MR. JUSTICE PANKAJ MITHAL,2026-02-04,399,https://api.sci.gov.in/supremecourt/2025/58062/58062_2025_9_1502_68244_Judgement_04-Feb-2026.pdf,2026 INSC 118(English),https://api.sci.gov.in/supremecourt/2025/58062/58062_2025_9_1502_68244_Judgement_04-Feb-2026.pdf,
HON'BLE MR. JUSTICE S.V.N. BHATTI,SUPREME_COURT,2011,Crl.A. No.-001819-001821 - 2011,DABLUVSTHE STATE OF MADHYA PRADESH,National,Principal,,,COMPLETED,16428/2011,S. MAHENDRAN- 1526 __ C. D. SINGH,HON'BLE MR. JUSTICE PANKAJ MITHAL,2026-03-11,5548,https://api.sci.gov.in/supremecourt/2011/16428/16428_2011_9_1501_69237_Judgement_11-Mar-2026.pdf,2026 INSC 224(English),https://api.sci.gov.in/supremecourt/2011/16428/16428_2011_9_1501_69237_Judgement_11-Mar-2026.pdf,
HON'BLE MR. JUSTICE S.V.N. BHATTI,SUPREME_COURT,2026,C.A. No.-003489-003490 - 2026,STEEL AUTHORITY OF INDIA LTDVSSADA NAND SINGH,National,Principal,,,COMPLETED,33516/2024,__,HON'BLE MR. JUSTICE S.V.N. BHATTI,2026-03-18,807,https://api.sci.gov.in/supremecourt/2024/33516/33516_2024_9_1501_69416_Judgement_18-Mar-2026.pdf,2026 INSC 263(English),https://api.sci.gov.in/supremecourt/2024/33516/33516_2024_9_1501_69416_Judgement_18-Mar-2026.pdf,
HON'BLE MR. JUSTICE S.V.N. BHATTI,SUPREME_COURT,2010,Crl.A. No.-002432-002432 - 2010,SUBRAMANIVSSTATE OF KARNATAKA,National,Principal,,,COMPLETED,37839/2010,DEVASA & CO.- 2413 __ SANCHIT GARGA- 2748,HON'BLE MR. JUSTICE PANKAJ MITHAL,2026-03-17,5919,https://api.sci.gov.in/supremecourt/2010/37839/37839_2010_9_1501_69388_Judgement_17-Mar-2026.pdf,2026 INSC 249(English),https://api.sci.gov.in/supremecourt/2010/37839/37839_2010_9_1501_69388_Judgement_17-Mar-2026.pdf,
HON'BLE MR. JUSTICE S.V.N. BHATTI,SUPREME_COURT,2022,C.A. No.-003658-003659 - 2022,M/S. ABS MARINE SERVICESVSANDAMAN AND NICOBAR ADMINISTRATION,National,Principal,,,COMPLETED,37911/2018,SIDHARTH SETHI- 2182 __,HON'BLE MR. JUSTICE K.V. VISWANATHAN,2026-03-23,3003,https://api.sci.gov.in/supremecourt/2018/37911/37911_2018_15_1501_69752_Judgement_23-Mar-2026.pdf,2026 INSC 274(English),https://api.sci.gov.in/supremecourt/2018/37911/37911_2018_15_1501_69752_Judgement_23-Mar-2026.pdf,
HON'BLE MR. JUSTICE S.V.N. BHATTI,SUPREME_COURT,2025,MA-001806-001807 - 2025,UNION OF INDIAVSPRAKASH INDUSTRIES LIMITED,National,Principal,,,COMPLETED,55493/2025,BY COURTS MOTION __,HON'BLE MR. JUSTICE S.V.N. BHATTI,2026-03-17,440,https://api.sci.gov.in/supremecourt/2025/55493/55493_2025_9_1502_69388_Judgement_17-Mar-2026.pdf,2026 INSC 250(English),https://api.sci.gov.in/supremecourt/2025/55493/55493_2025_9_1502_69388_Judgement_17-Mar-2026.pdf,
HON'BLE MR. JUSTICE S.V.N. BHATTI,SUPREME_COURT,2026,C.A. No.-004321-004321 - 2026,MAURICE W. INNISVSLILY KAZROONI @ LILY ARIF SHAIKH,National,Principal,,,COMPLETED,12992/2022,ANAND DILIP LANDGE- 2739 __,HON'BLE MR. JUSTICE PANKAJ MITHAL,2026-04-09,1559,https://api.sci.gov.in/supremecourt/2022/12992/12992_2022_9_1502_69878_Judgement_09-Apr-2026.pdf,2026 INSC 340(English),https://api.sci.gov.in/supremecourt/2022/12992/12992_2022_9_1502_69878_Judgement_09-Apr-2026.pdf,
HON'BLE MR. JUSTICE S.V.N. BHATTI,SUPREME_COURT,2026,C.A. No.-004105-004105 - 2026,UNION OF INDIAVSSUNIL KUMAR RAI,National,Principal,,,COMPLETED,20113/2023,__,HON'BLE MR. JUSTICE S.V.N. BHATTI,2026-04-01,1186,https://api.sci.gov.in/supremecourt/2023/20113/20113_2023_9_1501_69627_Judgement_01-Apr-2026.pdf,2026 INSC 311(English),https://api.sci.gov.in/supremecourt/2023/20113/20113_2023_9_1501_69627_Judgement_01-Apr-2026.pdf,
HON'BLE MR. JUSTICE S.V.N. BHATTI,SUPREME_COURT,2010,C.A. No.-000109-000109 - 2010,RUSSI FISHERIES P. LTD..VSBHAVNA SETH .,National,Principal,,,COMPLETED,24748/2009,GARIMA PRASHAD __,HON'BLE MR. JUSTICE PANKAJ MITHAL,2026-04-09,6307,https://api.sci.gov.in/supremecourt/2009/24748/24748_2009_9_1501_69878_Judgement_09-Apr-2026.pdf,2026 INSC 339(English),https://api.sci.gov.in/supremecourt/2009/24748/24748_2009_9_1501_69878_Judgement_09-Apr-2026.pdf,
HON'BLE MR. JUSTICE S.V.N. BHATTI,SUPREME_COURT,2026,C.A. No.-004454-004454 - 2026,VPS HEALTHCARE PRIVATE LIMITEDVSPRABHAT KUMAR SRIVASTAVA,National,Principal,,,COMPLETED,39812/2023,RADHA SHYAM JENA- 1167 __,HON'BLE MR. JUSTICE S.V.N. BHATTI,2026-04-13,1198,https://api.sci.gov.in/supremecourt/2023/39812/39812_2023_9_1501_70052_Judgement_13-Apr-2026.pdf,2026 INSC 361(English),https://api.sci.gov.in/supremecourt/2023/39812/39812_2023_9_1501_70052_Judgement_13-Apr-2026.pdf,
HON'BLE MR. JUSTICE S.V.N. BHATTI,SUPREME_COURT,2024,C.A. No.-005307-005307 - 2024,LOKENDRA KUMAR TIWARIVSUNION OF INDIA,National,Principal,,,COMPLETED,3146/2023,AVIRAL SAXENA- 2786 __,HON'BLE MR. JUSTICE S.V.N. BHATTI,2026-05-13,1228,https://api.sci.gov.in/supremecourt/2023/3146/3146_2023_9_1501_71069_Judgement_13-May-2026.pdf,2026 INSC 487(English),https://api.sci.gov.in/supremecourt/2023/3146/3146_2023_9_1501_71069_Judgement_13-May-2026.pdf,
HON'BLE MR. JUSTICE S.V.N. BHATTI,SUPREME_COURT,2011,C.A. No.-011179-011179 - 2011,TIKKA SHATRUJIT SINGHVSSUKJIT SINGH,National,Principal,,,COMPLETED,4799/2011,__ SHASHI BHUSHAN KUMAR- 1399,HON'BLE MR. JUSTICE PANKAJ MITHAL,2026-05-27,5625,https://api.sci.gov.in/supremecourt/2011/4799/4799_2011_9_1502_71625_Judgement_27-May-2026.pdf,2026 INSC 571(English),https://api.sci.gov.in/supremecourt/2011/4799/4799_2011_9_1502_71625_Judgement_27-May-2026.pdf,
HON'BLE MR. JUSTICE S.V.N. BHATTI,SUPREME_COURT,2026,C.A. No.-007120-007120 - 2026,SUNIL KUMAR YADAVVSTHE STATE OF JHARKHAND,National,Principal,,,COMPLETED,5215/2023,SHUBHANGI TULI- 1921 __,HON'BLE MR. JUSTICE S.V.N. BHATTI,2026-05-07,1222,https://api.sci.gov.in/supremecourt/2023/5215/5215_2023_9_1501_70816_Judgement_07-May-2026.pdf,2026 INSC 462(English),https://api.sci.gov.in/supremecourt/2023/5215/5215_2023_9_1501_70816_Judgement_07-May-2026.pdf,
HON'BLE MR. JUSTICE S.V.N. BHATTI,SUPREME_COURT,2026,C.A. No.-007460-007460 - 2026,CANARA BANKVSPREM LATHA UPPAL (DEAD),National,Principal,,,COMPLETED,19750/2023,HETU ARORA SETHI- 1419 __,HON'BLE MR. JUSTICE S.V.N. BHATTI,2026-05-12,1227,https://api.sci.gov.in/supremecourt/2023/19750/19750_2023_9_1501_71051_Judgement_12-May-2026.pdf,2026 INSC 478(English),https://api.sci.gov.in/supremecourt/2023/19750/19750_2023_9_1501_71051_Judgement_12-May-2026.pdf,
HON'BLE MR. JUSTICE S.V.N. BHATTI,SUPREME_COURT,2010,C.A. No.-007318-007318 - 2010,SMALL SCALE ENTERPRENEURS ASSOCIATIONVSTHE STATE OF MAHARASHTRA,National,Principal,,,COMPLETED,25118/2010,KHAITAN & CO.- 1509 __,HON'BLE MR. JUSTICE PANKAJ MITHAL,2026-05-27,5990,https://api.sci.gov.in/supremecourt/2010/25118/25118_2010_9_1501_71625_Judgement_27-May-2026.pdf,2026 INSC 570(English),https://api.sci.gov.in/supremecourt/2010/25118/25118_2010_9_1501_71625_Judgement_27-May-2026.pdf,
HON'BLE MR. JUSTICE S.V.N. BHATTI,SUPREME_COURT,2026,C.A. No.-007062-007062 - 2026,HABBAN SHAHVSSHERUDDIN,National,Principal,,,COMPLETED,25718/2025,ANKIT SWARUP- 2267 __ DIVYESH PRATAP SINGH- 2543,HON'BLE MR. JUSTICE PANKAJ MITHAL,2026-05-06,490,https://api.sci.gov.in/supremecourt/2025/25718/25718_2025_9_1501_70815_Judgement_06-May-2026.pdf,2026 INSC 451(English),https://api.sci.gov.in/supremecourt/2025/25718/25718_2025_9_1501_70815_Judgement_06-May-2026.pdf,
HON'BLE MR. JUSTICE S.V.N. BHATTI,SUPREME_COURT,2019,C.A. No.-009041-009041 - 2019,JAGDISH PRASADVSP.M. MANOJ KUMAR,National,Principal,,,COMPLETED,35675/2017,SHASHI KIRAN __,HON'BLE MR. JUSTICE S.V.N. BHATTI,2026-05-27,3433,https://api.sci.gov.in/supremecourt/2017/35675/35675_2017_9_1503_71625_Judgement_27-May-2026.pdf,2026 INSC 572(English),https://api.sci.gov.in/supremecourt/2017/35675/35675_2017_9_1503_71625_Judgement_27-May-2026.pdf,
HON'BLE MR. JUSTICE S.V.N. BHATTI,SUPREME_COURT,2026,C.A. No.-007094-007094 - 2026,VADIYALA PRABHAKAR RAOVSTHE GOVERNMENT OF ANDHRA PRADESH,National,Principal,,,COMPLETED,51341/2024,Y. RAJA GOPALA RAO- 1210 __,HON'BLE MR. JUSTICE S.V.N. BHATTI,2026-05-06,856,https://api.sci.gov.in/supremecourt/2024/51341/51341_2024_9_1502_70815_Judgement_06-May-2026.pdf,2026 INSC 450(English),https://api.sci.gov.in/supremecourt/2024/51341/51341_2024_9_1502_70815_Judgement_06-May-2026.pdf,
HON'BLE MR. JUSTICE S.V.N. BHATTI,SUPREME_COURT,2026,C.A. No.-007980-007981 - 2026,JENNIFER MESSIASVSLEONARD G LOBO,National,Principal,,,COMPLETED,71632/2025,ABHISHEK GULATEE- 3901 __,HON'BLE MR. JUSTICE S.V.N. BHATTI,2026-05-18,502,https://api.sci.gov.in/supremecourt/2025/71632/71632_2025_7_1501_71256_Judgement_18-May-2026.pdf,2026 INSC 502(English),https://api.sci.gov.in/supremecourt/2025/71632/71632_2025_7_1501_71256_Judgement_18-May-2026.pdf,
HON'BLE MR. JUSTICE S.V.N. BHATTI,SUPREME_COURT,2024,Crl.A. No.-003743-003743 - 2024,SPECIAL POLICE ESTABLISHMENTVSKAMTA PRASAD MISHRA,National,Principal,,,COMPLETED,9255/2022,__,HON'BLE MR. JUSTICE ATUL S. CHANDURKAR,2026-06-15,1626,https://api.sci.gov.in/supremecourt/2022/9255/9255_2022_3_1502_71783_Judgement_15-Jun-2026.pdf,2026 INSC 644(English),https://api.sci.gov.in/supremecourt/2022/9255/9255_2022_3_1502_71783_Judgement_15-Jun-2026.pdf,
HON'BLE MR. JUSTICE S.V.N. BHATTI,SUPREME_COURT,2026,C.A. No.-008626-008626 - 2026,S. SENTHIL KUMARAN BOSEVSTHE STATE OF TAMIL NADU,National,Principal,,,COMPLETED,13171/2024,M.P. PARTHIBAN- 2667 __,HON'BLE MR. JUSTICE ATUL S. CHANDURKAR,2026-06-15,896,https://api.sci.gov.in/supremecourt/2024/13171/13171_2024_3_1501_71783_Judgement_15-Jun-2026.pdf,2026 INSC 645(English),https://api.sci.gov.in/supremecourt/2024/13171/13171_2024_3_1501_71783_Judgement_15-Jun-2026.pdf,
HON'BLE MR. JUSTICE S.V.N. BHATTI,SUPREME_COURT,2017,C.A. No.-019552-019553 - 2017,RAJAT KUMAR AND ORS ETC ETCVSS D ADARASH JAIN KANYA MAHA VIDYALAYA SADHAURA AND ANR ETC ETC,National,Principal,,,COMPLETED,13748/2017,SANGEETA KUMAR- 725 __,HON'BLE MR. JUSTICE ATUL S. CHANDURKAR,2026-06-19,3456,https://api.sci.gov.in/supremecourt/2017/13748/13748_2017_3_1502_71787_Judgement_19-Jun-2026.pdf,2026 INSC 648(English),https://api.sci.gov.in/supremecourt/2017/13748/13748_2017_3_1502_71787_Judgement_19-Jun-2026.pdf,
HON'BLE MR. JUSTICE S.V.N. BHATTI,SUPREME_COURT,2015,C.A. No.-002471-002473 - 2015,COMMISSIONER OF SERVICE TAX MUMBAIVSM/S BHARAT PETROLEUM CORPORATION LTD. ETC.,National,Principal,,,COMPLETED,149/2015,GURMEET SINGH MAKKER- 2357 __,HON'BLE MR. JUSTICE N.V. ANJARIA,2026-07-20,4218,https://api.sci.gov.in/supremecourt/2015/149/149_2015_15_1501_72214_Judgement_20-Jul-2026.pdf,2026 INSC 723(English),https://api.sci.gov.in/supremecourt/2015/149/149_2015_15_1501_72214_Judgement_20-Jul-2026.pdf,
HON'BLE MR. JUSTICE S.V.N. BHATTI,SUPREME_COURT,2010,C.A. No.-004359-004359 - 2010,TELECOM REGULATORY AUTH.OF INDIAVSM/S POLIMER CABLE NETWORK .,National,Principal,,,COMPLETED,14912/2010,SANJAY KAPUR- 1202 __,HON'BLE MR. JUSTICE S.V.N. BHATTI,2026-07-24,6048,https://api.sci.gov.in/supremecourt/2010/14912/14912_2010_14_1501_72346_Judgement_24-Jul-2026.pdf,2026 INSC 742(English),https://api.sci.gov.in/supremecourt/2010/14912/14912_2010_14_1501_72346_Judgement_24-Jul-2026.pdf,
HON'BLE MR. JUSTICE S.V.N. BHATTI,SUPREME_COURT,2018,C.A. No.-003954-003954 - 2018,STATE OF U.P..VSZAFAR ALI,National,Principal,,,COMPLETED,26445/2012,NAMIT SAXENA- 2887 __ K. S. RANA- 1129,HON'BLE MR. JUSTICE S.V.N. BHATTI,2026-07-28,5322,https://api.sci.gov.in/supremecourt/2012/26445/26445_2012_16_1501_72735_Judgement_28-Jul-2026.pdf,2026 INSC 753(English),https://api.sci.gov.in/supremecourt/2012/26445/26445_2012_16_1501_72735_Judgement_28-Jul-2026.pdf,
HON'BLE MR. JUSTICE S.V.N. BHATTI,SUPREME_COURT,2026,C.A. No.-010586-010588 - 2026,PARBATSINH DOLATSANG DODIYAVSRAMESHBHAI HARJIBHAI MAKWANA,National,Principal,,,COMPLETED,1054/2024,UDAYADITYA BANERJEE- 2468 __,HON'BLE MR. JUSTICE S.V.N. BHATTI,2026-08-20,962,https://api.sci.gov.in/supremecourt/2024/1054/1054_2024_16_1501_73527_Judgement_20-Aug-2026.pdf,2026 INSC 898(English),https://api.sci.gov.in/supremecourt/2024/1054/1054_2024_16_1501_73527_Judgement_20-Aug-2026.pdf,
HON'BLE MR. JUSTICE S.V.N. BHATTI,SUPREME_COURT,2026,C.A. No.-010031-010033 - 2026,K. BHARATHAMMAVSBANDARU SAKKU BAI,National,Principal,,,COMPLETED,3611/2024,BIJOY KUMAR JAIN- 92 __,HON'BLE MR. JUSTICE N.V. ANJARIA,2026-08-04,946,https://api.sci.gov.in/supremecourt/2024/3611/3611_2024_16_1501_73013_Judgement_04-Aug-2026.pdf,2026 INSC 795(English),https://api.sci.gov.in/supremecourt/2024/3611/3611_2024_16_1501_73013_Judgement_04-Aug-2026.pdf,
HON'BLE MR. JUSTICE S.V.N. BHATTI,SUPREME_COURT,2012,C.A. No.-003334-003336 - 2012,"THE DIRECTOR OF INCOME TAX, INTERNATIONAL TAXATIONVSM/S STAR CRUISES (INDIA) P. LTD.",National,Principal,,,COMPLETED,3826/2012,SUDARSHAN LAMBA- 3667 __ MEERA MATHUR- 1247,HON'BLE MR. JUSTICE S.V.N. BHATTI,2026-07-30,5324,https://api.sci.gov.in/supremecourt/2012/3826/3826_2012_16_1501_72717_Judgement_30-Jul-2026.pdf,2026 INSC 771(English),https://api.sci.gov.in/supremecourt/2012/3826/3826_2012_16_1501_72717_Judgement_30-Jul-2026.pdf,
HON'BLE MR. JUSTICE S.V.N. BHATTI,SUPREME_COURT,2026,C.A. No.-010172-010173 - 2026,CHOWDAPPAVSHANUMANTHARAYAPPA,National,Principal,,,COMPLETED,10525/2026,JAYASREE NARASIMHAN- 2601 __,HON'BLE MR. JUSTICE S.V.N. BHATTI,2026-08-06,217,https://api.sci.gov.in/supremecourt/2026/10525/10525_2026_16_1501_73015_Judgement_06-Aug-2026.pdf,2026 INSC 816(English),https://api.sci.gov.in/supremecourt/2026/10525/10525_2026_16_1501_73015_Judgement_06-Aug-2026.pdf,
HON'BLE MR. JUSTICE S.V.N. BHATTI,SUPREME_COURT,2012,W.P.(C) No.-000193-000193 - 2012,R.K. YADAVVSUNION OF INDIA,National,Principal,,,COMPLETED,13668/2012,RANBIR SINGH YADAV- 959 __ SHREEKANT NEELAPPA TERDAL- 909,HON'BLE MR. JUSTICE N.V. ANJARIA,2026-08-12,5337,https://api.sci.gov.in/supremecourt/2012/13668/13668_2012_16_1501_73269_Judgement_12-Aug-2026.pdf,2026 INSC 848(English),https://api.sci.gov.in/supremecourt/2012/13668/13668_2012_16_1501_73269_Judgement_12-Aug-2026.pdf,
HON'BLE MR. JUSTICE S.V.N. BHATTI,SUPREME_COURT,2010,C.A. No.-005939-005941 - 2010,COMMISSIONER OF CENTRAL EXCISE HYDERABAD IV COMMISSIONERVSM/S XEROX INDIA LTD. AND ORS.,National,Principal,,,COMPLETED,16733/2010,GURMEET SINGH MAKKER- 2357 __,HON'BLE MR. JUSTICE S.V.N. BHATTI,2026-08-05,6060,https://api.sci.gov.in/supremecourt/2010/16733/16733_2010_16_1501_73014_Judgement_05-Aug-2026.pdf,2026 INSC 805(English),https://api.sci.gov.in/supremecourt/2010/16733/16733_2010_16_1501_73014_Judgement_05-Aug-2026.pdf,
HON'BLE MR. JUSTICE S.V.N. BHATTI,SUPREME_COURT,2026,C.A. No.-010755-010758 - 2026,"REENAVSTHE MANAGING DIRECTOR, KARNATAKA STATE ROAD TRANSPORT CORPORATION",National,Principal,,,COMPLETED,23864/2025,PETITIONER-IN-PERSON __,HON'BLE MR. JUSTICE S.V.N. BHATTI,2026-08-19,595,https://api.sci.gov.in/supremecourt/2025/23864/23864_2025_16_1501_73526_Judgement_19-Aug-2026.pdf,2026 INSC 889(English),https://api.sci.gov.in/supremecourt/2025/23864/23864_2025_16_1501_73526_Judgement_19-Aug-2026.pdf,
HON'BLE MR. JUSTICE S.V.N. BHATTI,SUPREME_COURT,2026,C.A. No.-010738-010738 - 2026,SAMEEM BEGUMVSK. VENKAT SWAMY,National,Principal,,,COMPLETED,25709/2023,KEDAR NATH TRIPATHY- 1749 __,HON'BLE MR. JUSTICE N.V. ANJARIA,2026-08-14,1321,https://api.sci.gov.in/supremecourt/2023/25709/25709_2023_14_1501_73333_Judgement_14-Aug-2026.pdf,2026 INSC 864(English),https://api.sci.gov.in/supremecourt/2023/25709/25709_2023_14_1501_73333_Judgement_14-Aug-2026.pdf,
HON'BLE MR. JUSTICE S.V.N. BHATTI,SUPREME_COURT,2026,C.A. No.-010696-010697 - 2026,SHIVAPPAVSSHANTAVVA,National,Principal,,,COMPLETED,35854/2026,SUPREETA SHARANAGOUDA- 2263 __,HON'BLE MR. JUSTICE S.V.N. BHATTI,2026-08-13,224,https://api.sci.gov.in/supremecourt/2026/35854/35854_2026_16_1501_73270_Judgement_13-Aug-2026.pdf,2026 INSC 857(English),https://api.sci.gov.in/supremecourt/2026/35854/35854_2026_16_1501_73270_Judgement_13-Aug-2026.pdf,
HON'BLE MR. JUSTICE S.V.N. BHATTI,SUPREME_COURT,2026,C.A. No.-010250-010252 - 2026,"LACHCHAPPA VSSPECIAL LAND ACQUISITION OFFICER, UKP, BAGALKOT .",National,Principal,,,COMPLETED,41642/2016,SURBHI MEHTA- 2177 __,HON'BLE MR. JUSTICE S.V.N. BHATTI,2026-08-07,3871,https://api.sci.gov.in/supremecourt/2016/41642/41642_2016_15_1501_72951_Judgement_07-Aug-2026.pdf,2026 INSC 815(English),https://api.sci.gov.in/supremecourt/2016/41642/41642_2016_15_1501_72951_Judgement_07-Aug-2026.pdf,
HON'BLE MR. JUSTICE S.V.N. BHATTI,SUPREME_COURT,2026,C.A. No.-011223-011223 - 2026,NEELAM SHARMAVSAMITA PASSAN,National,Principal,,,COMPLETED,49139/2025,R. C. KAUSHIK- 561 __,HON'BLE MR. JUSTICE N.V. ANJARIA,2026-08-21,597,https://api.sci.gov.in/supremecourt/2025/49139/49139_2025_14_1501_73619_Judgement_21-Aug-2026.pdf,2026 INSC 913(English),https://api.sci.gov.in/supremecourt/2025/49139/49139_2025_14_1501_73619_Judgement_21-Aug-2026.pdf,
HON'BLE MR. JUSTICE S.V.N. BHATTI,SUPREME_COURT,2013,C.A. No.-009190-009190 - 2013,ASST. COMMISSIOER OF INCOME TAX .VSOMAXE LTD.,National,Principal,,,COMPLETED,1751/2013,__ KAVITA JHA,HON'BLE MR. JUSTICE S.V.N. BHATTI,2026-09-16,5006,https://api.sci.gov.in/supremecourt/2013/1751/1751_2013_13_1501_74326_Judgement_16-Sep-2026.pdf,2026 INSC 1000(English),https://api.sci.gov.in/supremecourt/2013/1751/1751_2013_13_1501_74326_Judgement_16-Sep-2026.pdf,
HON'BLE MR. JUSTICE S.V.N. BHATTI,SUPREME_COURT,2013,C.A. No.-005099-005099 - 2013,DAKSCHINANCHAL VIDYUT VITRAN NIGAM LTD.VSVIDUT LOKPAL U.P.,National,Principal,,,COMPLETED,14138/2012,RAKESH UTTAMCHANDRA UPADHYAY- 1169 __,HON'BLE MR. JUSTICE S.V.N. BHATTI,2026-09-10,5366,https://api.sci.gov.in/supremecourt/2012/14138/14138_2012_15_1501_74172_Judgement_10-Sep-2026.pdf,2026 INSC 985(English),https://api.sci.gov.in/supremecourt/2012/14138/14138_2012_15_1501_74172_Judgement_10-Sep-2026.pdf,
HON'BLE MR. JUSTICE S.V.N. BHATTI,SUPREME_COURT,2026,C.A. No.-012085-012085 - 2026,RELIANCE GENERAL INSURANCE COMPANY LIMITEDVSPRIYANKA DAS,National,Principal,,,COMPLETED,14603/2019,PRERNA MEHTA- 1799 __,HON'BLE MR. JUSTICE S.V.N. BHATTI,2026-09-03,2802,https://api.sci.gov.in/supremecourt/2019/14603/14603_2019_15_1501_73974_Judgement_03-Sep-2026.pdf,2026 INSC 950(English),https://api.sci.gov.in/supremecourt/2019/14603/14603_2019_15_1501_73974_Judgement_03-Sep-2026.pdf,
HON'BLE MR. JUSTICE S.V.N. BHATTI,SUPREME_COURT,2026,C.A. No.-013096-013096 - 2026,MIHIR PRAKASH BAJORIAVSVIDUSHI JAIN BAJORIA,National,Principal,,,COMPLETED,20643/2026,E. C. AGRAWALA- 177 __,HON'BLE MR. JUSTICE N.V. ANJARIA,2026-09-22,264,https://api.sci.gov.in/supremecourt/2026/20643/20643_2026_15_1502_74545_Judgement_22-Sep-2026.pdf,2026 INSC 1034(English),https://api.sci.gov.in/supremecourt/2026/20643/20643_2026_15_1502_74545_Judgement_22-Sep-2026.pdf,
HON'BLE MR. JUSTICE S.V.N. BHATTI,SUPREME_COURT,2019,C.A. No.-000660-000660 - 2019,GANAPATI (DEAD) BY HIS LRSVSPRABHAKAR,National,Principal,,,COMPLETED,38579/2012,E. R. SUMATHY- 1584 __,HON'BLE MR. JUSTICE S.V.N. BHATTI,2026-09-22,5378,https://api.sci.gov.in/supremecourt/2012/38579/38579_2012_15_1501_74545_Judgement_22-Sep-2026.pdf,2026 INSC 1033(English),https://api.sci.gov.in/supremecourt/2012/38579/38579_2012_15_1501_74545_Judgement_22-Sep-2026.pdf,
HON'BLE MR. JUSTICE S.V.N. BHATTI,SUPREME_COURT,2013,C.A. No.-000143-000144 - 2013,"ORIENT CRAFTS LTD.VSC.I.T., NEW DELHI",National,Principal,,,COMPLETED,38943/2012,BHARGAVA V. DESAI- 97 __,HON'BLE MR. JUSTICE S.V.N. BHATTI,2026-09-18,5374,https://api.sci.gov.in/supremecourt/2012/38943/38943_2012_13_1501_74401_Judgement_18-Sep-2026.pdf,2026 INSC 1018(English),https://api.sci.gov.in/supremecourt/2012/38943/38943_2012_13_1501_74401_Judgement_18-Sep-2026.pdf,
HON'BLE MR. JUSTICE S.V.N. BHATTI,SUPREME_COURT,2026,Crl.A. No.-004414-004415 - 2026,DEEPAK IN JCVSSTATE GOVT. OF NCT DELHI,National,Principal,,,COMPLETED,59000/2025,PULKIT PRAKASH- 3524 __,HON'BLE MR. JUSTICE S.V.N. BHATTI,2026-09-17,624,https://api.sci.gov.in/supremecourt/2025/59000/59000_2025_14_1501_74327_Judgement_17-Sep-2026.pdf,2026 INSC 1008(English),https://api.sci.gov.in/supremecourt/2025/59000/59000_2025_14_1501_74327_Judgement_17-Sep-2026.pdf,
HON'BLE MR. JUSTICE SATISH CHANDRA SHARMA,SUPREME_COURT,2025,Crl.A. No.-004629-004629 - 2025,XXXXXXXVSSTATE OF KERALA,National,Principal,,,COMPLETED,8626/2025,VIKAS JAIN- 3085 __,HON'BLE MR. JUSTICE DIPANKAR DATTA,2026-01-27,391,https://api.sci.gov.in/supremecourt/2025/8626/8626_2025_7_1501_67795_Judgement_27-Jan-2026.pdf,2026 INSC 88(English),https://api.sci.gov.in/supremecourt/2025/8626/8626_2025_7_1501_67795_Judgement_27-Jan-2026.pdf,
HON'BLE MR. JUSTICE SATISH CHANDRA SHARMA,SUPREME_COURT,2026,C.A. No.-000304-000304 - 2026,AIRPORT AUTHORITY OF INDIAVSSHAM KRISHNA B,National,Principal,,,COMPLETED,17161/2020,M. V. KINI & ASSOCIATES- 1668 __,HON'BLE MR. JUSTICE M.M. SUNDRESH,2026-01-16,2207,https://api.sci.gov.in/supremecourt/2020/17161/17161_2020_8_1501_67489_Judgement_16-Jan-2026.pdf,2026 INSC 69(English),https://api.sci.gov.in/supremecourt/2020/17161/17161_2020_8_1501_67489_Judgement_16-Jan-2026.pdf,
HON'BLE MR. JUSTICE SATISH CHANDRA SHARMA,SUPREME_COURT,2026,C.A. No.-000295-000295 - 2026,MD. FIROZ MANSURIVSTHE STATE OF BIHAR,National,Principal,,,COMPLETED,21166/2025,SHEKHAR KUMAR- 1549 __,HON'BLE MR. JUSTICE M.M. SUNDRESH,2026-01-16,380,https://api.sci.gov.in/supremecourt/2025/21166/21166_2025_8_1502_67489_Judgement_16-Jan-2026.pdf,2026 INSC 68(English),https://api.sci.gov.in/supremecourt/2025/21166/21166_2025_8_1502_67489_Judgement_16-Jan-2026.pdf,
HON'BLE MR. JUSTICE SATISH CHANDRA SHARMA,SUPREME_COURT,2024,C.A. No.-008465-008466 - 2024,ANSAL CROWN HEIGHTS FLAT BUYERS ASSOCIATION (REGD.)VSM/S ANSAL CROWN INFRABUILD PVT. LTD.,National,Principal,,,COMPLETED,30127/2024,SAHIL TAGOTRA- 2520 __,HON'BLE MR. JUSTICE DIPANKAR DATTA,2026-01-12,742,https://api.sci.gov.in/supremecourt/2024/30127/30127_2024_7_1501_67362_Judgement_12-Jan-2026.pdf,2026 INSC 51(English),https://api.sci.gov.in/supremecourt/2024/30127/30127_2024_7_1501_67362_Judgement_12-Jan-2026.pdf,
HON'BLE MR. JUSTICE SATISH CHANDRA SHARMA,SUPREME_COURT,2022,C.A. No.-007187 - 2022,M/S. RHYTHM COUNTYVSTHE PRINCIPAL SECRETARY,National,Principal,,,COMPLETED,30735/2022,NIRNIMESH DUBE- 1684 __,HON'BLE MR. JUSTICE DIPANKAR DATTA,2026-01-30,1490,https://api.sci.gov.in/supremecourt/2022/30735/30735_2022_8_1501_67798_Judgement_30-Jan-2026.pdf,2026 INSC 102(English),https://api.sci.gov.in/supremecourt/2022/30735/30735_2022_8_1501_67798_Judgement_30-Jan-2026.pdf,
HON'BLE MR. JUSTICE SATISH CHANDRA SHARMA,SUPREME_COURT,2020,C.A. No.-000929-000929 - 2020,BIHAR INDUSTRIAL AREA DEVELOPMENT AUTHORITY VSM/S SCOPE SALES PVT. LTD.,National,Principal,,,COMPLETED,41054/2014,ABHAY KUMAR- 1572 __,HON'BLE MR. JUSTICE DIPANKAR DATTA,2026-01-23,4405,https://api.sci.gov.in/supremecourt/2014/41054/41054_2014_7_1501_67704_Judgement_23-Jan-2026.pdf,2026 INSC 89(English),https://api.sci.gov.in/supremecourt/2014/41054/41054_2014_7_1501_67704_Judgement_23-Jan-2026.pdf,
HON'BLE MR. JUSTICE SATISH CHANDRA SHARMA,SUPREME_COURT,2025,W.P.(C) No.-001233-001233 - 2025,XVSO/O SPEAKER OF THE HOUSE OF THE PEOPLE,National,Principal,,,COMPLETED,71319/2025,VAIBHAV NITI- 3069 __,HON'BLE MR. JUSTICE DIPANKAR DATTA,2026-01-16,380,https://api.sci.gov.in/supremecourt/2025/71319/71319_2025_8_1503_67489_Judgement_16-Jan-2026.pdf,2026 INSC 65(English),https://api.sci.gov.in/supremecourt/2025/71319/71319_2025_8_1503_67489_Judgement_16-Jan-2026.pdf,
HON'BLE MR. JUSTICE SATISH CHANDRA SHARMA,SUPREME_COURT,2026,C.A. No.-003078-003078 - 2026,JIJI K.S.VSSHIBU. K,National,Principal,,,COMPLETED,11284/2021,MOHAMMED SADIQUE T.A.- 2225 __,HON'BLE MR. JUSTICE DIPANKAR DATTA,2026-02-27,1883,https://api.sci.gov.in/supremecourt/2021/11284/11284_2021_8_1501_68902_Judgement_27-Feb-2026.pdf,2026 INSC 207(English),https://api.sci.gov.in/supremecourt/2021/11284/11284_2021_8_1501_68902_Judgement_27-Feb-2026.pdf,
HON'BLE MR. JUSTICE SATISH CHANDRA SHARMA,SUPREME_COURT,2026,C.A. No.-000833-000833 - 2026,V. PATHMAVATHIVSBHARTHI AXA GENERAL INSURANCE CO. LTD.,National,Principal,,,COMPLETED,32248/2022,T. HARISH KUMAR- 1418 __,HON'BLE MR. JUSTICE DIPANKAR DATTA,2026-02-06,1497,https://api.sci.gov.in/supremecourt/2022/32248/32248_2022_7_1501_67924_Judgement_06-Feb-2026.pdf,2026 INSC 131(English),https://api.sci.gov.in/supremecourt/2022/32248/32248_2022_7_1501_67924_Judgement_06-Feb-2026.pdf,
HON'BLE MR. JUSTICE SATISH CHANDRA SHARMA,SUPREME_COURT,2012,C.A. No.-002129-002130 - 2012,DORAIRAJVSDORAISAMY (DEAD) AND ORS.,National,Principal,,,COMPLETED,32310/2009,G. BALAJI- 1450 __,HON'BLE MR. JUSTICE SANJAY KAROL,2026-02-05,6244,https://api.sci.gov.in/supremecourt/2009/32310/32310_2009_11_1501_68398_Judgement_05-Feb-2026.pdf,2026 INSC 126(English),https://api.sci.gov.in/supremecourt/2009/32310/32310_2009_11_1501_68398_Judgement_05-Feb-2026.pdf,
HON'BLE MR. JUSTICE SATISH CHANDRA SHARMA,SUPREME_COURT,2026,C.A. No.-001558-001559 - 2026,"HEMLATA EKNATH PISEVSSHUBHAM BAHU UDDESHIYA SANSTHA, WADDHAMNA",National,Principal,,,COMPLETED,46914/2024,AMOL B. KARANDE- 2114 __,HON'BLE MR. JUSTICE DIPANKAR DATTA,2026-02-11,772,https://api.sci.gov.in/supremecourt/2024/46914/46914_2024_8_11_68323_Judgement_11-Feb-2026.pdf,2026 INSC 147(English),https://api.sci.gov.in/supremecourt/2024/46914/46914_2024_8_11_68323_Judgement_11-Feb-2026.pdf,
HON'BLE MR. JUSTICE SATISH CHANDRA SHARMA,SUPREME_COURT,2026,- 0,"STATE OF ODISHAVSMANAGING COMMITTEE OF NAMATARA GIRLS HIGH SCHOOL, NAMATARA",National,Principal,,,COMPLETED,54941/2025,SANJANA SADDY- 3231 __,HON'BLE MR. JUSTICE DIPANKAR DATTA,2026-02-09,404,https://api.sci.gov.in/supremecourt/2025/54941/54941_2025_6_3_68151_Judgement_09-Feb-2026.pdf,2026 INSC 148(English),https://api.sci.gov.in/supremecourt/2025/54941/54941_2025_6_3_68151_Judgement_09-Feb-2026.pdf,
HON'BLE MR. JUSTICE SATISH CHANDRA SHARMA,SUPREME_COURT,2013,C.A. No.-002609-002609 - 2013,SHARADA SANGHI VSASHA AGARWAL .,National,Principal,,,COMPLETED,1835/2011,B. SUNITA RAO- 995 __ NIDHI SHARMA- 3823,HON'BLE MR. JUSTICE DIPANKAR DATTA,2026-03-25,5562,https://api.sci.gov.in/supremecourt/2011/1835/1835_2011_8_1501_69622_Judgement_25-Mar-2026.pdf,2026 INSC 292(English),https://api.sci.gov.in/supremecourt/2011/1835/1835_2011_8_1501_69622_Judgement_25-Mar-2026.pdf,
HON'BLE MR. JUSTICE SATISH CHANDRA SHARMA,SUPREME_COURT,2026,Crl.A. No.-001450-001450 - 2026,BHOLA MAHTOVSTHE STATE OF JHARKHAND,National,Principal,,,COMPLETED,31539/2025,HARSH KAUSHIK- 2302 __,HON'BLE MR. JUSTICE DIPANKAR DATTA,2026-03-16,439,https://api.sci.gov.in/supremecourt/2025/31539/31539_2025_8_46_69323_Judgement_16-Mar-2026.pdf,2026 INSC 257(English),https://api.sci.gov.in/supremecourt/2025/31539/31539_2025_8_46_69323_Judgement_16-Mar-2026.pdf,
HON'BLE MR. JUSTICE SATISH CHANDRA SHARMA,SUPREME_COURT,2026,C.A. No.-003619-003619 - 2026,UJAAS ENERGY LTD.VSWEST BENGAL POWER DEVELOPMENT CORPORATION LTD.,National,Principal,,,COMPLETED,46667/2024,NEHA MEHTA SATIJA- 3757 __,HON'BLE MR. JUSTICE DIPANKAR DATTA,2026-03-20,809,https://api.sci.gov.in/supremecourt/2024/46667/46667_2024_8_1501_69517_Judgement_20-Mar-2026.pdf,2026 INSC 268(English),https://api.sci.gov.in/supremecourt/2024/46667/46667_2024_8_1501_69517_Judgement_20-Mar-2026.pdf,
HON'BLE MR. JUSTICE SATISH CHANDRA SHARMA,SUPREME_COURT,2026,C.A. No.-004330-004330 - 2026,CHANNAPPA SINCE DECEASED REP BY HIS LRS.VSPARVATEWWA SINCE DECEASED BY HER LRS.,National,Principal,,,COMPLETED,993/2024,__,HON'BLE MR. JUSTICE DIPANKAR DATTA,2026-04-09,829,https://api.sci.gov.in/supremecourt/2024/993/993_2024_8_1501_69851_Judgement_09-Apr-2026.pdf,2026 INSC 343(English),https://api.sci.gov.in/supremecourt/2024/993/993_2024_8_1501_69851_Judgement_09-Apr-2026.pdf,
HON'BLE MR. JUSTICE SATISH CHANDRA SHARMA,SUPREME_COURT,2026,Crl.A. No.-001960-001961 - 2026,ANIL KUMARVSPRAVEEN,National,Principal,,,COMPLETED,9238/2025,ABHINAV GARG- 3946 __,HON'BLE MR. JUSTICE DIPANKAR DATTA,2026-04-13,467,https://api.sci.gov.in/supremecourt/2025/9238/9238_2025_8_46_70051_Judgement_13-Apr-2026.pdf,2026 INSC 452(English),https://api.sci.gov.in/supremecourt/2025/9238/9238_2025_8_46_70051_Judgement_13-Apr-2026.pdf,
HON'BLE MR. JUSTICE SATISH CHANDRA SHARMA,SUPREME_COURT,2026,C.A. No.-004150-004150 - 2026,"COMMISSIONER, DELHI POLICEVSUTTAM KUMAR",National,Principal,,,COMPLETED,10302/2026,MUKESH KUMAR MARORIA- 2324 __,HON'BLE MR. JUSTICE DIPANKAR DATTA,2026-04-02,91,https://api.sci.gov.in/supremecourt/2026/10302/10302_2026_8_15_69624_Judgement_02-Apr-2026.pdf,2026 INSC 314(English),https://api.sci.gov.in/supremecourt/2026/10302/10302_2026_8_15_69624_Judgement_02-Apr-2026.pdf,
HON'BLE MR. JUSTICE SATISH CHANDRA SHARMA,SUPREME_COURT,2026,C.A. No.-006909-006910 - 2026,BONATRANS INDIA (PVT.) LTD.VSBONATRANS EMPLOYEES UNION,National,Principal,,,COMPLETED,10921/2022,SHIVAJI M. JADHAV- 1117 __,HON'BLE MR. JUSTICE DIPANKAR DATTA,2026-04-29,1579,https://api.sci.gov.in/supremecourt/2022/10921/10921_2022_8_9_70633_Judgement_29-Apr-2026.pdf,2026 INSC 445(English),https://api.sci.gov.in/supremecourt/2022/10921/10921_2022_8_9_70633_Judgement_29-Apr-2026.pdf,
HON'BLE MR. JUSTICE SATISH CHANDRA SHARMA,SUPREME_COURT,2009,C.A. No.-006929-006930 - 2009,EX. SQN. LDR. R.SOODVSUNION OF INDIA MINISTRY OF DEFENCE THROUGH SECRETARY,National,Principal,,,COMPLETED,33468/2008,ABHA R. SHARMA- 1049 __,HON'BLE MR. JUSTICE DIPANKAR DATTA,2026-04-15,6679,https://api.sci.gov.in/supremecourt/2008/33468/33468_2008_8_1501_70121_Judgement_15-Apr-2026.pdf,2026 INSC 366(English),https://api.sci.gov.in/supremecourt/2008/33468/33468_2008_8_1501_70121_Judgement_15-Apr-2026.pdf,
HON'BLE MR. JUSTICE SATISH CHANDRA SHARMA,SUPREME_COURT,2025,SLP(C) No.-019540 - 2025,CHAITANYA BAHUUDDESHIYA SHIKSHAN PRASARAK MANDALVSAUXILO FINSERVE PVT. LTD,National,Principal,,,COMPLETED,34694/2025,ANAND DILIP LANDGE- 2739 __,HON'BLE MR. JUSTICE DIPANKAR DATTA,2026-04-22,476,https://api.sci.gov.in/supremecourt/2025/34694/34694_2025_8_34_70449_Judgement_22-Apr-2026.pdf,2026 INSC 408(English),https://api.sci.gov.in/supremecourt/2025/34694/34694_2025_8_34_70449_Judgement_22-Apr-2026.pdf,
HON'BLE MR. JUSTICE SATISH CHANDRA SHARMA,SUPREME_COURT,2026,C.A. No.-000847-000847 - 2026,PUNJAB AND SIND BANKVSRAJ KUMAR,National,Principal,,,COMPLETED,53027/2024,RAJESH KUMAR GAUTAM- 2540 __,HON'BLE MR. JUSTICE DIPANKAR DATTA,2026-04-02,822,https://api.sci.gov.in/supremecourt/2024/53027/53027_2024_8_1501_69624_Judgement_02-Apr-2026.pdf,2026 INSC 313(English),https://api.sci.gov.in/supremecourt/2024/53027/53027_2024_8_1501_69624_Judgement_02-Apr-2026.pdf,
HON'BLE MR. JUSTICE SATISH CHANDRA SHARMA,SUPREME_COURT,2026,Crl.A. No.-001749-001749 - 2026,JAY PRAKASH YADAVVSTHE STATE OF JHARKHAND,National,Principal,,,COMPLETED,53336/2025,AWANISH SINHA- 1671 __,HON'BLE MR. JUSTICE DIPANKAR DATTA,2026-04-06,460,https://api.sci.gov.in/supremecourt/2025/53336/53336_2025_8_1501_69774_Judgement_06-Apr-2026.pdf,2026 INSC 317(English),https://api.sci.gov.in/supremecourt/2025/53336/53336_2025_8_1501_69774_Judgement_06-Apr-2026.pdf,
HON'BLE MR. JUSTICE SATISH CHANDRA SHARMA,SUPREME_COURT,2026,Crl.A. No.-002787-002787 - 2026,NANDKISHORE MISHRAVSTHE STATE OF MADHYA PRADESH,National,Principal,,,COMPLETED,7162/2026,PRATHVI RAJ CHAUHAN- 3725 __,HON'BLE MR. JUSTICE DIPANKAR DATTA,2026-05-22,141,https://api.sci.gov.in/supremecourt/2026/7162/7162_2026_7_70_71442_Judgement_22-May-2026.pdf,2026 INSC 531(English),https://api.sci.gov.in/supremecourt/2026/7162/7162_2026_7_70_71442_Judgement_22-May-2026.pdf,
HON'BLE MR. JUSTICE SATISH CHANDRA SHARMA,SUPREME_COURT,2024,C.A. No.-004652-004659 - 2024,INDIAN RAILWAYSVSWEST BENGAL STATE ELECTRICITY DISTRIBUTION COMPANY LIMITED,National,Principal,,,COMPLETED,12396/2024,AMRISH KUMAR- 2986 __,HON'BLE MR. JUSTICE DIPANKAR DATTA,2026-05-08,858,https://api.sci.gov.in/supremecourt/2024/12396/12396_2024_8_1501_70932_Judgement_08-May-2026.pdf,2026 INSC 464(English),https://api.sci.gov.in/supremecourt/2024/12396/12396_2024_8_1501_70932_Judgement_08-May-2026.pdf,
HON'BLE MR. JUSTICE SATISH CHANDRA SHARMA,SUPREME_COURT,2025,C.A. No.-013121-013121 - 2025,STATE OF ODISHAVSSREEPATI RANJAN DASH,National,Principal,,,COMPLETED,13592/2024,AKSHAY AMRITANSHU- 3121 __,HON'BLE MR. JUSTICE DIPANKAR DATTA,2026-05-18,868,https://api.sci.gov.in/supremecourt/2024/13592/13592_2024_6_1501_71255_Judgement_18-May-2026.pdf,2026 INSC 505(English),https://api.sci.gov.in/supremecourt/2024/13592/13592_2024_6_1501_71255_Judgement_18-May-2026.pdf,
HON'BLE MR. JUSTICE SATISH CHANDRA SHARMA,SUPREME_COURT,2026,C.A. No.-008170-008173 - 2026,BENCY JOHNVSKERALA STATE ELECTRICITY BOARD LIMITED,National,Principal,,,COMPLETED,20692/2020,LAKSHMI N. KAIMAL- 2068 __,HON'BLE MR. JUSTICE DIPANKAR DATTA,2026-05-26,2337,https://api.sci.gov.in/supremecourt/2020/20692/20692_2020_8_1501_71563_Judgement_26-May-2026.pdf,2026 INSC 562(English),https://api.sci.gov.in/supremecourt/2020/20692/20692_2020_8_1501_71563_Judgement_26-May-2026.pdf,
HON'BLE MR. JUSTICE SATISH CHANDRA SHARMA,SUPREME_COURT,2026,C.A. No.-007056-007056 - 2026,NIGAM PRAKASH NARAINVSNATIONAL MEDICAL COMMISSION,National,Principal,,,COMPLETED,40190/2023,ROHINI PRASAD- 3083 __,HON'BLE MR. JUSTICE DIPANKAR DATTA,2026-05-06,1221,https://api.sci.gov.in/supremecourt/2023/40190/40190_2023_8_21_70878_Judgement_06-May-2026.pdf,2026 INSC 453(English),https://api.sci.gov.in/supremecourt/2023/40190/40190_2023_8_21_70878_Judgement_06-May-2026.pdf,
HON'BLE MR. JUSTICE SATISH CHANDRA SHARMA,SUPREME_COURT,2025,Crl.A. No.-002493-002502 - 2025,THE STATE OF TAMIL NADUVSPONNUSAMY,National,Principal,,,COMPLETED,42099/2024,PURNIMA KRISHNA- 2741 __,HON'BLE MR. JUSTICE SATISH CHANDRA SHARMA,2026-05-19,869,https://api.sci.gov.in/supremecourt/2024/42099/42099_2024_5_1502_71414_Judgement_19-May-2026.pdf,2026 INSC 507(English),https://api.sci.gov.in/supremecourt/2024/42099/42099_2024_5_1502_71414_Judgement_19-May-2026.pdf,
HON'BLE MR. JUSTICE SATISH CHANDRA SHARMA,SUPREME_COURT,2026,Crl.A. No.-002848-002848 - 2026,THE STATE OF TRIPURAVS PANNA AHMED,National,Principal,,,COMPLETED,42292/2024,SHUVODEEP ROY- 1672 __,HON'BLE MR. JUSTICE DIPANKAR DATTA,2026-05-26,876,https://api.sci.gov.in/supremecourt/2024/42292/42292_2024_8_1503_71563_Judgement_26-May-2026.pdf,2026 INSC 584(English),https://api.sci.gov.in/supremecourt/2024/42292/42292_2024_8_1503_71563_Judgement_26-May-2026.pdf,
HON'BLE MR. JUSTICE SATISH CHANDRA SHARMA,SUPREME_COURT,2026,Crl.A. No.-002678-002678 - 2026,PARVINDER SINGHVSENFORCEMENT OF DIRECTORATE,National,Principal,,,COMPLETED,44465/2025,ABHAY PRATAP SINGH- 3071 __,HON'BLE MR. JUSTICE M.M. SUNDRESH,2026-05-19,503,https://api.sci.gov.in/supremecourt/2025/44465/44465_2025_5_1501_71414_Judgement_19-May-2026.pdf,2026 INSC 519(English),https://api.sci.gov.in/supremecourt/2025/44465/44465_2025_5_1501_71414_Judgement_19-May-2026.pdf,
HON'BLE MR. JUSTICE SATISH CHANDRA SHARMA,SUPREME_COURT,2026,R.P.(C) No.-009826 - 2026,STATE OF U.PVSANJUMAN ISHAAT-E-TALEEM TRUST,National,Principal,,,COMPLETED,53434/2025,ANKIT GOEL- 2442 __,HON'BLE MR. JUSTICE DIPANKAR DATTA,2026-05-29,513,https://api.sci.gov.in/supremecourt/2025/53434/53434_2025_7_1501_71637_Judgement_29-May-2026.pdf,2026 INSC 597(English),https://api.sci.gov.in/supremecourt/2025/53434/53434_2025_7_1501_71637_Judgement_29-May-2026.pdf,
HON'BLE MR. JUSTICE SATISH CHANDRA SHARMA,SUPREME_COURT,2026,MA-001666 - 2026,SATYA NARAYAN SHUKLAVSTHE STATE OF UTTAR PRADESH,National,Principal,,,COMPLETED,68849/2025,PETITIONER-IN-PERSON __,HON'BLE MR. JUSTICE DIPANKAR DATTA,2026-05-26,510,https://api.sci.gov.in/supremecourt/2025/68849/68849_2025_8_1502_71563_Judgement_26-May-2026.pdf,2026 INSC 583(English),https://api.sci.gov.in/supremecourt/2025/68849/68849_2025_8_1502_71563_Judgement_26-May-2026.pdf,
HON'BLE MR. JUSTICE SATISH CHANDRA SHARMA,SUPREME_COURT,2026,C.A. No.-001606-001606 - 2026,M.R. VASUMATHIVSTHE AUTHORIZED OFFICER,National,Principal,,,COMPLETED,22701/2020,S. THANANJAYAN- 1396 __,HON'BLE MR. JUSTICE DIPANKAR DATTA,2026-06-09,2351,https://api.sci.gov.in/supremecourt/2020/22701/22701_2020_7_1504_71830_Judgement_09-Jun-2026.pdf,2026 INSC 633(English),https://api.sci.gov.in/supremecourt/2020/22701/22701_2020_7_1504_71830_Judgement_09-Jun-2026.pdf,
HON'BLE MR. JUSTICE SATISH CHANDRA SHARMA,SUPREME_COURT,2026,Crl.A. No.-002372-002372 - 2026,RAKESH KUMAR GUPTAVSTHE STATE OF UTTAR PRADESH,National,Principal,,,COMPLETED,34738/2018,MUDIT SHARMA- 1890 __,HON'BLE MR. JUSTICE DIPANKAR DATTA,2026-06-09,3081,https://api.sci.gov.in/supremecourt/2018/34738/34738_2018_7_1501_71830_Judgement_09-Jun-2026.pdf,2026 INSC 632(English),https://api.sci.gov.in/supremecourt/2018/34738/34738_2018_7_1501_71830_Judgement_09-Jun-2026.pdf,
HON'BLE MR. JUSTICE SATISH CHANDRA SHARMA,SUPREME_COURT,2026,Crl.A. No.-003048-003048 - 2026,SEESA SANTHOSHVSTHE STATE OF TELANGANA,National,Principal,,,COMPLETED,62294/2025,KRISHNA KUMAR SINGH- 2265 __,HON'BLE MR. JUSTICE DIPANKAR DATTA,2026-06-04,519,https://api.sci.gov.in/supremecourt/2025/62294/62294_2025_4_1501_71803_Judgement_04-Jun-2026.pdf,2026 INSC 628(English),https://api.sci.gov.in/supremecourt/2025/62294/62294_2025_4_1501_71803_Judgement_04-Jun-2026.pdf,
HON'BLE MR. JUSTICE SATISH CHANDRA SHARMA,SUPREME_COURT,2026,C.A. No.-008452-008453 - 2026,BAKSISH AHMADVSUNION OF INDIA,National,Principal,,,COMPLETED,69420/2025,NARESH KUMAR- 1271 __,HON'BLE MR. JUSTICE DIPANKAR DATTA,2026-06-09,524,https://api.sci.gov.in/supremecourt/2025/69420/69420_2025_7_1502_71830_Judgement_09-Jun-2026.pdf,2026 INSC 630(English),https://api.sci.gov.in/supremecourt/2025/69420/69420_2025_7_1502_71830_Judgement_09-Jun-2026.pdf,
HON'BLE MR. JUSTICE SATISH CHANDRA SHARMA,SUPREME_COURT,2026,Crl.A. No.-003316-003316 - 2026,SANJAY KUMARVSTHE STATE OF BIHAR,National,Principal,,,COMPLETED,6004/2026,FAUZIA SHAKIL- 2429 __,HON'BLE MR. JUSTICE SATISH CHANDRA SHARMA,2026-07-21,201,https://api.sci.gov.in/supremecourt/2026/6004/6004_2026_16_1501_72347_Judgement_21-Jul-2026.pdf,2026 INSC 735(English),https://api.sci.gov.in/supremecourt/2026/6004/6004_2026_16_1501_72347_Judgement_21-Jul-2026.pdf,
HON'BLE MR. JUSTICE SATISH CHANDRA SHARMA,SUPREME_COURT,2018,C.A. No.-000683 - 2018,VYAKTI VIKAS KENDRA INDIAVSMANOJ MISRA (DEAD),National,Principal,,,COMPLETED,135/2018,__,HON'BLE MR. JUSTICE SATISH CHANDRA SHARMA,2026-08-22,3155,https://api.sci.gov.in/supremecourt/2018/135/135_2018_13_1501_73705_Judgement_22-Aug-2026.pdf,2026 INSC 910(English),https://api.sci.gov.in/supremecourt/2018/135/135_2018_13_1501_73705_Judgement_22-Aug-2026.pdf,
HON'BLE MR. JUSTICE SATISH CHANDRA SHARMA,SUPREME_COURT,2013,C.A. No.-010169-010170 - 2013,PAZHANATHAL (D) THR. LRS.VSALAMATHAL (D) THR.LRS.,National,Principal,,,COMPLETED,3902/2009,N. L. GANAPATHI- 1325 __,HON'BLE MR. JUSTICE NONGMEIKAPAM KOTISWAR SINGH,2026-08-13,6433,https://api.sci.gov.in/supremecourt/2009/3902/3902_2009_17_1501_73206_Judgement_13-Aug-2026.pdf,2026 INSC 860(English),https://api.sci.gov.in/supremecourt/2009/3902/3902_2009_17_1501_73206_Judgement_13-Aug-2026.pdf,
HON'BLE MR. JUSTICE SATISH CHANDRA SHARMA,SUPREME_COURT,2002,C.A. No.-000897-000897 - 2002,STATE OF U.P.VSJAI BIR SINGH,National,Principal,,,COMPLETED,9099/2001,SUDEEP KUMAR- 2779 __,HON'BLE THE CHIEF JUSTICE,2026-08-20,9362,https://api.sci.gov.in/supremecourt/2001/9099/9099_2001_1_1501_73712_Judgement_20-Aug-2026.pdf,2026 INSC 897(English),https://api.sci.gov.in/supremecourt/2001/9099/9099_2001_1_1501_73712_Judgement_20-Aug-2026.pdf,
HON'BLE MR. JUSTICE SATISH CHANDRA SHARMA,SUPREME_COURT,2026,C.A. No.-010979-010979 - 2026,MADHAV VIDARBHA ESTATE PVT. LIMITEDVSPRAHARSH CORPORATION PVT. LTD.,National,Principal,,,COMPLETED,29807/2024,PRANAYA GOYAL- 2480 __,HON'BLE MR. JUSTICE DIPANKAR DATTA,2026-08-19,961,https://api.sci.gov.in/supremecourt/2024/29807/29807_2024_7_301_73596_Judgement_19-Aug-2026.pdf,2026 INSC 925(English),https://api.sci.gov.in/supremecourt/2024/29807/29807_2024_7_301_73596_Judgement_19-Aug-2026.pdf,
HON'BLE MR. JUSTICE SATISH CHANDRA SHARMA,SUPREME_COURT,2025,C.A. No.-013055-013055 - 2025,RUPESH R GAONKARVSTHE STATE OF GOA,National,Principal,,,COMPLETED,49732/2023,DCOSTA IVO MANUEL SIMON- 3486 __,HON'BLE MR. JUSTICE NONGMEIKAPAM KOTISWAR SINGH,2026-08-04,1311,https://api.sci.gov.in/supremecourt/2023/49732/49732_2023_17_1501_72953_Judgement_04-Aug-2026.pdf,2026 INSC 792(English),https://api.sci.gov.in/supremecourt/2023/49732/49732_2023_17_1501_72953_Judgement_04-Aug-2026.pdf,
HON'BLE MR. JUSTICE SATISH CHANDRA SHARMA,SUPREME_COURT,2026,C.A. No.-010509-010510 - 2026,HARPREET SAWHNEYVSPUNEET SHARMA,National,Principal,,,COMPLETED,57166/2025,CHANDRA BHUSHAN PRASAD- 1864 __,HON'BLE MR. JUSTICE NONGMEIKAPAM KOTISWAR SINGH,2026-08-10,586,https://api.sci.gov.in/supremecourt/2025/57166/57166_2025_16_1501_73115_Judgement_10-Aug-2026.pdf,2026 INSC 822(English),https://api.sci.gov.in/supremecourt/2025/57166/57166_2025_16_1501_73115_Judgement_10-Aug-2026.pdf,
HON'BLE MR. JUSTICE SATISH CHANDRA SHARMA,SUPREME_COURT,2026,Crl.A. No.-003874-003874 - 2026,VINOD SHIVAKUMARVSTHE STATE OF MAHARASHTRA,National,Principal,,,COMPLETED,60925/2025,ANAND DILIP LANDGE- 2739 __,HON'BLE MR. JUSTICE SATISH CHANDRA SHARMA,2026-08-14,590,https://api.sci.gov.in/supremecourt/2025/60925/60925_2025_15_1501_73334_Judgement_14-Aug-2026.pdf,2026 INSC 867(English),https://api.sci.gov.in/supremecourt/2025/60925/60925_2025_15_1501_73334_Judgement_14-Aug-2026.pdf,
HON'BLE MR. JUSTICE SATISH CHANDRA SHARMA,SUPREME_COURT,2024,W.P.(C) No.-000014 - 2024,DR. JAYA THAKURVSUNION OF INDIA,National,Principal,,,COMPLETED,146/2024,VARUN THAKUR & ASSOCIATES- 3648 __,HON'BLE MR. JUSTICE DIPANKAR DATTA,2026-09-23,996,https://api.sci.gov.in/supremecourt/2024/146/146_2024_7_1501_74714_Judgement_23-Sep-2026.pdf,2026 INSC 1040(English),https://api.sci.gov.in/supremecourt/2024/146/146_2024_7_1501_74714_Judgement_23-Sep-2026.pdf,
HON'BLE MR. JUSTICE SATISH CHANDRA SHARMA,SUPREME_COURT,2024,Crl.A. No.-004732-004732 - 2024,BHARAT RAJ MEENAVSCENTRAL BUREAU OF INVESTIGATION,National,Principal,,,COMPLETED,30716/2024,SUGANDHA ANAND- 3167 __,HON'BLE MR. JUSTICE SATISH CHANDRA SHARMA,2026-09-16,989,https://api.sci.gov.in/supremecourt/2024/30716/30716_2024_14_1501_74336_Judgement_16-Sep-2026.pdf,2026 INSC 999(English),https://api.sci.gov.in/supremecourt/2024/30716/30716_2024_14_1501_74336_Judgement_16-Sep-2026.pdf,
HON'BLE MR. JUSTICE AUGUSTINE GEORGE MASIH,SUPREME_COURT,2026,C.A. No.-000063-000063 - 2026,PRATIMA DASVSTHE STATE OF HIMACHAL PRADESH,National,Principal,,,COMPLETED,15095/2025,MITTER & MITTER CO.- 400 __,HON'BLE MR. JUSTICE AUGUSTINE GEORGE MASIH,2026-01-06,370,https://api.sci.gov.in/supremecourt/2025/15095/15095_2025_11_1501_67302_Judgement_06-Jan-2026.pdf,2026 INSC 13(English),https://api.sci.gov.in/supremecourt/2025/15095/15095_2025_11_1501_67302_Judgement_06-Jan-2026.pdf,
HON'BLE MR. JUSTICE AUGUSTINE GEORGE MASIH,SUPREME_COURT,2026,C.A. No.-000273-000273 - 2026,"RAJASTHAN PUBLIC SERVICE COMMISSION, AJMERVSYATI JAIN",National,Principal,,,COMPLETED,34571/2024,RAJESH SINGH CHAUHAN- 2213 __,HON'BLE MR. JUSTICE DIPANKAR DATTA,2026-01-15,745,https://api.sci.gov.in/supremecourt/2024/34571/34571_2024_8_1501_67450_Judgement_15-Jan-2026.pdf,2026 INSC 64(English),https://api.sci.gov.in/supremecourt/2024/34571/34571_2024_8_1501_67450_Judgement_15-Jan-2026.pdf,
HON'BLE MR. JUSTICE AUGUSTINE GEORGE MASIH,SUPREME_COURT,2026,C.A. No.-000196-000196 - 2026,STATE OF U.P.VSDINESH KUMAR,National,Principal,,,COMPLETED,40253/2025,BHAKTI VARDHAN SINGH- 2454 __,HON'BLE MR. JUSTICE SANJAY KAROL,2026-01-12,376,https://api.sci.gov.in/supremecourt/2025/40253/40253_2025_9_1501_67364_Judgement_12-Jan-2026.pdf,2026 INSC 49(English),https://api.sci.gov.in/supremecourt/2025/40253/40253_2025_9_1501_67364_Judgement_12-Jan-2026.pdf,
HON'BLE MR. JUSTICE AUGUSTINE GEORGE MASIH,SUPREME_COURT,2026,Crl.A. No.-000163-000163 - 2026,THE STATE OF UTTAR PRADESHVSANURUDH,National,Principal,,,COMPLETED,54693/2024,RUCHIRA GOEL- 2477 __,HON'BLE MR. JUSTICE SANJAY KAROL,2026-01-09,739,https://api.sci.gov.in/supremecourt/2024/54693/54693_2024_11_1501_67324_Judgement_09-Jan-2026.pdf,2026 INSC 47(English),https://api.sci.gov.in/supremecourt/2024/54693/54693_2024_11_1501_67324_Judgement_09-Jan-2026.pdf,
HON'BLE MR. JUSTICE AUGUSTINE GEORGE MASIH,SUPREME_COURT,2026,C.A. No.-000090-000090 - 2026,REGENTA HOTELS PRIVATE LIMITEDVSM/S HOTEL GRAND CENTRE POINT,National,Principal,,,COMPLETED,57801/2024,PRANJAL KISHORE- 3247 __,HON'BLE MR. JUSTICE AUGUSTINE GEORGE MASIH,2026-01-07,737,https://api.sci.gov.in/supremecourt/2024/57801/57801_2024_17_1501_67268_Judgement_07-Jan-2026.pdf,2026 INSC 32(English),https://api.sci.gov.in/supremecourt/2024/57801/57801_2024_17_1501_67268_Judgement_07-Jan-2026.pdf,
HON'BLE MR. JUSTICE AUGUSTINE GEORGE MASIH,SUPREME_COURT,2019,C.A. No.-006094-006094 - 2019,ICICI BANK LIMITEDVSERA INFRASTRUCTURE (INDIA) LIMITED,National,Principal,,,COMPLETED,24750/2019,KARUN MEHTA- 1972 __,HON'BLE MR. JUSTICE DIPANKAR DATTA,2026-02-26,2613,https://api.sci.gov.in/supremecourt/2019/24750/24750_2019_8_1501_69159_Judgement_26-Feb-2026.pdf,2026 INSC 201(English),https://api.sci.gov.in/supremecourt/2019/24750/24750_2019_8_1501_69159_Judgement_26-Feb-2026.pdf,
HON'BLE MR. JUSTICE AUGUSTINE GEORGE MASIH,SUPREME_COURT,2026,C.A. No.-002506-002507 - 2026,RELIANCE GENERAL INSURANCE COMPANY LIMITEDVSKANIKA,National,Principal,,,COMPLETED,29928/2025,MUKESH KUMAR- 3438 __,HON'BLE MR. JUSTICE SANJAY KAROL,2026-02-24,419,https://api.sci.gov.in/supremecourt/2025/29928/29928_2025_11_1501_68845_Judgement_24-Feb-2026.pdf,2026 INSC 188(English),https://api.sci.gov.in/supremecourt/2025/29928/29928_2025_11_1501_68845_Judgement_24-Feb-2026.pdf,
HON'BLE MR. JUSTICE AUGUSTINE GEORGE MASIH,SUPREME_COURT,2026,Crl.A. No.-000814-000814 - 2026,DR. ANAND RAIVSSTATE OF MADHYA PRADESH,National,Principal,,,COMPLETED,36833/2025,SUMEER SODHI- 2596 __,HON'BLE MR. JUSTICE SANJAY KAROL,2026-02-10,405,https://api.sci.gov.in/supremecourt/2025/36833/36833_2025_9_1501_68267_Judgement_10-Feb-2026.pdf,2026 INSC 141(English),https://api.sci.gov.in/supremecourt/2025/36833/36833_2025_9_1501_68267_Judgement_10-Feb-2026.pdf,
HON'BLE MR. JUSTICE AUGUSTINE GEORGE MASIH,SUPREME_COURT,2015,Crl.A. No.-001275-001275 - 2015,THE STATE OF HIMACHAL PRADESHVSHUKAM CHAND ALIAS MONU,National,Principal,,,COMPLETED,4330/2015,KETAN PAUL- 2967 __ G. SIVABALAMURUGAN- 2197,HON'BLE MR. JUSTICE SANJAY KAROL,2026-03-24,4100,https://api.sci.gov.in/supremecourt/2015/4330/4330_2015_11_1501_69629_Judgement_24-Mar-2026.pdf,2026 INSC 290(English),https://api.sci.gov.in/supremecourt/2015/4330/4330_2015_11_1501_69629_Judgement_24-Mar-2026.pdf,
HON'BLE MR. JUSTICE AUGUSTINE GEORGE MASIH,SUPREME_COURT,2026,Crl.A. No.-001537-001537 - 2026,STATE OF BIHAR THROUGH VIGILANCEVSSUDHA SINGH,National,Principal,,,COMPLETED,15694/2025,AZMAT HAYAT AMANULLAH- 2758 __,HON'BLE MR. JUSTICE SANJAY KAROL,2026-03-20,443,https://api.sci.gov.in/supremecourt/2025/15694/15694_2025_11_1501_69521_Judgement_20-Mar-2026.pdf,2026 INSC 272(English),https://api.sci.gov.in/supremecourt/2025/15694/15694_2025_11_1501_69521_Judgement_20-Mar-2026.pdf,
HON'BLE MR. JUSTICE AUGUSTINE GEORGE MASIH,SUPREME_COURT,2026,C.A. No.-003351-003351 - 2026,RAVI KHOKHARVSUNION OF INDIA,National,Principal,,,COMPLETED,19594/2023,SOURAV ROY- 2898 __,HON'BLE MR. JUSTICE SANJAY KAROL,2026-03-12,1166,https://api.sci.gov.in/supremecourt/2023/19594/19594_2023_11_1501_69242_Judgement_12-Mar-2026.pdf,2026 INSC 233(English),https://api.sci.gov.in/supremecourt/2023/19594/19594_2023_11_1501_69242_Judgement_12-Mar-2026.pdf,
HON'BLE MR. JUSTICE AUGUSTINE GEORGE MASIH,SUPREME_COURT,2026,Crl.A. No.-001430-001430 - 2026,MOHAMMAD KALEEMVSTHE STATE OF UTTAR PRADESH,National,Principal,,,COMPLETED,24923/2023,GARIMA BAJAJ- 2433 __,HON'BLE MR. JUSTICE SANJAY KAROL,2026-03-17,1171,https://api.sci.gov.in/supremecourt/2023/24923/24923_2023_11_1501_69389_Judgement_17-Mar-2026.pdf,2026 INSC 251(English),https://api.sci.gov.in/supremecourt/2023/24923/24923_2023_11_1501_69389_Judgement_17-Mar-2026.pdf,
HON'BLE MR. JUSTICE AUGUSTINE GEORGE MASIH,SUPREME_COURT,2026,C.A. No.-003685-003685 - 2026,DISTRICT MAGISTRATE AND DISTRICT ELECTION OFFICER AND COLLECTORVSNATIONAL INSURANCE COMPANY LIMITED,National,Principal,,,COMPLETED,33844/2025,SHASHANK SINGH- 3052 __,HON'BLE MR. JUSTICE SANJAY KAROL,2026-03-23,446,https://api.sci.gov.in/supremecourt/2025/33844/33844_2025_11_1501_69553_Judgement_23-Mar-2026.pdf,2026 INSC 279(English),https://api.sci.gov.in/supremecourt/2025/33844/33844_2025_11_1501_69553_Judgement_23-Mar-2026.pdf,
HON'BLE MR. JUSTICE AUGUSTINE GEORGE MASIH,SUPREME_COURT,2024,C.A. No.-010656 - 2024,NAVEEN SOLANKIVSRAIL LAND DEVELOPMENT AUTHORITY,National,Principal,,,COMPLETED,36919/2024,ANKUR SOOD- 2083 __,HON'BLE MR. JUSTICE AUGUSTINE GEORGE MASIH,2026-03-20,809,https://api.sci.gov.in/supremecourt/2024/36919/36919_2024_11_1503_69521_Judgement_20-Mar-2026.pdf,2026 INSC 270(English),https://api.sci.gov.in/supremecourt/2024/36919/36919_2024_11_1503_69521_Judgement_20-Mar-2026.pdf,
HON'BLE MR. JUSTICE AUGUSTINE GEORGE MASIH,SUPREME_COURT,2022,C.A. No.-009052-009053 - 2022,MONIVEDA CONSULTANTS LLPVSSHAJAS DEVELOPERS PRIVATE LIMITED,National,Principal,,,COMPLETED,37120/2022,TULIKA MUKHERJEE- 2201 __,HON'BLE MR. JUSTICE AUGUSTINE GEORGE MASIH,2026-03-11,1530,https://api.sci.gov.in/supremecourt/2022/37120/37120_2022_11_1501_69241_Judgement_11-Mar-2026.pdf,2026 INSC 226(English),https://api.sci.gov.in/supremecourt/2022/37120/37120_2022_11_1501_69241_Judgement_11-Mar-2026.pdf,
HON'BLE MR. JUSTICE AUGUSTINE GEORGE MASIH,SUPREME_COURT,2026,C.A. No.-004076-004076 - 2026,RAJESH GOYALVSM/S LAXMI CONSTRUCTION,National,Principal,,,COMPLETED,53619/2025,KAUSHIK CHOUDHURY- 2459 __,HON'BLE MR. JUSTICE SANJAY KAROL,2026-03-25,448,https://api.sci.gov.in/supremecourt/2025/53619/53619_2025_11_1501_69630_Judgement_25-Mar-2026.pdf,2026 INSC 299(English),https://api.sci.gov.in/supremecourt/2025/53619/53619_2025_11_1501_69630_Judgement_25-Mar-2026.pdf,
HON'BLE MR. JUSTICE AUGUSTINE GEORGE MASIH,SUPREME_COURT,2026,C.A. No.-004135-004135 - 2026,DEEPESH MAHESWARIVSRENU MAHESWARI,National,Principal,,,COMPLETED,3873/2020,PRATIBHA JAIN- 518 __,HON'BLE MR. JUSTICE SANJAY KAROL,2026-04-01,2282,https://api.sci.gov.in/supremecourt/2020/3873/3873_2020_11_1501_69631_Judgement_01-Apr-2026.pdf,2026 INSC 306(English),https://api.sci.gov.in/supremecourt/2020/3873/3873_2020_11_1501_69631_Judgement_01-Apr-2026.pdf,
HON'BLE MR. JUSTICE AUGUSTINE GEORGE MASIH,SUPREME_COURT,2026,Crl.A. No.-001971-001971 - 2026,SHANKAR MAHTOVSTHE STATE OF BIHAR,National,Principal,,,COMPLETED,5494/2017,AFTAB ALI KHAN- 1596 __,HON'BLE MR. JUSTICE SANJAY KAROL,2026-04-16,3392,https://api.sci.gov.in/supremecourt/2017/5494/5494_2017_11_1501_70357_Judgement_16-Apr-2026.pdf,2026 INSC 369(English),https://api.sci.gov.in/supremecourt/2017/5494/5494_2017_11_1501_70357_Judgement_16-Apr-2026.pdf,
HON'BLE MR. JUSTICE AUGUSTINE GEORGE MASIH,SUPREME_COURT,2013,C.A. No.-001946-001946 - 2013,A.P.STATE WAKF BOARD TR. CHAIRPERSONVSJANAKI BUSAPPA .,National,Principal,,,COMPLETED,10129/2011,D. BHARATHI REDDY- 1115 __ BALAJI SRINIVASAN- 1546,HON'BLE MR. JUSTICE AUGUSTINE GEORGE MASIH,2026-04-24,5592,https://api.sci.gov.in/supremecourt/2011/10129/10129_2011_11_1501_70495_Judgement_24-Apr-2026.pdf,2026 INSC 413(English),https://api.sci.gov.in/supremecourt/2011/10129/10129_2011_11_1501_70495_Judgement_24-Apr-2026.pdf,
HON'BLE MR. JUSTICE AUGUSTINE GEORGE MASIH,SUPREME_COURT,2026,Crl.A. No.-002142-002142 - 2026,SIVARAMAN NAIRVSSTATE OF KERALA,National,Principal,,,COMPLETED,10745/2025,M R LAW ASSOCIATES- 3858 __,HON'BLE MR. JUSTICE AUGUSTINE GEORGE MASIH,2026-04-24,478,https://api.sci.gov.in/supremecourt/2025/10745/10745_2025_11_1502_70495_Judgement_24-Apr-2026.pdf,2026 INSC 412(English),https://api.sci.gov.in/supremecourt/2025/10745/10745_2025_11_1502_70495_Judgement_24-Apr-2026.pdf,
HON'BLE MR. JUSTICE AUGUSTINE GEORGE MASIH,SUPREME_COURT,2026,Crl.A. No.-002143-002143 - 2026,STATE OF PUNJABVSSUKHWINDER SINGH @ GORA,National,Principal,,,COMPLETED,16303/2026,KARAN SHARMA- 3081 __,HON'BLE MR. JUSTICE AUGUSTINE GEORGE MASIH,2026-04-24,113,https://api.sci.gov.in/supremecourt/2026/16303/16303_2026_11_1503_70495_Judgement_24-Apr-2026.pdf,2026 INSC 411(English),https://api.sci.gov.in/supremecourt/2026/16303/16303_2026_11_1503_70495_Judgement_24-Apr-2026.pdf,
HON'BLE MR. JUSTICE AUGUSTINE GEORGE MASIH,SUPREME_COURT,2026,C.A. No.-004624-004624 - 2026,V K JOHNVSS. MUKANCHAND BOTHRA AND HUF (DIED) REPRESENTED BY LRS.,National,Principal,,,COMPLETED,25869/2023,M. P. VINOD- 1089 __,HON'BLE MR. JUSTICE SANJAY KAROL,2026-04-20,1205,https://api.sci.gov.in/supremecourt/2023/25869/25869_2023_11_1502_70294_Judgement_20-Apr-2026.pdf,2026 INSC 393(English),https://api.sci.gov.in/supremecourt/2023/25869/25869_2023_11_1502_70294_Judgement_20-Apr-2026.pdf,
HON'BLE MR. JUSTICE AUGUSTINE GEORGE MASIH,SUPREME_COURT,2026,C.A. No.-004498-004498 - 2026,PRAMOD SHROFFVSMOHAN SINGH CHOPRA,National,Principal,,,COMPLETED,28245/2025,SUJOY CHATTERJEE- 2954 __,HON'BLE MR. JUSTICE AUGUSTINE GEORGE MASIH,2026-04-16,470,https://api.sci.gov.in/supremecourt/2025/28245/28245_2025_11_1503_70357_Judgement_16-Apr-2026.pdf,2026 INSC 378(English),https://api.sci.gov.in/supremecourt/2025/28245/28245_2025_11_1503_70357_Judgement_16-Apr-2026.pdf,
HON'BLE MR. JUSTICE AUGUSTINE GEORGE MASIH,SUPREME_COURT,2026,C.A. No.-004496-004497 - 2026,RAVI KALAVSM/S. CASABLANCA ESTATE,National,Principal,,,COMPLETED,29274/2024,DCOSTA IVO MANUEL SIMON- 3486 __,HON'BLE MR. JUSTICE AUGUSTINE GEORGE MASIH,2026-04-16,836,https://api.sci.gov.in/supremecourt/2024/29274/29274_2024_11_1502_70357_Judgement_16-Apr-2026.pdf,2026 INSC 377(English),https://api.sci.gov.in/supremecourt/2024/29274/29274_2024_11_1502_70357_Judgement_16-Apr-2026.pdf,
HON'BLE MR. JUSTICE AUGUSTINE GEORGE MASIH,SUPREME_COURT,2026,C.A. No.-004623-004623 - 2026,BALAJI MADHUKAR KONKAWARVSMAHARASHTRA STATE ROAD TRANSPORT CORPORATION CHANDARPUR DIVISION,National,Principal,,,COMPLETED,33984/2022,VARINDER KUMAR SHARMA- 1237 __,HON'BLE MR. JUSTICE SANJAY KAROL,2026-04-20,1570,https://api.sci.gov.in/supremecourt/2022/33984/33984_2022_11_1501_70294_Judgement_20-Apr-2026.pdf,2026 INSC 392(English),https://api.sci.gov.in/supremecourt/2022/33984/33984_2022_11_1501_70294_Judgement_20-Apr-2026.pdf,
HON'BLE MR. JUSTICE AUGUSTINE GEORGE MASIH,SUPREME_COURT,2026,Crl.A. No.-001735-001735 - 2026,SHANKARVSSTATE OF RAJASTHAN,National,Principal,,,COMPLETED,42589/2025,SYED MEHDI IMAM- 1879 __,HON'BLE MR. JUSTICE SANJAY KAROL,2026-04-02,456,https://api.sci.gov.in/supremecourt/2025/42589/42589_2025_11_1502_69632_Judgement_02-Apr-2026.pdf,2026 INSC 315(English),https://api.sci.gov.in/supremecourt/2025/42589/42589_2025_11_1502_69632_Judgement_02-Apr-2026.pdf,
HON'BLE MR. JUSTICE AUGUSTINE GEORGE MASIH,SUPREME_COURT,2026,Crl.A. No.-001974-001974 - 2026,DEEPA JOSHIVSGAURAV JOSHI,National,Principal,,,COMPLETED,48305/2025,SUMIT SRIVAASTAVA- 1644 __,HON'BLE MR. JUSTICE AUGUSTINE GEORGE MASIH,2026-04-16,470,https://api.sci.gov.in/supremecourt/2025/48305/48305_2025_11_1504_70357_Judgement_16-Apr-2026.pdf,2026 INSC 370(English),https://api.sci.gov.in/supremecourt/2025/48305/48305_2025_11_1504_70357_Judgement_16-Apr-2026.pdf,
HON'BLE MR. JUSTICE AUGUSTINE GEORGE MASIH,SUPREME_COURT,2026,C.A. No.-008280-008280 - 2026,DHIRAJ DUTTAVSANIRBAN SEN,National,Principal,,,COMPLETED,477/2026,RAMESHWAR PRASAD GOYAL- 1350 __,HON'BLE MR. JUSTICE SANJAY KAROL,2026-05-29,148,https://api.sci.gov.in/supremecourt/2026/477/477_2026_8_1504_71638_Judgement_29-May-2026.pdf,2026 INSC 602(English),https://api.sci.gov.in/supremecourt/2026/477/477_2026_8_1504_71638_Judgement_29-May-2026.pdf,
HON'BLE MR. JUSTICE AUGUSTINE GEORGE MASIH,SUPREME_COURT,2026,Crl.A. No.-002325-002325 - 2026,SUJAL VISHWAS ATTAVARVSTHE STATE OF MAHARASHTRA,National,Principal,,,COMPLETED,2395/2026,SHAHRUKH AHMAD- 4022 __,HON'BLE MR. JUSTICE SANJAY KAROL,2026-05-04,123,https://api.sci.gov.in/supremecourt/2026/2395/2395_2026_9_1501_70760_Judgement_04-May-2026.pdf,2026 INSC 442(English),https://api.sci.gov.in/supremecourt/2026/2395/2395_2026_9_1501_70760_Judgement_04-May-2026.pdf,
HON'BLE MR. JUSTICE AUGUSTINE GEORGE MASIH,SUPREME_COURT,2026,Crl.A. No.-002973-002973 - 2026,DAUDAYALVSTHE STATE OF RAJASTHAN,National,Principal,,,COMPLETED,12126/2025,AISHWARYA SINGH- 3931 __,HON'BLE MR. JUSTICE SANJAY KAROL,2026-05-29,513,https://api.sci.gov.in/supremecourt/2025/12126/12126_2025_8_1501_71638_Judgement_29-May-2026.pdf,2026 INSC 599(English),https://api.sci.gov.in/supremecourt/2025/12126/12126_2025_8_1501_71638_Judgement_29-May-2026.pdf,
HON'BLE MR. JUSTICE AUGUSTINE GEORGE MASIH,SUPREME_COURT,2013,Crl.A. No.-000440-000440 - 2013,SANJAY SINGHVSTHE STATE OF MADHYA PRADESH,National,Principal,,,COMPLETED,21779/2011,T. N. SINGH- 749 __,HON'BLE MR. JUSTICE AUGUSTINE GEORGE MASIH,2026-05-08,5606,https://api.sci.gov.in/supremecourt/2011/21779/21779_2011_11_1501_70934_Judgement_08-May-2026.pdf,2026 INSC 467(English),https://api.sci.gov.in/supremecourt/2011/21779/21779_2011_11_1501_70934_Judgement_08-May-2026.pdf,
HON'BLE MR. JUSTICE AUGUSTINE GEORGE MASIH,SUPREME_COURT,2026,C.A. No.-007938-007938 - 2026,THE NEW INDIA ASSURANCE COMPANY LIMITEDVSDOLLY SATISH GANDHI,National,Principal,,,COMPLETED,32269/2025,C. GEORGE THOMAS- 2991 __,HON'BLE MR. JUSTICE SANJAY KAROL,2026-05-15,499,https://api.sci.gov.in/supremecourt/2025/32269/32269_2025_11_1501_71181_Judgement_15-May-2026.pdf,2026 INSC 498(English),https://api.sci.gov.in/supremecourt/2025/32269/32269_2025_11_1501_71181_Judgement_15-May-2026.pdf,
HON'BLE MR. JUSTICE AUGUSTINE GEORGE MASIH,SUPREME_COURT,2026,Crl.A. No.-002870-002870 - 2026,PALANISWAMY VEERARAJAVSSTATE OF KARNATAKA,National,Principal,,,COMPLETED,39378/2024,SURBHI MEHTA- 2177 __,HON'BLE MR. JUSTICE SANJAY KAROL,2026-05-26,876,https://api.sci.gov.in/supremecourt/2024/39378/39378_2024_11_1502_71565_Judgement_26-May-2026.pdf,2026 INSC 561(English),https://api.sci.gov.in/supremecourt/2024/39378/39378_2024_11_1502_71565_Judgement_26-May-2026.pdf,
HON'BLE MR. JUSTICE AUGUSTINE GEORGE MASIH,SUPREME_COURT,2020,Crl.A. No.-000563-000564 - 2020,MAHENDRA RAI @ HARENDRA NARAIN SINGH AND ORS. ETC.VSTHE STATE OF BIHAR,National,Principal,,,COMPLETED,44333/2018,__,HON'BLE MR. JUSTICE SANJAY KAROL,2026-05-26,3067,https://api.sci.gov.in/supremecourt/2018/44333/44333_2018_11_1501_71565_Judgement_26-May-2026.pdf,2026 INSC 560(English),https://api.sci.gov.in/supremecourt/2018/44333/44333_2018_11_1501_71565_Judgement_26-May-2026.pdf,
HON'BLE MR. JUSTICE AUGUSTINE GEORGE MASIH,SUPREME_COURT,2026,C.A. No.-007939-007939 - 2026,B.S. LALITHAVSBHUVANESH,National,Principal,,,COMPLETED,44819/2024,MRS. VIPIN GUPTA- 1302 __,HON'BLE MR. JUSTICE SANJAY KAROL,2026-05-15,865,https://api.sci.gov.in/supremecourt/2024/44819/44819_2024_11_1502_71181_Judgement_15-May-2026.pdf,2026 INSC 499(English),https://api.sci.gov.in/supremecourt/2024/44819/44819_2024_11_1502_71181_Judgement_15-May-2026.pdf,
HON'BLE MR. JUSTICE AUGUSTINE GEORGE MASIH,SUPREME_COURT,2026,C.A. No.-008272-008272 - 2026,CHATURBHUJ PRADHANVSAMAR PRADHAN,National,Principal,,,COMPLETED,50840/2025,NITEEN KUMAR SINHA- 3262 __,HON'BLE MR. JUSTICE SANJAY KAROL,2026-05-29,513,https://api.sci.gov.in/supremecourt/2025/50840/50840_2025_8_1502_71638_Judgement_29-May-2026.pdf,2026 INSC 600(English),https://api.sci.gov.in/supremecourt/2025/50840/50840_2025_8_1502_71638_Judgement_29-May-2026.pdf,
HON'BLE MR. JUSTICE AUGUSTINE GEORGE MASIH,SUPREME_COURT,2026,C.A. No.-008227-008227 - 2026,A SHAHUL HAMEEDVSN MALLIGARJUNA,National,Principal,,,COMPLETED,61535/2025,ALJO K. JOSEPH- 2529 __,HON'BLE MR. JUSTICE SANJAY KAROL,2026-05-27,511,https://api.sci.gov.in/supremecourt/2025/61535/61535_2025_11_1501_71626_Judgement_27-May-2026.pdf,2026 INSC 573(English),https://api.sci.gov.in/supremecourt/2025/61535/61535_2025_11_1501_71626_Judgement_27-May-2026.pdf,
HON'BLE MR. JUSTICE AUGUSTINE GEORGE MASIH,SUPREME_COURT,2026,C.A. No.-008273-008274 - 2026,STATE OF U.P.VSRAGHVENDRA NATH SRIVASTAVA,National,Principal,,,COMPLETED,68717/2025,BHAKTI VARDHAN SINGH- 2454 __,HON'BLE MR. JUSTICE SANJAY KAROL,2026-05-29,513,https://api.sci.gov.in/supremecourt/2025/68717/68717_2025_8_1503_71638_Judgement_29-May-2026.pdf,2026 INSC 601(English),https://api.sci.gov.in/supremecourt/2025/68717/68717_2025_8_1503_71638_Judgement_29-May-2026.pdf,
HON'BLE MR. JUSTICE AUGUSTINE GEORGE MASIH,SUPREME_COURT,2026,C.A. No.-008391-008391 - 2026,SONAL TALPADAVSVEERBHAN SINGH,National,Principal,,,COMPLETED,13395/2025,NEERAJ SHEKHAR- 1635 __,HON'BLE MR. JUSTICE AUGUSTINE GEORGE MASIH,2026-06-02,517,https://api.sci.gov.in/supremecourt/2025/13395/13395_2025_5_1502_71810_Judgement_02-Jun-2026.pdf,2026 INSC 620(English),https://api.sci.gov.in/supremecourt/2025/13395/13395_2025_5_1502_71810_Judgement_02-Jun-2026.pdf,
HON'BLE MR. JUSTICE AUGUSTINE GEORGE MASIH,SUPREME_COURT,2026,C.A. No.-008358-008358 - 2026,DARUBAIVSKAMALABAI,National,Principal,,,COMPLETED,20711/2022,ASHOK KUMAR GUPTA II- 1595 __,HON'BLE MR. JUSTICE SANJAY KAROL,2026-06-01,1612,https://api.sci.gov.in/supremecourt/2022/20711/20711_2022_5_1502_71696_Judgement_01-Jun-2026.pdf,2026 INSC 613(English),https://api.sci.gov.in/supremecourt/2022/20711/20711_2022_5_1502_71696_Judgement_01-Jun-2026.pdf,
HON'BLE MR. JUSTICE AUGUSTINE GEORGE MASIH,SUPREME_COURT,2026,C.A. No.-008433-008433 - 2026,THE DIRECTOR OF MINES AND GEOLOGYVSM/S. BMM ISPAT LTD.,National,Principal,,,COMPLETED,23516/2019,SANCHIT GARGA- 2748 __,HON'BLE MR. JUSTICE SANJAY KAROL,2026-06-04,2711,https://api.sci.gov.in/supremecourt/2019/23516/23516_2019_5_1503_71709_Judgement_04-Jun-2026.pdf,2026 INSC 627(English),https://api.sci.gov.in/supremecourt/2019/23516/23516_2019_5_1503_71709_Judgement_04-Jun-2026.pdf,
HON'BLE MR. JUSTICE AUGUSTINE GEORGE MASIH,SUPREME_COURT,2026,C.A. No.-008405-008405 - 2026,SHEPHALI CHAKRABORTYVSTHE STATE OF WEST BENGAL,National,Principal,,,COMPLETED,24523/2025,DHARMAPRABHAS LAW ASSOCIATES- 2718 __,HON'BLE MR. JUSTICE SANJAY KAROL,2026-06-03,518,https://api.sci.gov.in/supremecourt/2025/24523/24523_2025_5_1501_71708_Judgement_03-Jun-2026.pdf,2026 INSC 621(English),https://api.sci.gov.in/supremecourt/2025/24523/24523_2025_5_1501_71708_Judgement_03-Jun-2026.pdf,
HON'BLE MR. JUSTICE AUGUSTINE GEORGE MASIH,SUPREME_COURT,2026,C.A. No.-008354-008356 - 2026,BHIKHANI DEVI AND ETC.VSUNION OF INDIA,National,Principal,,,COMPLETED,40060/2019,AKHILESH KUMAR PANDEY- 1126 __,HON'BLE MR. JUSTICE SANJAY KAROL,2026-06-01,2708,https://api.sci.gov.in/supremecourt/2019/40060/40060_2019_5_1501_71696_Judgement_01-Jun-2026.pdf,2026 INSC 612(English),https://api.sci.gov.in/supremecourt/2019/40060/40060_2019_5_1501_71696_Judgement_01-Jun-2026.pdf,
HON'BLE MR. JUSTICE AUGUSTINE GEORGE MASIH,SUPREME_COURT,2026,Crl.A. No.-003058-003058 - 2026,SAHIL ABDULSATTAR MANSURIVSSAFIMAHAMAD FAFIRBHAI MANSURI,National,Principal,,,COMPLETED,50799/2025,ANSHUMAN SRIVASTAVA- 2946 __,HON'BLE MR. JUSTICE SANJAY KAROL,2026-06-04,519,https://api.sci.gov.in/supremecourt/2025/50799/50799_2025_5_1502_71709_Judgement_04-Jun-2026.pdf,2026 INSC 626(English),https://api.sci.gov.in/supremecourt/2025/50799/50799_2025_5_1502_71709_Judgement_04-Jun-2026.pdf,
HON'BLE MR. JUSTICE AUGUSTINE GEORGE MASIH,SUPREME_COURT,2026,Crl.A. No.-003037-003037 - 2026,STATE OF PUNJABVSBALRAJ SINGH @ BILLA,National,Principal,,,COMPLETED,73957/2025,KARAN SHARMA- 3081 __,HON'BLE MR. JUSTICE SANJAY KAROL,2026-06-02,517,https://api.sci.gov.in/supremecourt/2025/73957/73957_2025_5_1501_71810_Judgement_02-Jun-2026.pdf,2026 INSC 618(English),https://api.sci.gov.in/supremecourt/2025/73957/73957_2025_5_1501_71810_Judgement_02-Jun-2026.pdf,
HON'BLE MR. JUSTICE AUGUSTINE GEORGE MASIH,SUPREME_COURT,2026,Crl.A. No.-003305-003306 - 2026,MEHBOOB SHAHVSSTATE OF MADHYA PRADESH,National,Principal,,,COMPLETED,469/2012,MANJEET KIRPAL- 1923 __,HON'BLE MR. JUSTICE SANJAY KAROL,2026-07-21,5315,https://api.sci.gov.in/supremecourt/2012/469/469_2012_7_1501_72309_Judgement_21-Jul-2026.pdf,2026 INSC 729(English),https://api.sci.gov.in/supremecourt/2012/469/469_2012_7_1501_72309_Judgement_21-Jul-2026.pdf,
HON'BLE MR. JUSTICE AUGUSTINE GEORGE MASIH,SUPREME_COURT,2026,C.A. No.-009311-009312 - 2026,DILIP AGARWALVSRAJSHRI AGARWAL,National,Principal,,,COMPLETED,9398/2026,ASWATHI M.K.- 2498 __,HON'BLE MR. JUSTICE SANJAY KAROL,2026-07-22,202,https://api.sci.gov.in/supremecourt/2026/9398/9398_2026_7_1501_72479_Judgement_22-Jul-2026.pdf,2026 INSC 736(English),https://api.sci.gov.in/supremecourt/2026/9398/9398_2026_7_1501_72479_Judgement_22-Jul-2026.pdf,
HON'BLE MR. JUSTICE AUGUSTINE GEORGE MASIH,SUPREME_COURT,2026,C.A. No.-008822-008822 - 2026,MANJU SINGHVSAVINASH SINGH,National,Principal,,,COMPLETED,9910/2025,__,HON'BLE MR. JUSTICE SANJAY KAROL,2026-07-13,558,https://api.sci.gov.in/supremecourt/2025/9910/9910_2025_8_1501_72004_Judgement_13-Jul-2026.pdf,2026 INSC 696(English),https://api.sci.gov.in/supremecourt/2025/9910/9910_2025_8_1501_72004_Judgement_13-Jul-2026.pdf,
HON'BLE MR. JUSTICE AUGUSTINE GEORGE MASIH,SUPREME_COURT,2026,Crl.A. No.-003674-003674 - 2026,ANITA MAURYAVSSTATE OF UP,National,Principal,,,COMPLETED,18106/2026,ASHOK KUMAR SINGH- 1104 __,HON'BLE MR. JUSTICE AUGUSTINE GEORGE MASIH,2026-07-23,203,https://api.sci.gov.in/supremecourt/2026/18106/18106_2026_7_13_72311_Judgement_23-Jul-2026.pdf,2026 INSC 806(English),https://api.sci.gov.in/supremecourt/2026/18106/18106_2026_7_13_72311_Judgement_23-Jul-2026.pdf,
HON'BLE MR. JUSTICE AUGUSTINE GEORGE MASIH,SUPREME_COURT,2026,C.A. No.-009345-009345 - 2026,M/S BIRLA CORPORATION LIMITEDVSTHE STATE OF MADHYA PRADESH,National,Principal,,,COMPLETED,25476/2022,PRAVEEN KUMAR- 492 __,HON'BLE MR. JUSTICE SANJAY KAROL,2026-07-23,1664,https://api.sci.gov.in/supremecourt/2022/25476/25476_2022_7_1501_72480_Judgement_23-Jul-2026.pdf,2026 INSC 738(English),https://api.sci.gov.in/supremecourt/2022/25476/25476_2022_7_1501_72480_Judgement_23-Jul-2026.pdf,
HON'BLE MR. JUSTICE AUGUSTINE GEORGE MASIH,SUPREME_COURT,2026,C.A. No.-009232-009232 - 2026,VIJAYALAKSHMI R.VSC. L. BALAJI,National,Principal,,,COMPLETED,35371/2025,LZAFEER AHMAD B. F.- 2941 __,HON'BLE MR. JUSTICE AUGUSTINE GEORGE MASIH,2026-07-21,566,https://api.sci.gov.in/supremecourt/2025/35371/35371_2025_7_1503_72309_Judgement_21-Jul-2026.pdf,2026 INSC 731(English),https://api.sci.gov.in/supremecourt/2025/35371/35371_2025_7_1503_72309_Judgement_21-Jul-2026.pdf,
HON'BLE MR. JUSTICE AUGUSTINE GEORGE MASIH,SUPREME_COURT,2026,C.A. No.-009204-009204 - 2026,THE ORIENTAL INSURANCE CO. LTD.VSDURG ROADWAYS PRIVATE LIMITED,National,Principal,,,COMPLETED,35818/2025,SUDHIR NAAGAR- 1798 __,HON'BLE MR. JUSTICE SANJAY KAROL,2026-07-20,565,https://api.sci.gov.in/supremecourt/2025/35818/35818_2025_7_1502_72199_Judgement_20-Jul-2026.pdf,2026 INSC 722(English),https://api.sci.gov.in/supremecourt/2025/35818/35818_2025_7_1502_72199_Judgement_20-Jul-2026.pdf,
HON'BLE MR. JUSTICE AUGUSTINE GEORGE MASIH,SUPREME_COURT,2023,W.P.(Crl.) No.-000553 - 2023,RAMASREY @ FAKKADVSSTATE OF UTTAR PRADESH,National,Principal,,,COMPLETED,42887/2023,RISHI MALHOTRA __,HON'BLE MR. JUSTICE SANJAY KAROL,2026-07-29,1305,https://api.sci.gov.in/supremecourt/2023/42887/42887_2023_8_1502_72725_Judgement_29-Jul-2026.pdf,2026 INSC 764(English),https://api.sci.gov.in/supremecourt/2023/42887/42887_2023_8_1502_72725_Judgement_29-Jul-2026.pdf,
HON'BLE MR. JUSTICE AUGUSTINE GEORGE MASIH,SUPREME_COURT,2024,C.A. No.-010526-010526 - 2024,CONTAINER CORPORATION OF INDIA LIMITEDVSRISHI RANJAN MISHRA,National,Principal,,,COMPLETED,46521/2019,__,HON'BLE MR. JUSTICE SANJAY KAROL,2026-07-29,2766,https://api.sci.gov.in/supremecourt/2019/46521/46521_2019_8_1501_72725_Judgement_29-Jul-2026.pdf,2026 INSC 763(English),https://api.sci.gov.in/supremecourt/2019/46521/46521_2019_8_1501_72725_Judgement_29-Jul-2026.pdf,
HON'BLE MR. JUSTICE AUGUSTINE GEORGE MASIH,SUPREME_COURT,2026,C.A. No.-009237-009237 - 2026,MADAN MOHAN(DEAD) THROUGH LRS.VSTHAKAR DASS (DEAD) THR. LRS.,National,Principal,,,COMPLETED,46571/2018,ANURAG- 2769 __,HON'BLE MR. JUSTICE SANJAY KAROL,2026-07-21,3123,https://api.sci.gov.in/supremecourt/2018/46571/46571_2018_7_1502_72309_Judgement_21-Jul-2026.pdf,2026 INSC 730(English),https://api.sci.gov.in/supremecourt/2018/46571/46571_2018_7_1502_72309_Judgement_21-Jul-2026.pdf,
HON'BLE MR. JUSTICE AUGUSTINE GEORGE MASIH,SUPREME_COURT,2026,C.A. No.-009346-009346 - 2026,UNION OF INDIAVSHARBANS LAL VERMA,National,Principal,,,COMPLETED,46658/2025,AMRISH KUMAR- 2986 __,HON'BLE MR. JUSTICE AUGUSTINE GEORGE MASIH,2026-07-23,568,https://api.sci.gov.in/supremecourt/2025/46658/46658_2025_7_1502_72480_Judgement_23-Jul-2026.pdf,2026 INSC 739(English),https://api.sci.gov.in/supremecourt/2025/46658/46658_2025_7_1502_72480_Judgement_23-Jul-2026.pdf,
HON'BLE MR. JUSTICE AUGUSTINE GEORGE MASIH,SUPREME_COURT,2026,C.A. No.-009769-009769 - 2026,MUMBAI PORT AUTHORITYVSNATIONAL COMMISSION FOR SCHEDULED CASTE,National,Principal,,,COMPLETED,58627/2025,MEHARIA & COMPANY- 1536 __,HON'BLE MR. JUSTICE SANJAY KAROL,2026-07-28,573,https://api.sci.gov.in/supremecourt/2025/58627/58627_2025_8_1501_72630_Judgement_28-Jul-2026.pdf,2026 INSC 755(English),https://api.sci.gov.in/supremecourt/2025/58627/58627_2025_8_1501_72630_Judgement_28-Jul-2026.pdf,
HON'BLE MR. JUSTICE AUGUSTINE GEORGE MASIH,SUPREME_COURT,2026,C.A. No.-009725-009725 - 2026,SANJIV KUMARVSSHAKUNTLA DEVI,National,Principal,,,COMPLETED,58645/2024,SHUBHAM BHALLA- 2430 __,HON'BLE MR. JUSTICE SANJAY KAROL,2026-07-27,938,https://api.sci.gov.in/supremecourt/2024/58645/58645_2024_7_1502_72584_Judgement_27-Jul-2026.pdf,2026 INSC 747(English),https://api.sci.gov.in/supremecourt/2024/58645/58645_2024_7_1502_72584_Judgement_27-Jul-2026.pdf,
HON'BLE MR. JUSTICE AUGUSTINE GEORGE MASIH,SUPREME_COURT,2026,Crl.A. No.-003267-003267 - 2026,EHSAANVSSTATE OF NATIONAL CAPTIAL TERRITORY OF DELHI,National,Principal,,,COMPLETED,67217/2025,VARDHMAN KAUSHIK- 2736 __,HON'BLE MR. JUSTICE SANJAY KAROL,2026-07-20,565,https://api.sci.gov.in/supremecourt/2025/67217/67217_2025_7_1501_72199_Judgement_20-Jul-2026.pdf,2026 INSC 720(English),https://api.sci.gov.in/supremecourt/2025/67217/67217_2025_7_1501_72199_Judgement_20-Jul-2026.pdf,
HON'BLE MR. JUSTICE AUGUSTINE GEORGE MASIH,SUPREME_COURT,2026,Crl.A. No.-003458-003459 - 2026,KRISHNAN NARAYANAVSTHE STATE OF ANDHRA PRADESH,National,Principal,,,COMPLETED,67515/2025,M.P. PARTHIBAN- 2667 __,HON'BLE MR. JUSTICE SANJAY KAROL,2026-07-27,572,https://api.sci.gov.in/supremecourt/2025/67515/67515_2025_7_1503_72584_Judgement_27-Jul-2026.pdf,2026 INSC 748(English),https://api.sci.gov.in/supremecourt/2025/67515/67515_2025_7_1503_72584_Judgement_27-Jul-2026.pdf,
HON'BLE MR. JUSTICE AUGUSTINE GEORGE MASIH,SUPREME_COURT,2026,Crl.A. No.-003540-003540 - 2026,THE STATE OF KARNATAKAVSPRABHU SHANKAR,National,Principal,,,COMPLETED,510/2022,SANCHIT GARGA- 2748 __,HON'BLE MR. JUSTICE SANJAY KAROL,2026-07-30,1671,https://api.sci.gov.in/supremecourt/2022/510/510_2022_8_1502_72726_Judgement_30-Jul-2026.pdf,2026 INSC 766(English),https://api.sci.gov.in/supremecourt/2022/510/510_2022_8_1502_72726_Judgement_30-Jul-2026.pdf,
HON'BLE MR. JUSTICE AUGUSTINE GEORGE MASIH,SUPREME_COURT,2026,C.A. No.-009922-009922 - 2026,NISHAVSMUNICIPAL COUNCIL SANGRUR,National,Principal,,,COMPLETED,5159/2026,AMAN MALIK- 3127 __,HON'BLE MR. JUSTICE SANJAY KAROL,2026-07-31,211,https://api.sci.gov.in/supremecourt/2026/5159/5159_2026_8_1502_72794_Judgement_31-Jul-2026.pdf,2026 INSC 774(English),https://api.sci.gov.in/supremecourt/2026/5159/5159_2026_8_1502_72794_Judgement_31-Jul-2026.pdf,
HON'BLE MR. JUSTICE AUGUSTINE GEORGE MASIH,SUPREME_COURT,2026,Crl.A. No.-003774-003774 - 2026,RAHULVSSTATE OF UTTAR PRADESH,National,Principal,,,COMPLETED,6697/2026,AKANSHA- 4029 __,HON'BLE MR. JUSTICE AUGUSTINE GEORGE MASIH,2026-08-11,222,https://api.sci.gov.in/supremecourt/2026/6697/6697_2026_7_1503_73151_Judgement_11-Aug-2026.pdf,2026 INSC 825(English),https://api.sci.gov.in/supremecourt/2026/6697/6697_2026_7_1503_73151_Judgement_11-Aug-2026.pdf,
HON'BLE MR. JUSTICE AUGUSTINE GEORGE MASIH,SUPREME_COURT,2026,Crl.A. No.-003599-003599 - 2026,HIMANSHU CHORDIAVSSTATE OF RAJASTHAN,National,Principal,,,COMPLETED,8519/2025,S. S. JAUHAR- 661 __,HON'BLE MR. JUSTICE SANJAY KAROL,2026-07-31,576,https://api.sci.gov.in/supremecourt/2025/8519/8519_2025_8_1501_72794_Judgement_31-Jul-2026.pdf,2026 INSC 778(English),https://api.sci.gov.in/supremecourt/2025/8519/8519_2025_8_1501_72794_Judgement_31-Jul-2026.pdf,
HON'BLE MR. JUSTICE AUGUSTINE GEORGE MASIH,SUPREME_COURT,2025,C.A. No.-014369-014369 - 2025,NATIONAL INSURANCE COMPANY LIMITEDVSSMT. THUNGALA DHANA LAXMI,National,Principal,,,COMPLETED,8827/2025,CHANDER SHEKHAR ASHRI- 1120 __,HON'BLE MR. JUSTICE SANJAY KAROL,2026-08-04,580,https://api.sci.gov.in/supremecourt/2025/8827/8827_2025_8_1501_72912_Judgement_04-Aug-2026.pdf,2026 INSC 793(English),https://api.sci.gov.in/supremecourt/2025/8827/8827_2025_8_1501_72912_Judgement_04-Aug-2026.pdf,
HON'BLE MR. JUSTICE AUGUSTINE GEORGE MASIH,SUPREME_COURT,2026,C.A. No.-009831-009832 - 2026,RELIANCE GENERAL INSURANCE COMPANY LTDVSOM PARKASH,National,Principal,,,COMPLETED,10146/2023,PRERNA MEHTA- 1799 __,HON'BLE MR. JUSTICE SANJAY KAROL,2026-07-30,1306,https://api.sci.gov.in/supremecourt/2023/10146/10146_2023_8_1503_72726_Judgement_30-Jul-2026.pdf,2026 INSC 767(English),https://api.sci.gov.in/supremecourt/2023/10146/10146_2023_8_1503_72726_Judgement_30-Jul-2026.pdf,
HON'BLE MR. JUSTICE AUGUSTINE GEORGE MASIH,SUPREME_COURT,2026,Crl.A. No.-003803-003803 - 2026,PARAG KISHORE SATOSKARVSSTATE OF JHARKHAND,National,Principal,,,COMPLETED,12421/2025,RAVI SHARMA- 3026 __,HON'BLE MR. JUSTICE SANJAY KAROL,2026-08-12,588,https://api.sci.gov.in/supremecourt/2025/12421/12421_2025_8_1501_73211_Judgement_12-Aug-2026.pdf,2026 INSC 846(English),https://api.sci.gov.in/supremecourt/2025/12421/12421_2025_8_1501_73211_Judgement_12-Aug-2026.pdf,
HON'BLE MR. JUSTICE AUGUSTINE GEORGE MASIH,SUPREME_COURT,2014,Crl.A. No.-000937-000937 - 2014,RAVI KUMAR SINGH MALHOTRAVSSTATE OF M.P.,National,Principal,,,COMPLETED,12470/2013,__,HON'BLE MR. JUSTICE AUGUSTINE GEORGE MASIH,2026-08-20,4979,https://api.sci.gov.in/supremecourt/2013/12470/12470_2013_8_1503_73504_Judgement_20-Aug-2026.pdf,2026 INSC 899(English),https://api.sci.gov.in/supremecourt/2013/12470/12470_2013_8_1503_73504_Judgement_20-Aug-2026.pdf,
HON'BLE MR. JUSTICE AUGUSTINE GEORGE MASIH,SUPREME_COURT,2023,Crl.A. No.-000502-000507 - 2023,NIRMALA BAI DEVIDAS CHAVHANVSTHE STATE OF MAHARASHTRA AND ORS. ETC.,National,Principal,,,COMPLETED,13897/2022,J S WAD AND CO- 1288 __,HON'BLE MR. JUSTICE AUGUSTINE GEORGE MASIH,2026-08-03,1675,https://api.sci.gov.in/supremecourt/2022/13897/13897_2022_8_1504_72857_Judgement_03-Aug-2026.pdf,2026 INSC 787(English),https://api.sci.gov.in/supremecourt/2022/13897/13897_2022_8_1504_72857_Judgement_03-Aug-2026.pdf,
HON'BLE MR. JUSTICE AUGUSTINE GEORGE MASIH,SUPREME_COURT,2026,C.A. No.-009833-009833 - 2026,S.P. CHANDRAKARVSSTATE OF CHHATTISGARH,National,Principal,,,COMPLETED,15799/2024,__,HON'BLE MR. JUSTICE SANJAY KAROL,2026-07-30,941,https://api.sci.gov.in/supremecourt/2024/15799/15799_2024_8_1504_72726_Judgement_30-Jul-2026.pdf,2026 INSC 769(English),https://api.sci.gov.in/supremecourt/2024/15799/15799_2024_8_1504_72726_Judgement_30-Jul-2026.pdf,
HON'BLE MR. JUSTICE AUGUSTINE GEORGE MASIH,SUPREME_COURT,2026,C.A. No.-009830-009830 - 2026,SHAKUNTALAVSROBERT ANTHONY,National,Principal,,,COMPLETED,16458/2020,SATISH PANDEY- 2834 __,HON'BLE MR. JUSTICE SANJAY KAROL,2026-07-30,2402,https://api.sci.gov.in/supremecourt/2020/16458/16458_2020_8_1501_72726_Judgement_30-Jul-2026.pdf,2026 INSC 765(English),https://api.sci.gov.in/supremecourt/2020/16458/16458_2020_8_1501_72726_Judgement_30-Jul-2026.pdf,
HON'BLE MR. JUSTICE AUGUSTINE GEORGE MASIH,SUPREME_COURT,2022,C.A. No.-004905 - 2022,SECURITIES AND EXCHANGE BOARD OF INDIAVSRAJEEV VASANT SHETH,National,Principal,,,COMPLETED,19863/2022,K ASHAR & CO.- 2148 __,HON'BLE MR. JUSTICE SANJAY KAROL,2026-08-11,1683,https://api.sci.gov.in/supremecourt/2022/19863/19863_2022_7_1501_73151_Judgement_11-Aug-2026.pdf,2026 INSC 826(English),https://api.sci.gov.in/supremecourt/2022/19863/19863_2022_7_1501_73151_Judgement_11-Aug-2026.pdf,
HON'BLE MR. JUSTICE AUGUSTINE GEORGE MASIH,SUPREME_COURT,2026,C.A. No.-010162-010162 - 2026,MUKKERA VENKATA RATNAMVSVANTASALA CHINA VENKATESWARLU,National,Principal,,,COMPLETED,21610/2022,AMIT PAI- 2649 __,HON'BLE MR. JUSTICE SANJAY KAROL,2026-08-06,1678,https://api.sci.gov.in/supremecourt/2022/21610/21610_2022_8_1501_72981_Judgement_06-Aug-2026.pdf,2026 INSC 810(English),https://api.sci.gov.in/supremecourt/2022/21610/21610_2022_8_1501_72981_Judgement_06-Aug-2026.pdf,
HON'BLE MR. JUSTICE AUGUSTINE GEORGE MASIH,SUPREME_COURT,2026,Crl.A. No.-002239-002240 - 2026,NEPAL SINGHVSTHE STATE OF MADHYA PRADESH,National,Principal,,,COMPLETED,23690/2024,RAJNISH KUMAR JHA- 2262 __,HON'BLE MR. JUSTICE SANJAY KAROL,2026-08-17,959,https://api.sci.gov.in/supremecourt/2024/23690/23690_2024_8_1502_73393_Judgement_17-Aug-2026.pdf,2026 INSC 869(English),https://api.sci.gov.in/supremecourt/2024/23690/23690_2024_8_1502_73393_Judgement_17-Aug-2026.pdf,
HON'BLE MR. JUSTICE AUGUSTINE GEORGE MASIH,SUPREME_COURT,2026,C.A. No.-010659-010659 - 2026,KARNATAKA POWER TRANSMISSION CORPORATION LIMITEDVSREKHA,National,Principal,,,COMPLETED,25859/2025,SRISHTI GOVIL- 3693 __,HON'BLE MR. JUSTICE SANJAY KAROL,2026-08-12,588,https://api.sci.gov.in/supremecourt/2025/25859/25859_2025_8_1503_73211_Judgement_12-Aug-2026.pdf,2026 INSC 847(English),https://api.sci.gov.in/supremecourt/2025/25859/25859_2025_8_1503_73211_Judgement_12-Aug-2026.pdf,
HON'BLE MR. JUSTICE AUGUSTINE GEORGE MASIH,SUPREME_COURT,2025,Crl.A. No.-003897-003897 - 2025,KASHMIR RAM @ PAPPIVSSTATE OF PUNJAB,National,Principal,,,COMPLETED,34470/2025,GAUTAM DAS- 2309 __,HON'BLE MR. JUSTICE AUGUSTINE GEORGE MASIH,2026-08-12,588,https://api.sci.gov.in/supremecourt/2025/34470/34470_2025_8_1502_73211_Judgement_12-Aug-2026.pdf,2026 INSC 854(English),https://api.sci.gov.in/supremecourt/2025/34470/34470_2025_8_1502_73211_Judgement_12-Aug-2026.pdf,
HON'BLE MR. JUSTICE AUGUSTINE GEORGE MASIH,SUPREME_COURT,2026,Crl.A. No.-004001-004001 - 2026,THE STATE OF KARNATAKAVSPRATHIK PARASRAMPURIA,National,Principal,,,COMPLETED,36029/2015,PATIL REKHA CHANDRA GOUDA- 3361 __ V. SHYAMOHAN- 2082,HON'BLE MR. JUSTICE SANJAY KAROL,2026-08-17,4246,https://api.sci.gov.in/supremecourt/2015/36029/36029_2015_8_1501_73393_Judgement_17-Aug-2026.pdf,2026 INSC 868(English),https://api.sci.gov.in/supremecourt/2015/36029/36029_2015_8_1501_73393_Judgement_17-Aug-2026.pdf,
HON'BLE MR. JUSTICE AUGUSTINE GEORGE MASIH,SUPREME_COURT,2026,Crl.A. No.-003878-003878 - 2026,UNION OF INDIAVSCHIDIEBERE KINGSLEY NAWCHARA,National,Principal,,,COMPLETED,44721/2025,GURMEET SINGH MAKKER- 2357 __,HON'BLE MR. JUSTICE SANJAY KAROL,2026-08-17,593,https://api.sci.gov.in/supremecourt/2025/44721/44721_2025_8_1503_73393_Judgement_17-Aug-2026.pdf,2026 INSC 870(English),https://api.sci.gov.in/supremecourt/2025/44721/44721_2025_8_1503_73393_Judgement_17-Aug-2026.pdf,
HON'BLE MR. JUSTICE AUGUSTINE GEORGE MASIH,SUPREME_COURT,2026,C.A. No.-010200-010200 - 2026,S. SANGEETHAVSTMT. P. PONNI,National,Principal,,,COMPLETED,48512/2024,K. K. MANI- 305 __,HON'BLE MR. JUSTICE SANJAY KAROL,2026-08-07,949,https://api.sci.gov.in/supremecourt/2024/48512/48512_2024_8_1501_72915_Judgement_07-Aug-2026.pdf,2026 INSC 813(English),https://api.sci.gov.in/supremecourt/2024/48512/48512_2024_8_1501_72915_Judgement_07-Aug-2026.pdf,
HON'BLE MR. JUSTICE AUGUSTINE GEORGE MASIH,SUPREME_COURT,2026,C.A. No.-011173-011173 - 2026,JAMNABAIVSVASUDEV,National,Principal,,,COMPLETED,62675/2025,AAYUSHMAAN VATSYAYANA- 3781 __,HON'BLE MR. JUSTICE AUGUSTINE GEORGE MASIH,2026-08-20,596,https://api.sci.gov.in/supremecourt/2025/62675/62675_2025_8_1504_73504_Judgement_20-Aug-2026.pdf,2026 INSC 900(English),https://api.sci.gov.in/supremecourt/2025/62675/62675_2025_8_1504_73504_Judgement_20-Aug-2026.pdf,
HON'BLE MR. JUSTICE AUGUSTINE GEORGE MASIH,SUPREME_COURT,2025,W.P.(C) No.-001110-001110 - 2025,BHUMIKA TRUSTVSUNION OF INDIA,National,Principal,,,COMPLETED,62949/2025,PETITIONER-IN-PERSON __,HON'BLE THE CHIEF JUSTICE,2026-08-21,597,https://api.sci.gov.in/supremecourt/2025/62949/62949_2025_1_1501_73791_Judgement_21-Aug-2026.pdf,2026 INSC 904(English),https://api.sci.gov.in/supremecourt/2025/62949/62949_2025_1_1501_73791_Judgement_21-Aug-2026.pdf,
HON'BLE MR. JUSTICE AUGUSTINE GEORGE MASIH,SUPREME_COURT,2026,C.A. No.-010547-010547 - 2026,"SHATRUGHN YADAVVSTHE FERTILIZERS AND CHEMICALS TRAVANCORE LTD (F.A.C.T),",National,Principal,,,COMPLETED,74001/2025,ABDULLA NASEEH V.T.- 3410 __,HON'BLE MR. JUSTICE AUGUSTINE GEORGE MASIH,2026-08-11,587,https://api.sci.gov.in/supremecourt/2025/74001/74001_2025_7_1502_73151_Judgement_11-Aug-2026.pdf,2026 INSC 829(English),https://api.sci.gov.in/supremecourt/2025/74001/74001_2025_7_1502_73151_Judgement_11-Aug-2026.pdf,
HON'BLE MR. JUSTICE AUGUSTINE GEORGE MASIH,SUPREME_COURT,2026,C.A. No.-012774-012774 - 2026,DEBARATI BHUNIA CHAKRABORTYVSSUMAN SANKAR BHUNIA,National,Principal,,,COMPLETED,5494/2026,SHASHANK SHEKHAR- 3517 __,HON'BLE MR. JUSTICE SANDEEP MEHTA,2026-09-23,265,https://api.sci.gov.in/supremecourt/2026/5494/5494_2026_2_1501_74537_Judgement_23-Sep-2026.pdf,2026 INSC 1043(English),https://api.sci.gov.in/supremecourt/2026/5494/5494_2026_2_1501_74537_Judgement_23-Sep-2026.pdf,
HON'BLE MR. JUSTICE AUGUSTINE GEORGE MASIH,SUPREME_COURT,2014,Crl.A. No.-001561-001561 - 2014,ABDUL RAJIKVSTHE STATE OF MADHYA PRADESH,National,Principal,,,COMPLETED,6787/2011,T. MAHIPAL- 1375 __,HON'BLE MR. JUSTICE SANDEEP MEHTA,2026-09-16,5737,https://api.sci.gov.in/supremecourt/2011/6787/6787_2011_15_1501_74393_Judgement_16-Sep-2026.pdf,2026 INSC 1001(English),https://api.sci.gov.in/supremecourt/2011/6787/6787_2011_15_1501_74393_Judgement_16-Sep-2026.pdf,
HON'BLE MR. JUSTICE AUGUSTINE GEORGE MASIH,SUPREME_COURT,2020,Crl.A. No.-000429-000430 - 2020,WARISVSTHE STATE OF MADHYA PRADESH,National,Principal,,,COMPLETED,7431/2020,KAUSTUBH ANSHURAJ- 1902 __,HON'BLE MR. JUSTICE VIKRAM NATH,2026-09-24,2458,https://api.sci.gov.in/supremecourt/2020/7431/7431_2020_2_1501_74538_Judgement_24-Sep-2026.pdf,2026 INSC 1050(English),https://api.sci.gov.in/supremecourt/2020/7431/7431_2020_2_1501_74538_Judgement_24-Sep-2026.pdf,
HON'BLE MR. JUSTICE AUGUSTINE GEORGE MASIH,SUPREME_COURT,2016,C.A. No.-000659-000659 - 2016,H.G.PATTABIVSK.R.SURAJ .,National,Principal,,,COMPLETED,10029/2011,VAIJAYANTHI GIRISH- 1693 __,HON'BLE MR. JUSTICE SANDEEP MEHTA,2026-09-16,5737,https://api.sci.gov.in/supremecourt/2011/10029/10029_2011_15_109_74393_Judgement_16-Sep-2026.pdf,2026 INSC 1041(English),https://api.sci.gov.in/supremecourt/2011/10029/10029_2011_15_109_74393_Judgement_16-Sep-2026.pdf,
HON'BLE MR. JUSTICE SANDEEP MEHTA,SUPREME_COURT,2025,C.A. No.-000054-000055 - 2025,"S MOHANVSSECRETARY TO THE CHANCELLOR, PUDUCHERRY TECHNOLOGICAL UNIVERSITY",National,Principal,,,COMPLETED,6499/2024,G. BALAJI- 1450 __,HON'BLE MR. JUSTICE VIKRAM NATH,2026-01-30,760,https://api.sci.gov.in/supremecourt/2024/6499/6499_2024_2_1502_67774_Judgement_30-Jan-2026.pdf,2026 INSC 100(English),https://api.sci.gov.in/supremecourt/2024/6499/6499_2024_2_1502_67774_Judgement_30-Jan-2026.pdf,
HON'BLE MR. JUSTICE SANDEEP MEHTA,SUPREME_COURT,2026,CONMT.PET.(C) No.-000010 - 2026,GURUPADA BERAVSBINOD KUMAR,National,Principal,,,COMPLETED,18826/2025,ANINDITA MITRA- 2634 __,HON'BLE MR. JUSTICE VIKRAM NATH,2026-01-06,370,https://api.sci.gov.in/supremecourt/2025/18826/18826_2025_2_1501_67158_Judgement_06-Jan-2026.pdf,2026 INSC 20(English),https://api.sci.gov.in/supremecourt/2025/18826/18826_2025_2_1501_67158_Judgement_06-Jan-2026.pdf,
HON'BLE MR. JUSTICE SANDEEP MEHTA,SUPREME_COURT,2026,C.A. No.-000385-000385 - 2026,RAJ SINGH GEHLOTVSAMITABHA SEN,National,Principal,,,COMPLETED,20041/2020,KARANJAWALA & CO.- 1707 __,HON'BLE MR. JUSTICE VIKRAM NATH,2026-01-20,2211,https://api.sci.gov.in/supremecourt/2020/20041/20041_2020_2_1501_67588_Judgement_20-Jan-2026.pdf,2026 INSC 77(English),https://api.sci.gov.in/supremecourt/2020/20041/20041_2020_2_1501_67588_Judgement_20-Jan-2026.pdf,
HON'BLE MR. JUSTICE SANDEEP MEHTA,SUPREME_COURT,2022,C.A. No.-003894-003894 - 2022,MUSLIMVEETIL CHALAKKAL AHAMMED HAJIVSSAKEENA BEEVI,National,Principal,,,COMPLETED,25230/2020,NISHE RAJEN SHONKER- 1698 __,HON'BLE MR. JUSTICE SANDEEP MEHTA,2026-01-07,2198,https://api.sci.gov.in/supremecourt/2020/25230/25230_2020_2_1501_67271_Judgement_07-Jan-2026.pdf,2026 INSC 35(English),https://api.sci.gov.in/supremecourt/2020/25230/25230_2020_2_1501_67271_Judgement_07-Jan-2026.pdf,
HON'BLE MR. JUSTICE SANDEEP MEHTA,SUPREME_COURT,2024,C.A. No.-002701-002702 - 2024,INDIAN OIL CORPORATION LIMITEDVSM/S ADITYA H.P. CENTRE,National,Principal,,,COMPLETED,25546/2021,PRIYA PURI- 1880 __,HON'BLE MR. JUSTICE VIKRAM NATH,2026-01-22,1847,https://api.sci.gov.in/supremecourt/2021/25546/25546_2021_2_111_67976_Judgement_22-Jan-2026.pdf,2026 INSC 182(English),https://api.sci.gov.in/supremecourt/2021/25546/25546_2021_2_111_67976_Judgement_22-Jan-2026.pdf,
HON'BLE MR. JUSTICE SANDEEP MEHTA,SUPREME_COURT,2018,C.A. No.-002920-002920 - 2018,M/S AARSUDAY PROJECTSVSJOGEN CHOWDHURY,National,Principal,,,COMPLETED,28062/2013,LEX REGIS LAW OFFICES- 1708 __,HON'BLE MR. JUSTICE VIKRAM NATH,2026-01-29,4776,https://api.sci.gov.in/supremecourt/2013/28062/28062_2013_2_1501_68048_Judgement_29-Jan-2026.pdf,2026 INSC 93(English),https://api.sci.gov.in/supremecourt/2013/28062/28062_2013_2_1501_68048_Judgement_29-Jan-2026.pdf,
HON'BLE MR. JUSTICE SANDEEP MEHTA,SUPREME_COURT,2026,C.A. No.-000049-000049 - 2026,PANGANTI VIJAYAVSUNITED INDIA INSURANCE COMPANY LIMITED,National,Principal,,,COMPLETED,47155/2023,VENKAT PALWAI LAW ASSOCIATES- 2159 __,HON'BLE MR. JUSTICE VIKRAM NATH,2026-01-05,1100,https://api.sci.gov.in/supremecourt/2023/47155/47155_2023_2_1501_67138_Judgement_05-Jan-2026.pdf,2026 INSC 9(English),https://api.sci.gov.in/supremecourt/2023/47155/47155_2023_2_1501_67138_Judgement_05-Jan-2026.pdf,
HON'BLE MR. JUSTICE SANDEEP MEHTA,SUPREME_COURT,2025,CONMT.PET.(C) No.-000703-000704 - 2025,DHARMENDRA SHARMAVSM ARUNMOZHI,National,Principal,,,COMPLETED,47816/2025,VIKAS SINGH JANGRA- 1988 __,HON'BLE MR. JUSTICE VIKRAM NATH,2026-01-05,369,https://api.sci.gov.in/supremecourt/2025/47816/47816_2025_2_1502_67138_Judgement_05-Jan-2026.pdf,2026 INSC 10(English),https://api.sci.gov.in/supremecourt/2025/47816/47816_2025_2_1502_67138_Judgement_05-Jan-2026.pdf,
HON'BLE MR. JUSTICE SANDEEP MEHTA,SUPREME_COURT,2026,C.A. No.-000657-000657 - 2026,BHOLA NATHVSTHE STATE OF JHARKHAND,National,Principal,,,COMPLETED,58224/2024,KUMAR SHIVAM- 3562 __,HON'BLE MR. JUSTICE VIKRAM NATH,2026-01-30,760,https://api.sci.gov.in/supremecourt/2024/58224/58224_2024_2_1501_67774_Judgement_30-Jan-2026.pdf,2026 INSC 99(English),https://api.sci.gov.in/supremecourt/2024/58224/58224_2024_2_1501_67774_Judgement_30-Jan-2026.pdf,
HON'BLE MR. JUSTICE SANDEEP MEHTA,SUPREME_COURT,2026,Crl.A. No.-000169-000169 - 2026,POGADADABNDA REVATHIVSTHE STATE OF TELANGANA,National,Principal,,,COMPLETED,59526/2025,P. MOHITH RAO- 3826 __,HON'BLE MR. JUSTICE VIKRAM NATH,2026-01-09,373,https://api.sci.gov.in/supremecourt/2025/59526/59526_2025_2_31_67318_Judgement_09-Jan-2026.pdf,2026 INSC 75(English),https://api.sci.gov.in/supremecourt/2025/59526/59526_2025_2_31_67318_Judgement_09-Jan-2026.pdf,
HON'BLE MR. JUSTICE SANDEEP MEHTA,SUPREME_COURT,2026,C.A. No.-000050-000050 - 2026,SUBHASH AGGARWALVSMAHENDER PAL CHHABRA,National,Principal,,,COMPLETED,60800/2025,ANEESH MITTAL- 2491 __,HON'BLE MR. JUSTICE VIKRAM NATH,2026-01-05,369,https://api.sci.gov.in/supremecourt/2025/60800/60800_2025_2_1503_67138_Judgement_05-Jan-2026.pdf,2026 INSC 11(English),https://api.sci.gov.in/supremecourt/2025/60800/60800_2025_2_1503_67138_Judgement_05-Jan-2026.pdf,
HON'BLE MR. JUSTICE SANDEEP MEHTA,SUPREME_COURT,2025,W.P.(C) No.-001180-001180 - 2025,CAPTAIN PRAMOD KUMAR BAJAJVSUNION OF INDIA,National,Principal,,,COMPLETED,66722/2025,PETITIONER-IN-PERSON __,HON'BLE MR. JUSTICE VIKRAM NATH,2026-01-30,394,https://api.sci.gov.in/supremecourt/2025/66722/66722_2025_2_1503_67774_Judgement_30-Jan-2026.pdf,2026 INSC 101(English),https://api.sci.gov.in/supremecourt/2025/66722/66722_2025_2_1503_67774_Judgement_30-Jan-2026.pdf,
HON'BLE MR. JUSTICE SANDEEP MEHTA,SUPREME_COURT,2026,C.A. No.-000077 - 2026,MONTY GOYALVSNAVRANG SINGH,National,Principal,,,COMPLETED,75503/2025,DISHA SINGH- 3175 __,HON'BLE MR. JUSTICE VIKRAM NATH,2026-01-29,393,https://api.sci.gov.in/supremecourt/2025/75503/75503_2025_2_1502_68048_Judgement_29-Jan-2026.pdf,2026 INSC 94(English),https://api.sci.gov.in/supremecourt/2025/75503/75503_2025_2_1502_68048_Judgement_29-Jan-2026.pdf,
HON'BLE MR. JUSTICE SANDEEP MEHTA,SUPREME_COURT,2026,Crl.A. No.-001097-001097 - 2026,BHAGABAN GANTYAYATVSTHE STATE OF ORISSA,National,Principal,,,COMPLETED,1158/2021,NIKILESH RAMACHANDRAN- 1406 __,HON'BLE MR. JUSTICE SANDEEP MEHTA,2026-02-13,1869,https://api.sci.gov.in/supremecourt/2021/1158/1158_2021_2_23_68370_Judgement_13-Feb-2026.pdf,2026 INSC 183(English),https://api.sci.gov.in/supremecourt/2021/1158/1158_2021_2_23_68370_Judgement_13-Feb-2026.pdf,
HON'BLE MR. JUSTICE SANDEEP MEHTA,SUPREME_COURT,2012,Crl.A. No.-001000-001000 - 2012,AMAD NOORMAMAD BAKALIVSTHE STATE OF GUJARAT,National,Principal,,,COMPLETED,3229/2011,RAVI PANWAR- 2492 __ SWATI GHILDIYAL- 3169,HON'BLE MR. JUSTICE VIKRAM NATH,2026-02-23,5532,https://api.sci.gov.in/supremecourt/2011/3229/3229_2011_2_1502_68779_Judgement_23-Feb-2026.pdf,2026 INSC 180(English),https://api.sci.gov.in/supremecourt/2011/3229/3229_2011_2_1502_68779_Judgement_23-Feb-2026.pdf,
HON'BLE MR. JUSTICE SANDEEP MEHTA,SUPREME_COURT,2026,C.A. No.-002331-002331 - 2026,HARBINDER SINGH SEKHONVSTHE STATE OF PUNJAB,National,Principal,,,COMPLETED,13132/2024,PURUSHOTTAM SHARMA TRIPATHI- 1903 __,HON'BLE MR. JUSTICE VIKRAM NATH,2026-02-13,774,https://api.sci.gov.in/supremecourt/2024/13132/13132_2024_2_1501_68370_Judgement_13-Feb-2026.pdf,2026 INSC 159(English),https://api.sci.gov.in/supremecourt/2024/13132/13132_2024_2_1501_68370_Judgement_13-Feb-2026.pdf,
HON'BLE MR. JUSTICE SANDEEP MEHTA,SUPREME_COURT,2026,Crl.A. No.-001100-001100 - 2026,SHOBHA NAMDEV SONAVANEVSSAMADHAN BAJIRAO SONVANE,National,Principal,,,COMPLETED,18427/2023,R. R. DESHPANDE- 1678 __,HON'BLE MR. JUSTICE VIKRAM NATH,2026-02-23,1149,https://api.sci.gov.in/supremecourt/2023/18427/18427_2023_2_1503_68779_Judgement_23-Feb-2026.pdf,2026 INSC 181(English),https://api.sci.gov.in/supremecourt/2023/18427/18427_2023_2_1503_68779_Judgement_23-Feb-2026.pdf,
HON'BLE MR. JUSTICE SANDEEP MEHTA,SUPREME_COURT,2018,ORGNL.SUIT No.-000001 - 2018,THE STATE OF TAMIL NADUVSTHE STATE OF KARNATAKA,National,Principal,,,COMPLETED,19836/2018,MISHA ROHATGI- 2603 __,HON'BLE MR. JUSTICE VIKRAM NATH,2026-02-02,2954,https://api.sci.gov.in/supremecourt/2018/19836/19836_2018_2_1501_67891_Judgement_02-Feb-2026.pdf,2026 INSC 113(English),https://api.sci.gov.in/supremecourt/2018/19836/19836_2018_2_1501_67891_Judgement_02-Feb-2026.pdf,
HON'BLE MR. JUSTICE SANDEEP MEHTA,SUPREME_COURT,2020,W.P.(C) No.-001082 - 2020,SUHAS CHAKMAVSUNION OF INDIA,National,Principal,,,COMPLETED,19935/2020,SATISH PANDEY- 2834 __,HON'BLE MR. JUSTICE SANDEEP MEHTA,2026-02-26,2248,https://api.sci.gov.in/supremecourt/2020/19935/19935_2020_2_1501_69030_Judgement_26-Feb-2026.pdf,2026 INSC 198(English),https://api.sci.gov.in/supremecourt/2020/19935/19935_2020_2_1501_69030_Judgement_26-Feb-2026.pdf,
HON'BLE MR. JUSTICE SANDEEP MEHTA,SUPREME_COURT,2011,Crl.A. No.-001837-001838 - 2011,SITARAM KUCHHBEDIAVSVIMAL RANA .,National,Principal,,,COMPLETED,29672/2010,SONAL JAIN- 1865 __,HON'BLE MR. JUSTICE VIKRAM NATH,2026-02-23,5897,https://api.sci.gov.in/supremecourt/2010/29672/29672_2010_2_1501_68779_Judgement_23-Feb-2026.pdf,2026 INSC 178(English),https://api.sci.gov.in/supremecourt/2010/29672/29672_2010_2_1501_68779_Judgement_23-Feb-2026.pdf,
HON'BLE MR. JUSTICE SANDEEP MEHTA,SUPREME_COURT,2026,C.A. No.-000691-000691 - 2026,SANDEEP SINGH BORAVSNARENDRA SINGH DEOPA,National,Principal,,,COMPLETED,39368/2025,S. K. VERMA- 675 __,HON'BLE MR. JUSTICE VIKRAM NATH,2026-02-02,397,https://api.sci.gov.in/supremecourt/2025/39368/39368_2025_2_1502_67891_Judgement_02-Feb-2026.pdf,2026 INSC 105(English),https://api.sci.gov.in/supremecourt/2025/39368/39368_2025_2_1502_67891_Judgement_02-Feb-2026.pdf,
HON'BLE MR. JUSTICE SANDEEP MEHTA,SUPREME_COURT,2026,C.A. No.-000795-000795 - 2026,SHASHIN PATELVSUDAY DALAL,National,Principal,,,COMPLETED,70907/2025,TUSHITA GHOSH- 2940 __,HON'BLE MR. JUSTICE VIKRAM NATH,2026-02-05,400,https://api.sci.gov.in/supremecourt/2025/70907/70907_2025_2_1501_68241_Judgement_05-Feb-2026.pdf,2026 INSC 125(English),https://api.sci.gov.in/supremecourt/2025/70907/70907_2025_2_1501_68241_Judgement_05-Feb-2026.pdf,
HON'BLE MR. JUSTICE SANDEEP MEHTA,SUPREME_COURT,2026,SLP(C) No.-003528 - 2026,BASANTI SAHOOVSRAMADEBI ROUTRAY,National,Principal,,,COMPLETED,3409/2026,KEDAR NATH TRIPATHY- 1749 __,HON'BLE MR. JUSTICE SANDEEP MEHTA,2026-03-10,68,https://api.sci.gov.in/supremecourt/2026/3409/3409_2026_2_25_69143_Judgement_10-Mar-2026.pdf,2026 INSC 243(English),https://api.sci.gov.in/supremecourt/2026/3409/3409_2026_2_25_69143_Judgement_10-Mar-2026.pdf,
HON'BLE MR. JUSTICE SANDEEP MEHTA,SUPREME_COURT,2026,C.A. No.-003332-003332 - 2026,ABHISHEK SHARMAVSTHE STATE OF JAMMU AND KASHMIR,National,Principal,,,COMPLETED,9371/2023,ANILENDRA PANDEY- 2501 __,HON'BLE MR. JUSTICE VIKRAM NATH,2026-03-09,1163,https://api.sci.gov.in/supremecourt/2023/9371/9371_2023_2_1503_69088_Judgement_09-Mar-2026.pdf,2026 INSC 220(English),https://api.sci.gov.in/supremecourt/2023/9371/9371_2023_2_1503_69088_Judgement_09-Mar-2026.pdf,
HON'BLE MR. JUSTICE SANDEEP MEHTA,SUPREME_COURT,2026,W.P.(Crl.) No.-000109-000109 - 2026,VISHVJEETVSSTATE OF UTTAR PRADESH,National,Principal,,,COMPLETED,9449/2026,SIDDHARTHA SINHA- 3206 __,HON'BLE MR. JUSTICE SANDEEP MEHTA,2026-03-17,75,https://api.sci.gov.in/supremecourt/2026/9449/9449_2026_2_40_69381_Judgement_17-Mar-2026.pdf,2026 INSC 254(English),https://api.sci.gov.in/supremecourt/2026/9449/9449_2026_2_40_69381_Judgement_17-Mar-2026.pdf,
HON'BLE MR. JUSTICE SANDEEP MEHTA,SUPREME_COURT,2026,Crl.A. No.-001432-001432 - 2026,SHARLA BAZLIELVSBALDEV THAKUR,National,Principal,,,COMPLETED,10403/2024,PRAGYA BAGHEL- 1841 __,HON'BLE MR. JUSTICE SANDEEP MEHTA,2026-03-17,806,https://api.sci.gov.in/supremecourt/2024/10403/10403_2024_2_1501_69381_Judgement_17-Mar-2026.pdf,2026 INSC 252(English),https://api.sci.gov.in/supremecourt/2024/10403/10403_2024_2_1501_69381_Judgement_17-Mar-2026.pdf,
HON'BLE MR. JUSTICE SANDEEP MEHTA,SUPREME_COURT,2011,C.A. No.-005168-005169 - 2011,GOBIND SINGH .VSUNION OF INDIA .,National,Principal,,,COMPLETED,10521/2011,KUNAL VERMA- 1724 __,HON'BLE MR. JUSTICE VIKRAM NATH,2026-03-09,5546,https://api.sci.gov.in/supremecourt/2011/10521/10521_2011_2_1501_69088_Judgement_09-Mar-2026.pdf,2026 INSC 211(English),https://api.sci.gov.in/supremecourt/2011/10521/10521_2011_2_1501_69088_Judgement_09-Mar-2026.pdf,
HON'BLE MR. JUSTICE SANDEEP MEHTA,SUPREME_COURT,2025,C.A. No.-013581-013581 - 2025,ANURAG KRISHNA SINHAVSSTATE OF BIHAR,National,Principal,,,COMPLETED,11052/2024,ROHINI PRASAD- 3083 __,HON'BLE MR. JUSTICE VIKRAM NATH,2026-03-10,799,https://api.sci.gov.in/supremecourt/2024/11052/11052_2024_2_1502_69143_Judgement_10-Mar-2026.pdf,2026 INSC 219(English),https://api.sci.gov.in/supremecourt/2024/11052/11052_2024_2_1502_69143_Judgement_10-Mar-2026.pdf,
HON'BLE MR. JUSTICE SANDEEP MEHTA,SUPREME_COURT,2024,C.A. No.-000868-000868 - 2024,PRABHU KUMARVSTHE STATE OF HIMACHAL PRADESH,National,Principal,,,COMPLETED,18801/2021,BIJU P RAMAN- 2211 __,HON'BLE MR. JUSTICE SANDEEP MEHTA,2026-03-11,1895,https://api.sci.gov.in/supremecourt/2021/18801/18801_2021_2_101_69235_Judgement_11-Mar-2026.pdf,2026 INSC 253(English),https://api.sci.gov.in/supremecourt/2021/18801/18801_2021_2_101_69235_Judgement_11-Mar-2026.pdf,
HON'BLE MR. JUSTICE SANDEEP MEHTA,SUPREME_COURT,2021,W.P.(C) No.-001220 - 2021,RACHANA GANGUVSUNION OF INDIA,National,Principal,,,COMPLETED,26424/2021,SATYA MITRA- 1852 __,HON'BLE MR. JUSTICE VIKRAM NATH,2026-03-10,1894,https://api.sci.gov.in/supremecourt/2021/26424/26424_2021_2_1501_69143_Judgement_10-Mar-2026.pdf,2026 INSC 218(English),https://api.sci.gov.in/supremecourt/2021/26424/26424_2021_2_1501_69143_Judgement_10-Mar-2026.pdf,
HON'BLE MR. JUSTICE SANDEEP MEHTA,SUPREME_COURT,2025,MA-001256 - 2025,M/S LAMBA EXPORTS PVT. LTD.VSM/S DHIR GLOBAL INDUSTRIES PVT. LTD.,National,Principal,,,COMPLETED,30035/2025,VARUN PUNIA- 2345 __,HON'BLE MR. JUSTICE VIKRAM NATH,2026-03-23,446,https://api.sci.gov.in/supremecourt/2025/30035/30035_2025_2_1501_69545_Judgement_23-Mar-2026.pdf,2026 INSC 275(English),https://api.sci.gov.in/supremecourt/2025/30035/30035_2025_2_1501_69545_Judgement_23-Mar-2026.pdf,
HON'BLE MR. JUSTICE SANDEEP MEHTA,SUPREME_COURT,2026,C.A. No.-003543-003543 - 2026,R. HALLEVSRELIANCE GENERAL INSURANCE COMPANY LIMITED,National,Principal,,,COMPLETED,37186/2023,RAGHUNATHA SETHUPATHY B- 3238 __,HON'BLE MR. JUSTICE VIKRAM NATH,2026-03-18,1172,https://api.sci.gov.in/supremecourt/2023/37186/37186_2023_2_1501_69414_Judgement_18-Mar-2026.pdf,2026 INSC 260(English),https://api.sci.gov.in/supremecourt/2023/37186/37186_2023_2_1501_69414_Judgement_18-Mar-2026.pdf,
HON'BLE MR. JUSTICE SANDEEP MEHTA,SUPREME_COURT,2026,C.A. No.-003348-003348 - 2026,SUDHANSHU KARDAMVSCOMPTROLLER AND AUDITOR GENERAL OF INDIA,National,Principal,,,COMPLETED,43728/2025,AYYAM PERUMAL KARTHIK M.- 4174 __,HON'BLE MR. JUSTICE VIKRAM NATH,2026-03-12,435,https://api.sci.gov.in/supremecourt/2025/43728/43728_2025_2_1501_69236_Judgement_12-Mar-2026.pdf,2026 INSC 232(English),https://api.sci.gov.in/supremecourt/2025/43728/43728_2025_2_1501_69236_Judgement_12-Mar-2026.pdf,
HON'BLE MR. JUSTICE SANDEEP MEHTA,SUPREME_COURT,2026,Crl.A. No.-001234-001234 - 2026,DR. SUSHIL KUMAR PURBEYVSTHE STATE OF BIHAR,National,Principal,,,COMPLETED,52848/2023,ROHIT KUMAR SINGH- 3128 __,HON'BLE MR. JUSTICE VIKRAM NATH,2026-03-09,1163,https://api.sci.gov.in/supremecourt/2023/52848/52848_2023_2_1504_69088_Judgement_09-Mar-2026.pdf,2026 INSC 212(English),https://api.sci.gov.in/supremecourt/2023/52848/52848_2023_2_1504_69088_Judgement_09-Mar-2026.pdf,
HON'BLE MR. JUSTICE SANDEEP MEHTA,SUPREME_COURT,2025,SMW(C) No.-000008-000008 - 2025,"IN RE: 2 MILLION LIVES AT RISK, CONTAMINATION IN JOJARI RIVER, RAJASTHAN",National,Principal,,,COMPLETED,53967/2025,BY COURTS MOTION __,HON'BLE MR. JUSTICE VIKRAM NATH,2026-03-18,441,https://api.sci.gov.in/supremecourt/2025/53967/53967_2025_2_35_69419_Judgement_18-Mar-2026.pdf,2026 INSC 316(English),https://api.sci.gov.in/supremecourt/2025/53967/53967_2025_2_35_69419_Judgement_18-Mar-2026.pdf,
HON'BLE MR. JUSTICE SANDEEP MEHTA,SUPREME_COURT,2026,C.A. No.-003689-003689 - 2026,STATE OF KARNATAKAVSSANTHOSH KUMAR C,National,Principal,,,COMPLETED,65873/2025,SANCHIT GARGA- 2748 __,HON'BLE MR. JUSTICE VIKRAM NATH,2026-03-23,446,https://api.sci.gov.in/supremecourt/2025/65873/65873_2025_2_1502_69545_Judgement_23-Mar-2026.pdf,2026 INSC 276(English),https://api.sci.gov.in/supremecourt/2025/65873/65873_2025_2_1502_69545_Judgement_23-Mar-2026.pdf,
HON'BLE MR. JUSTICE SANDEEP MEHTA,SUPREME_COURT,2026,Crl.A. No.-001266-001266 - 2026,POORANMALVSTHE STATE OF RAJASTHAN,National,Principal,,,COMPLETED,74821/2025,RANJEETA ROHATGI- 1723 __,HON'BLE MR. JUSTICE SANDEEP MEHTA,2026-03-10,433,https://api.sci.gov.in/supremecourt/2025/74821/74821_2025_2_1503_69143_Judgement_10-Mar-2026.pdf,2026 INSC 217(English),https://api.sci.gov.in/supremecourt/2025/74821/74821_2025_2_1503_69143_Judgement_10-Mar-2026.pdf,
HON'BLE MR. JUSTICE SANDEEP MEHTA,SUPREME_COURT,2026,Crl.A. No.-001922-001922 - 2026,ANOSH EKKAVSSTATE THROUGH CENTRAL BUREAU OF INVESTIGATION,National,Principal,,,COMPLETED,1078/2026,NIKHIL JAIN- 1714 __,HON'BLE MR. JUSTICE SANDEEP MEHTA,2026-04-13,102,https://api.sci.gov.in/supremecourt/2026/1078/1078_2026_2_1502_70045_Judgement_13-Apr-2026.pdf,2026 INSC 357(English),https://api.sci.gov.in/supremecourt/2026/1078/1078_2026_2_1502_70045_Judgement_13-Apr-2026.pdf,
HON'BLE MR. JUSTICE SANDEEP MEHTA,SUPREME_COURT,2024,W.P.(C) No.-000054 - 2024,SAVE MON REGION FEDERATIONVSTHE STATE OF ARUNACHAL PRADESH,National,Principal,,,COMPLETED,2279/2024,PRASHANT BHUSHAN- 515 __,HON'BLE MR. JUSTICE VIKRAM NATH,2026-04-06,826,https://api.sci.gov.in/supremecourt/2024/2279/2279_2024_2_1501_69768_Judgement_06-Apr-2026.pdf,2026 INSC 320(English),https://api.sci.gov.in/supremecourt/2024/2279/2279_2024_2_1501_69768_Judgement_06-Apr-2026.pdf,
HON'BLE MR. JUSTICE SANDEEP MEHTA,SUPREME_COURT,1998,W.P.(C) No.-000116-000116 - 1998,JUSTICE SUNANDA BHANDARE FOUNDATIONVSU.O.I.,National,Principal,,,COMPLETED,2844/1998,AMBAR QAMARUDDIN- 1438 __ PRASHANT KUMAR,HON'BLE MR. JUSTICE VIKRAM NATH,2026-04-28,10344,https://api.sci.gov.in/supremecourt/1998/2844/2844_1998_2_31_70584_Judgement_28-Apr-2026.pdf,2026 INSC 441(English),https://api.sci.gov.in/supremecourt/1998/2844/2844_1998_2_31_70584_Judgement_28-Apr-2026.pdf,
HON'BLE MR. JUSTICE SANDEEP MEHTA,SUPREME_COURT,2026,C.A. No.-006825-006825 - 2026,R.IYYAPPANVSUNION OF INDIA,National,Principal,,,COMPLETED,6072/2025,PRANAV SACHDEVA- 2259 __,HON'BLE MR. JUSTICE VIKRAM NATH,2026-04-29,483,https://api.sci.gov.in/supremecourt/2025/6072/6072_2025_2_1501_70707_Judgement_29-Apr-2026.pdf,2026 INSC 431(English),https://api.sci.gov.in/supremecourt/2025/6072/6072_2025_2_1501_70707_Judgement_29-Apr-2026.pdf,
HON'BLE MR. JUSTICE SANDEEP MEHTA,SUPREME_COURT,2025,W.P.(C) No.-000182-000182 - 2025,SATHYAN NARAVOORVSUNION OF INDIA,National,Principal,,,COMPLETED,7842/2025,MOHAMMED SADIQUE T.A.- 2225 __,HON'BLE MR. JUSTICE VIKRAM NATH,2026-04-21,475,https://api.sci.gov.in/supremecourt/2025/7842/7842_2025_2_1501_70328_Judgement_21-Apr-2026.pdf,2026 INSC 397(English),https://api.sci.gov.in/supremecourt/2025/7842/7842_2025_2_1501_70328_Judgement_21-Apr-2026.pdf,
HON'BLE MR. JUSTICE SANDEEP MEHTA,SUPREME_COURT,2026,C.A. No.-004318-004319 - 2026,M/S CHOPRA HOTELS PRIVATE LIMITEDVSHARBINDER SINGH SEKHON,National,Principal,,,COMPLETED,13930/2026,E. C. AGRAWALA- 177 __,HON'BLE MR. JUSTICE VIKRAM NATH,2026-04-08,97,https://api.sci.gov.in/supremecourt/2026/13930/13930_2026_2_1501_69873_Judgement_08-Apr-2026.pdf,2026 INSC 335(English),https://api.sci.gov.in/supremecourt/2026/13930/13930_2026_2_1501_69873_Judgement_08-Apr-2026.pdf,
HON'BLE MR. JUSTICE SANDEEP MEHTA,SUPREME_COURT,2026,SMW(C) No.-000002-000002 - 2026,IN RE: ILLEGAL SAND MINING IN THE NATIONAL CHAMBAL SANCTUARY AND THREAT TO ENDANGERED AQUATIC WILDLIFEVSTHE STATE OF RAJASTHAN,National,Principal,,,COMPLETED,15656/2026,BY COURTS MOTION __,HON'BLE MR. JUSTICE SANDEEP MEHTA,2026-04-17,106,https://api.sci.gov.in/supremecourt/2026/15656/15656_2026_2_1501_70319_Judgement_17-Apr-2026.pdf,2026 INSC 380(English),https://api.sci.gov.in/supremecourt/2026/15656/15656_2026_2_1501_70319_Judgement_17-Apr-2026.pdf,
HON'BLE MR. JUSTICE SANDEEP MEHTA,SUPREME_COURT,2015,W.P.(C) No.-000392-000392 - 2015,"BHARTIYA MAZDOOR SANGH, UTTAR PRADESH AND ANOTHERVSTHE STATE OF UTTAR PRADESH",National,Principal,,,COMPLETED,19639/2015,SATYA MITRA- 1852 __,HON'BLE MR. JUSTICE RAJESH BINDAL,2026-04-15,4122,https://api.sci.gov.in/supremecourt/2015/19639/19639_2015_2_1501_70164_Judgement_15-Apr-2026.pdf,2026 INSC 364(English),https://api.sci.gov.in/supremecourt/2015/19639/19639_2015_2_1501_70164_Judgement_15-Apr-2026.pdf,
HON'BLE MR. JUSTICE SANDEEP MEHTA,SUPREME_COURT,2021,W.P.(C) No.-000943 - 2021,ASHWINI KUMAR UPADHYAYVSUNION OF INDIA,National,Principal,,,COMPLETED,19991/2021,ASHWANI KUMAR DUBEY- 1797 __,HON'BLE MR. JUSTICE VIKRAM NATH,2026-04-29,1944,https://api.sci.gov.in/supremecourt/2021/19991/19991_2021_2_1502_70707_Judgement_29-Apr-2026.pdf,2026 INSC 432(English),https://api.sci.gov.in/supremecourt/2021/19991/19991_2021_2_1502_70707_Judgement_29-Apr-2026.pdf,
HON'BLE MR. JUSTICE SANDEEP MEHTA,SUPREME_COURT,2026,Crl.A. No.-001927-001929 - 2026,ACCAMMA SAM JACOBVSTHE STATE OF KARNATAKA,National,Principal,,,COMPLETED,20175/2022,SRIHARSH NAHUSH BUNDELA- 3801 __,HON'BLE MR. JUSTICE SANDEEP MEHTA,2026-04-13,1563,https://api.sci.gov.in/supremecourt/2022/20175/20175_2022_2_1501_70045_Judgement_13-Apr-2026.pdf,2026 INSC 362(English),https://api.sci.gov.in/supremecourt/2022/20175/20175_2022_2_1501_70045_Judgement_13-Apr-2026.pdf,
HON'BLE MR. JUSTICE SANDEEP MEHTA,SUPREME_COURT,2025,SLP(C) No.-013374-013375 - 2025,NEW DELHI NATURE SOCIETYVSDIRECTOR HORTICULTURE,National,Principal,,,COMPLETED,20272/2025,RUKHSANA CHOUDHURY- 1545 __,HON'BLE MR. JUSTICE SANDEEP MEHTA,2026-04-27,481,https://api.sci.gov.in/supremecourt/2025/20272/20272_2025_2_1501_70530_Judgement_27-Apr-2026.pdf,2026 INSC 419(English),https://api.sci.gov.in/supremecourt/2025/20272/20272_2025_2_1501_70530_Judgement_27-Apr-2026.pdf,
HON'BLE MR. JUSTICE SANDEEP MEHTA,SUPREME_COURT,2026,Crl.A. No.-002351-002352 - 2026,AMAN SINGHVSTHE STATE OF BIHAR,National,Principal,,,COMPLETED,24574/2026,RAVI SHARMA- 3026 __,HON'BLE MR. JUSTICE SANDEEP MEHTA,2026-04-27,116,https://api.sci.gov.in/supremecourt/2026/24574/24574_2026_2_301_70717_Judgement_27-Apr-2026.pdf,2026 INSC 424(English),https://api.sci.gov.in/supremecourt/2026/24574/24574_2026_2_301_70717_Judgement_27-Apr-2026.pdf,
HON'BLE MR. JUSTICE SANDEEP MEHTA,SUPREME_COURT,2026,Crl.A. No.-001774-001774 - 2026,SAJAL BOSEVSTHE STATE OF WEST BENGAL,National,Principal,,,COMPLETED,25536/2024,KHAITAN & CO.- 1509 __,HON'BLE MR. JUSTICE VIKRAM NATH,2026-04-06,826,https://api.sci.gov.in/supremecourt/2024/25536/25536_2024_2_1503_69768_Judgement_06-Apr-2026.pdf,2026 INSC 322(English),https://api.sci.gov.in/supremecourt/2024/25536/25536_2024_2_1503_69768_Judgement_06-Apr-2026.pdf,
HON'BLE MR. JUSTICE SANDEEP MEHTA,SUPREME_COURT,2026,C.A. No.-004604-004604 - 2026,PAWAN GARGVSSOUTH DELHI MUNICIPAL CORPORATION,National,Principal,,,COMPLETED,26801/2019,SAURABH AJAY GUPTA- 1827 __,HON'BLE MR. JUSTICE VIKRAM NATH,2026-04-20,2666,https://api.sci.gov.in/supremecourt/2019/26801/26801_2019_2_1501_70286_Judgement_20-Apr-2026.pdf,2026 INSC 389(English),https://api.sci.gov.in/supremecourt/2019/26801/26801_2019_2_1501_70286_Judgement_20-Apr-2026.pdf,
HON'BLE MR. JUSTICE SANDEEP MEHTA,SUPREME_COURT,2026,C.A. No.-004391-004391 - 2026,MAMTA DEVIVSSANJAY KUMAR,National,Principal,,,COMPLETED,27116/2024,GAUTAM JHA- 1980 __,HON'BLE MR. JUSTICE VIKRAM NATH,2026-04-10,830,https://api.sci.gov.in/supremecourt/2024/27116/27116_2024_2_1501_69986_Judgement_10-Apr-2026.pdf,2026 INSC 346(English),https://api.sci.gov.in/supremecourt/2024/27116/27116_2024_2_1501_69986_Judgement_10-Apr-2026.pdf,
HON'BLE MR. JUSTICE SANDEEP MEHTA,SUPREME_COURT,2026,Crl.A. No.-002269-002269 - 2026,MD. ARIZ HASNAIN @ ARIZ HASNAINVSSTATE OF JHARKHAND,National,Principal,,,COMPLETED,28503/2025,MEHAAK JAGGI- 3215 __,HON'BLE MR. JUSTICE VIKRAM NATH,2026-04-30,484,https://api.sci.gov.in/supremecourt/2025/28503/28503_2025_2_39_70688_Judgement_30-Apr-2026.pdf,2026 INSC 456(English),https://api.sci.gov.in/supremecourt/2025/28503/28503_2025_2_39_70688_Judgement_30-Apr-2026.pdf,
HON'BLE MR. JUSTICE SANDEEP MEHTA,SUPREME_COURT,2011,C.A. No.-001944-001944 - 2011,M/S. PIAGGIO VEHICLES PVT.LTD.VSTHE STATE OF UTTAR PRADESH,National,Principal,,,COMPLETED,32173/2009,__,HON'BLE MR. JUSTICE VIKRAM NATH,2026-04-06,6304,https://api.sci.gov.in/supremecourt/2009/32173/32173_2009_2_1502_69768_Judgement_06-Apr-2026.pdf,2026 INSC 321(English),https://api.sci.gov.in/supremecourt/2009/32173/32173_2009_2_1502_69768_Judgement_06-Apr-2026.pdf,
HON'BLE MR. JUSTICE SANDEEP MEHTA,SUPREME_COURT,2011,C.A. No.-001245-001245 - 2011,"KISHAN CHAND (DEAD) THROUGH LRSVSGAUTAM GAUR HITKARAK SABHA, KOTA .",National,Principal,,,COMPLETED,32262/2007,PRATIBHA JAIN- 518 __ AJAY CHOUDHARY- 1342,HON'BLE MR. JUSTICE VIKRAM NATH,2026-04-09,7038,https://api.sci.gov.in/supremecourt/2007/32262/32262_2007_2_106_69874_Judgement_09-Apr-2026.pdf,2026 INSC 448(English),https://api.sci.gov.in/supremecourt/2007/32262/32262_2007_2_106_69874_Judgement_09-Apr-2026.pdf,
HON'BLE MR. JUSTICE SANDEEP MEHTA,SUPREME_COURT,2026,Crl.A. No.-002066-002066 - 2026,S. ANANDVSSTATE OF TAMILNADU (REPRESENTED BY THE INSPECTOR OF POLICE),National,Principal,,,COMPLETED,40219/2022,MOHD FARAZ ANEES- 3720 __,HON'BLE MR. JUSTICE VIKRAM NATH,2026-04-21,1571,https://api.sci.gov.in/supremecourt/2022/40219/40219_2022_2_24_70328_Judgement_21-Apr-2026.pdf,2026 INSC 418(English),https://api.sci.gov.in/supremecourt/2022/40219/40219_2022_2_24_70328_Judgement_21-Apr-2026.pdf,
HON'BLE MR. JUSTICE SANDEEP MEHTA,SUPREME_COURT,2026,C.A. No.-004444-004444 - 2026,NEHA SANDEEP TODIVSSANDEEP KHEMRAJ TODI,National,Principal,,,COMPLETED,50168/2024,VACHHER AND AGRUD- 2841 __,HON'BLE MR. JUSTICE SANDEEP MEHTA,2026-04-07,827,https://api.sci.gov.in/supremecourt/2024/50168/50168_2024_2_1501_69825_Judgement_07-Apr-2026.pdf,2026 INSC 334(English),https://api.sci.gov.in/supremecourt/2024/50168/50168_2024_2_1501_69825_Judgement_07-Apr-2026.pdf,
HON'BLE MR. JUSTICE SANDEEP MEHTA,SUPREME_COURT,2026,C.A. No.-004167-004167 - 2026,J. SRI NISHAVSTHE SPECIAL DIRECTOR,National,Principal,,,COMPLETED,54899/2024,E. SUDARSANAN- 3837 __,HON'BLE MR. JUSTICE VIKRAM NATH,2026-04-01,821,https://api.sci.gov.in/supremecourt/2024/54899/54899_2024_2_1501_69599_Judgement_01-Apr-2026.pdf,2026 INSC 309(English),https://api.sci.gov.in/supremecourt/2024/54899/54899_2024_2_1501_69599_Judgement_01-Apr-2026.pdf,
HON'BLE MR. JUSTICE SANDEEP MEHTA,SUPREME_COURT,2025,Crl.A. No.-005673-005674 - 2025,NILESH C OJHAVSHIGH COURT OF JUDICATURE AT BOMBAY,National,Principal,,,COMPLETED,64987/2025,PREM SUNDER JHA- 516 __,HON'BLE MR. JUSTICE VIKRAM NATH,2026-04-20,474,https://api.sci.gov.in/supremecourt/2025/64987/64987_2025_2_1502_70286_Judgement_20-Apr-2026.pdf,2026 INSC 390(English),https://api.sci.gov.in/supremecourt/2025/64987/64987_2025_2_1502_70286_Judgement_20-Apr-2026.pdf,
HON'BLE MR. JUSTICE SANDEEP MEHTA,SUPREME_COURT,2025,C.A. No.-006395-006397 - 2025,A JOHN KENNEDYVSSTATE OF TAMIL NADU,National,Principal,,,COMPLETED,531/2025,PRASANNA S.- 2919 __,HON'BLE MR. JUSTICE VIKRAM NATH,2026-05-29,513,https://api.sci.gov.in/supremecourt/2025/531/531_2025_2_76_71632_Judgement_29-May-2026.pdf,2026 INSC 605(English),https://api.sci.gov.in/supremecourt/2025/531/531_2025_2_76_71632_Judgement_29-May-2026.pdf,
HON'BLE MR. JUSTICE SANDEEP MEHTA,SUPREME_COURT,2026,C.A. No.-007458-007458 - 2026,PADAM MEHTAVSTHE STATE OF RAJASTHAN,National,Principal,,,COMPLETED,1090/2025,D. K. DEVESH- 2275 __,HON'BLE MR. JUSTICE VIKRAM NATH,2026-05-12,496,https://api.sci.gov.in/supremecourt/2025/1090/1090_2025_2_1502_71114_Judgement_12-May-2026.pdf,2026 INSC 476(English),https://api.sci.gov.in/supremecourt/2025/1090/1090_2025_2_1502_71114_Judgement_12-May-2026.pdf,
HON'BLE MR. JUSTICE SANDEEP MEHTA,SUPREME_COURT,2026,C.A. No.-008144-008144 - 2026,RAJ KUMAR DAS (D) THR. LRS.VSNATIONAL INSURANCE CO. LTD.,National,Principal,,,COMPLETED,6457/2023,CHAND QURESHI- 3063 __,HON'BLE MR. JUSTICE VIKRAM NATH,2026-05-25,1240,https://api.sci.gov.in/supremecourt/2023/6457/6457_2023_2_1501_71492_Judgement_25-May-2026.pdf,2026 INSC 541(English),https://api.sci.gov.in/supremecourt/2023/6457/6457_2023_2_1501_71492_Judgement_25-May-2026.pdf,
HON'BLE MR. JUSTICE SANDEEP MEHTA,SUPREME_COURT,2018,Crl.A. No.-001342-001343 - 2018,MEHTABVSTHE STATE OF UTTARAKHAND,National,Principal,,,COMPLETED,22194/2018,N. ANNAPOORANI- 1142 __,HON'BLE MR. JUSTICE SANDEEP MEHTA,2026-05-27,3068,https://api.sci.gov.in/supremecourt/2018/22194/22194_2018_2_1503_71618_Judgement_27-May-2026.pdf,2026 INSC 578(English),https://api.sci.gov.in/supremecourt/2018/22194/22194_2018_2_1503_71618_Judgement_27-May-2026.pdf,
HON'BLE MR. JUSTICE SANDEEP MEHTA,SUPREME_COURT,2022,C.A. No.-004974 - 2022,AMAZON.COM NV INVESTMENT HOLDINGS LLCVSCOMPETITION COMMISSION OF INDIA,National,Principal,,,COMPLETED,22360/2022,KUNAL CHATTERJI- 1811 __,HON'BLE MR. JUSTICE VIKRAM NATH,2026-05-27,1607,https://api.sci.gov.in/supremecourt/2022/22360/22360_2022_2_1501_71618_Judgement_27-May-2026.pdf,2026 INSC 576(English),https://api.sci.gov.in/supremecourt/2022/22360/22360_2022_2_1501_71618_Judgement_27-May-2026.pdf,
HON'BLE MR. JUSTICE SANDEEP MEHTA,SUPREME_COURT,2019,Crl.A. No.-000491-000492 - 2019,SHAHJAD ALI@ALI UR REHMANVSTHE STATE OF UTTARAKHAND,National,Principal,,,COMPLETED,25480/2018,SANJAY KUMAR DUBEY- 2228 __,HON'BLE MR. JUSTICE SANDEEP MEHTA,2026-05-06,3047,https://api.sci.gov.in/supremecourt/2018/25480/25480_2018_2_31_70872_Judgement_06-May-2026.pdf,2026 INSC 557(English),https://api.sci.gov.in/supremecourt/2018/25480/25480_2018_2_31_70872_Judgement_06-May-2026.pdf,
HON'BLE MR. JUSTICE SANDEEP MEHTA,SUPREME_COURT,2022,W.P.(C) No.-000932 - 2022,BIHAR STATE ARDH SARKARI ARAJPATI KARAMCHARI MAHA SANGHVSSTATE OF BIHAR,National,Principal,,,COMPLETED,27653/2022,AMAN MOHIT HINGORANI __,HON'BLE MR. JUSTICE SANDEEP MEHTA,2026-05-29,1609,https://api.sci.gov.in/supremecourt/2022/27653/27653_2022_2_54_71632_Judgement_29-May-2026.pdf,2026 INSC 607(English),https://api.sci.gov.in/supremecourt/2022/27653/27653_2022_2_54_71632_Judgement_29-May-2026.pdf,
HON'BLE MR. JUSTICE SANDEEP MEHTA,SUPREME_COURT,2025,C.A. No.-004514-004514 - 2025,SUKHENDU BHATTACHARJEEVSTHE STATE OF ASSAM,National,Principal,,,COMPLETED,28163/2017,GAUTAM TALUKDAR- 2063 __,HON'BLE MR. JUSTICE VIKRAM NATH,2026-05-21,3427,https://api.sci.gov.in/supremecourt/2017/28163/28163_2017_2_1501_71532_Judgement_21-May-2026.pdf,2026 INSC 523(English),https://api.sci.gov.in/supremecourt/2017/28163/28163_2017_2_1501_71532_Judgement_21-May-2026.pdf,
HON'BLE MR. JUSTICE SANDEEP MEHTA,SUPREME_COURT,2026,C.A. No.-008205-008205 - 2026,HINDUSTAN MEDICAL INSTITUTIONVSBIRLA CORPORATION LIMITED,National,Principal,,,COMPLETED,35072/2022,ROHIT AMIT STHALEKAR- 2621 __,HON'BLE MR. JUSTICE VIKRAM NATH,2026-05-26,1606,https://api.sci.gov.in/supremecourt/2022/35072/35072_2022_2_1501_71557_Judgement_26-May-2026.pdf,2026 INSC 554(English),https://api.sci.gov.in/supremecourt/2022/35072/35072_2022_2_1501_71557_Judgement_26-May-2026.pdf,
HON'BLE MR. JUSTICE SANDEEP MEHTA,SUPREME_COURT,2025,Crl.A. No.-005141-005141 - 2025,"SRIVSSTATE REP. BY THE INSPECTOR OF POLICE, Q BRANCH, RAMANATHAPURAM",National,Principal,,,COMPLETED,36593/2025,T.S. NANDA KUMAR- 4044 __,HON'BLE MR. JUSTICE VIKRAM NATH,2026-05-20,504,https://api.sci.gov.in/supremecourt/2025/36593/36593_2025_2_1501_71531_Judgement_20-May-2026.pdf,2026 INSC 516(English),https://api.sci.gov.in/supremecourt/2025/36593/36593_2025_2_1501_71531_Judgement_20-May-2026.pdf,
HON'BLE MR. JUSTICE SANDEEP MEHTA,SUPREME_COURT,2026,C.A. No.-007861-007862 - 2026,SOUMYA RANJAN PANDA VSSUBHALAXMI DASH,National,Principal,,,COMPLETED,41698/2015,AJAY SHARMA __,HON'BLE MR. JUSTICE VIKRAM NATH,2026-05-14,4151,https://api.sci.gov.in/supremecourt/2015/41698/41698_2015_2_1501_71076_Judgement_14-May-2026.pdf,2026 INSC 488(English),https://api.sci.gov.in/supremecourt/2015/41698/41698_2015_2_1501_71076_Judgement_14-May-2026.pdf,
HON'BLE MR. JUSTICE SANDEEP MEHTA,SUPREME_COURT,2025,SMW(C) No.-000005-000005 - 2025,"IN RE: “CITY HOUNDED BY STRAYS, KIDS PAY PRICE”VSTHE STATE OF ANDHRA PRADESH",National,Principal,,,COMPLETED,41706/2025,BY COURTS MOTION __,HON'BLE MR. JUSTICE SANDEEP MEHTA,2026-05-19,503,https://api.sci.gov.in/supremecourt/2025/41706/41706_2025_2_1501_71480_Judgement_19-May-2026.pdf,2026 INSC 506(English),https://api.sci.gov.in/supremecourt/2025/41706/41706_2025_2_1501_71480_Judgement_19-May-2026.pdf,
HON'BLE MR. JUSTICE SANDEEP MEHTA,SUPREME_COURT,2026,C.A. No.-007459-007459 - 2026,MOHINDER KAUR (D) THR. L.R.VSBRIJ LAL ARORA,National,Principal,,,COMPLETED,43777/2019,RAJAT MITTAL- 2644 __,HON'BLE MR. JUSTICE VIKRAM NATH,2026-05-12,2688,https://api.sci.gov.in/supremecourt/2019/43777/43777_2019_2_1503_71114_Judgement_12-May-2026.pdf,2026 INSC 477(English),https://api.sci.gov.in/supremecourt/2019/43777/43777_2019_2_1503_71114_Judgement_12-May-2026.pdf,
HON'BLE MR. JUSTICE SANDEEP MEHTA,SUPREME_COURT,2026,C.A. No.-007457-007457 - 2026,ANN SAURABH DUTTVSSAURABH IQBAL BAHADUR DUTT,National,Principal,,,COMPLETED,46233/2024,JESAL WAHI- 2166 __,HON'BLE MR. JUSTICE VIKRAM NATH,2026-05-12,862,https://api.sci.gov.in/supremecourt/2024/46233/46233_2024_2_1501_71114_Judgement_12-May-2026.pdf,2026 INSC 475(English),https://api.sci.gov.in/supremecourt/2024/46233/46233_2024_2_1501_71114_Judgement_12-May-2026.pdf,
HON'BLE MR. JUSTICE SANDEEP MEHTA,SUPREME_COURT,2025,SLP(C) No.-027738 - 2025,M/S.SHRI AGARWAL CONSTRUCTION COMPANYVSTHE REGISTRAR GENERAL,National,Principal,,,COMPLETED,55302/2025,D. K. DEVESH- 2275 __,HON'BLE MR. JUSTICE VIKRAM NATH,2026-05-29,513,https://api.sci.gov.in/supremecourt/2025/55302/55302_2025_2_1501_71632_Judgement_29-May-2026.pdf,2026 INSC 606(English),https://api.sci.gov.in/supremecourt/2025/55302/55302_2025_2_1501_71632_Judgement_29-May-2026.pdf,
HON'BLE MR. JUSTICE SANDEEP MEHTA,SUPREME_COURT,2026,C.A. No.-007026-007026 - 2026,"RAJASTHAN PUBLIC SERVICE COMMISSION, AJMERVSLAVANSHU SANKHLA",National,Principal,,,COMPLETED,59911/2025,RAJESH SINGH CHAUHAN- 2213 __,HON'BLE MR. JUSTICE VIKRAM NATH,2026-05-04,488,https://api.sci.gov.in/supremecourt/2025/59911/59911_2025_2_1501_70753_Judgement_04-May-2026.pdf,2026 INSC 444(English),https://api.sci.gov.in/supremecourt/2025/59911/59911_2025_2_1501_70753_Judgement_04-May-2026.pdf,
HON'BLE MR. JUSTICE SANDEEP MEHTA,SUPREME_COURT,2026,C.A. No.-008238-008238 - 2026,SALIL DHAWANVSPRIYANSHI GHAI,National,Principal,,,COMPLETED,61192/2024,VRINDA BHANDARI- 3550 __,HON'BLE MR. JUSTICE VIKRAM NATH,2026-05-27,877,https://api.sci.gov.in/supremecourt/2024/61192/61192_2024_2_1502_71618_Judgement_27-May-2026.pdf,2026 INSC 577(English),https://api.sci.gov.in/supremecourt/2024/61192/61192_2024_2_1502_71618_Judgement_27-May-2026.pdf,
HON'BLE MR. JUSTICE SANDEEP MEHTA,SUPREME_COURT,2026,C.A. No.-008714-008714 - 2026,SHANKAR DUTTVSUNITED INDIA INSURANCE CO. LTD.,National,Principal,,,COMPLETED,19683/2021,VIJAY KUMAR __,HON'BLE MR. JUSTICE N.V. ANJARIA,2026-06-24,2000,https://api.sci.gov.in/supremecourt/2021/19683/19683_2021_6_1501_71885_Judgement_24-Jun-2026.pdf,2026 INSC 656(English),https://api.sci.gov.in/supremecourt/2021/19683/19683_2021_6_1501_71885_Judgement_24-Jun-2026.pdf,
HON'BLE MR. JUSTICE SANDEEP MEHTA,SUPREME_COURT,2013,Crl.A. No.-000239-000239 - 2013,DEO PRASADVSTHE STATE OF UTTAR PRADESH,National,Principal,,,COMPLETED,848/2011,__ C. D. SINGH,HON'BLE MR. JUSTICE VIKRAM NATH,2026-07-15,5674,https://api.sci.gov.in/supremecourt/2011/848/848_2011_2_1501_72143_Judgement_15-Jul-2026.pdf,2026 INSC 707(English),https://api.sci.gov.in/supremecourt/2011/848/848_2011_2_1501_72143_Judgement_15-Jul-2026.pdf,
HON'BLE MR. JUSTICE SANDEEP MEHTA,SUPREME_COURT,2025,C.A. No.-004289-004290 - 2025,TEJAS J. SHAH AND AMISHA T. SHAHVSMANTRI TECHNOLOGY CONSTELLATIONS PRIATE LIMITED (NOW KNOWN AS BUOYANT TECHNOLOGY CONSTELLATIONS PVT. LTD.),National,Principal,,,COMPLETED,9299/2025,SAHIL TAGOTRA- 2520 __,HON'BLE MR. JUSTICE VIKRAM NATH,2026-07-27,572,https://api.sci.gov.in/supremecourt/2025/9299/9299_2025_2_1501_72784_Judgement_27-Jul-2026.pdf,2026 INSC 746(English),https://api.sci.gov.in/supremecourt/2025/9299/9299_2025_2_1501_72784_Judgement_27-Jul-2026.pdf,
HON'BLE MR. JUSTICE SANDEEP MEHTA,SUPREME_COURT,2025,W.P.(Crl.) No.-000162-000162 - 2025,NATIONAL LEGAL SERVICES AUTHORITYVSUNION OF INDIA,National,Principal,,,COMPLETED,17527/2025,RASHMI NANDAKUMAR- 2190 __,HON'BLE MR. JUSTICE SANDEEP MEHTA,2026-07-16,561,https://api.sci.gov.in/supremecourt/2025/17527/17527_2025_2_1501_72144_Judgement_16-Jul-2026.pdf,2026 INSC 713(English),https://api.sci.gov.in/supremecourt/2025/17527/17527_2025_2_1501_72144_Judgement_16-Jul-2026.pdf,
HON'BLE MR. JUSTICE SANDEEP MEHTA,SUPREME_COURT,2024,C.A. No.-002820-002820 - 2024,SABITRI DEY @ SWASTHI DEYVSUNION OF INDIA,National,Principal,,,COMPLETED,28741/2020,SATYA MITRA- 1852 __,HON'BLE MR. JUSTICE VIKRAM NATH,2026-07-13,2385,https://api.sci.gov.in/supremecourt/2020/28741/28741_2020_2_1501_71992_Judgement_13-Jul-2026.pdf,2026 INSC 694(English),https://api.sci.gov.in/supremecourt/2020/28741/28741_2020_2_1501_71992_Judgement_13-Jul-2026.pdf,
HON'BLE MR. JUSTICE SANDEEP MEHTA,SUPREME_COURT,2019,Crl.A. No.-001827-001829 - 2019,ABDUL HAMEEDVSTHE STATE OF RAJASTHAN,National,Principal,,,COMPLETED,38125/2019,KAMINI JAISWAL- 292 __,HON'BLE MR. JUSTICE VIKRAM NATH,2026-07-21,2758,https://api.sci.gov.in/supremecourt/2019/38125/38125_2019_2_1501_72510_Judgement_21-Jul-2026.pdf,2026 INSC 734(English),https://api.sci.gov.in/supremecourt/2019/38125/38125_2019_2_1501_72510_Judgement_21-Jul-2026.pdf,
HON'BLE MR. JUSTICE SANDEEP MEHTA,SUPREME_COURT,2026,Crl.A. No.-003441-003441 - 2026,THE STATE OF ANDHRA PRADESHVSSUDA SURESH VEERA VENKATA NAGA RAJU,National,Principal,,,COMPLETED,40501/2026,GUNTUR PRAMOD KUMAR- 2788 __,HON'BLE MR. JUSTICE SANDEEP MEHTA,2026-07-27,207,https://api.sci.gov.in/supremecourt/2026/40501/40501_2026_2_1502_72784_Judgement_27-Jul-2026.pdf,2026 INSC 744(English),https://api.sci.gov.in/supremecourt/2026/40501/40501_2026_2_1502_72784_Judgement_27-Jul-2026.pdf,
HON'BLE MR. JUSTICE SANDEEP MEHTA,SUPREME_COURT,2026,Crl.A. No.-003969-003969 - 2026,RAMKRISHNA CHAUHANVSSTATE OF U. P.,National,Principal,,,COMPLETED,16188/2023,ANUSHREE PRASHIT KAPADIA- 2081 __,HON'BLE MR. JUSTICE VIKRAM NATH,2026-08-20,1327,https://api.sci.gov.in/supremecourt/2023/16188/16188_2023_2_1501_73542_Judgement_20-Aug-2026.pdf,2026 INSC 895(English),https://api.sci.gov.in/supremecourt/2023/16188/16188_2023_2_1501_73542_Judgement_20-Aug-2026.pdf,
HON'BLE MR. JUSTICE SANDEEP MEHTA,SUPREME_COURT,2026,Crl.A. No.-004056-004056 - 2026,YASH MAHESH GAIKWADVSSTATE OF MAHARASHTRA,National,Principal,,,COMPLETED,20322/2026,PRASTUT MAHESH DALVI- 3254 __,HON'BLE MR. JUSTICE VIKRAM NATH,2026-08-20,231,https://api.sci.gov.in/supremecourt/2026/20322/20322_2026_2_4_73465_Judgement_20-Aug-2026.pdf,2026 INSC 917(English),https://api.sci.gov.in/supremecourt/2026/20322/20322_2026_2_4_73465_Judgement_20-Aug-2026.pdf,
HON'BLE MR. JUSTICE SANDEEP MEHTA,SUPREME_COURT,2026,Crl.A. No.-003970-003970 - 2026,SUJATA KUMARIVSRAHUL KUMAR,National,Principal,,,COMPLETED,22156/2026,MIMANSAK BHARDWAJ- 3770 __,HON'BLE MR. JUSTICE VIKRAM NATH,2026-08-20,231,https://api.sci.gov.in/supremecourt/2026/22156/22156_2026_2_1502_73542_Judgement_20-Aug-2026.pdf,2026 INSC 896(English),https://api.sci.gov.in/supremecourt/2026/22156/22156_2026_2_1502_73542_Judgement_20-Aug-2026.pdf,
HON'BLE MR. JUSTICE SANDEEP MEHTA,SUPREME_COURT,2017,W.P.(Crl.) No.-000145 - 2017,RISHI MALHOTRAVSUNION OF INDIA,National,Principal,,,COMPLETED,29088/2017,RISHI MALHOTRA __,HON'BLE MR. JUSTICE VIKRAM NATH,2026-08-18,3516,https://api.sci.gov.in/supremecourt/2017/29088/29088_2017_2_1501_73425_Judgement_18-Aug-2026.pdf,2026 INSC 873(English),https://api.sci.gov.in/supremecourt/2017/29088/29088_2017_2_1501_73425_Judgement_18-Aug-2026.pdf,
HON'BLE MR. JUSTICE SANDEEP MEHTA,SUPREME_COURT,2026,C.A. No.-009820-009821 - 2026,ADARSH DINKAR SONTAKKEVSNAVODAYA VIDYALAYA SAMITI,National,Principal,,,COMPLETED,42235/2026,CHAPALGAONKAR SIDDHARTH SARANG- 4289 __,HON'BLE MR. JUSTICE VIKRAM NATH,2026-07-30,210,https://api.sci.gov.in/supremecourt/2026/42235/42235_2026_2_27_72738_Judgement_30-Jul-2026.pdf,2026 INSC 865(English),https://api.sci.gov.in/supremecourt/2026/42235/42235_2026_2_27_72738_Judgement_30-Jul-2026.pdf,
HON'BLE MR. JUSTICE SANDEEP MEHTA,SUPREME_COURT,2026,SLP(Crl) No.-000728 - 2026,LAHRA BAI TAMREVSSTATE OF CHHATTISGARH,National,Principal,,,COMPLETED,48963/2025,NUPUR KUMAR- 3078 __,HON'BLE MR. JUSTICE SANDEEP MEHTA,2026-08-12,588,https://api.sci.gov.in/supremecourt/2025/48963/48963_2025_2_1501_73413_Judgement_12-Aug-2026.pdf,2026 INSC 840(English),https://api.sci.gov.in/supremecourt/2025/48963/48963_2025_2_1501_73413_Judgement_12-Aug-2026.pdf,
HON'BLE MR. JUSTICE SANDEEP MEHTA,SUPREME_COURT,2025,C.A. No.-012256 - 2025,REHANA KHANVSRIZWAN SIDDHIQUEE,National,Principal,,,COMPLETED,50190/2025,PETITIONER-IN-PERSON __,HON'BLE MR. JUSTICE VIKRAM NATH,2026-08-21,597,https://api.sci.gov.in/supremecourt/2025/50190/50190_2025_2_1501_73680_Judgement_21-Aug-2026.pdf,2026 INSC 907(English),https://api.sci.gov.in/supremecourt/2025/50190/50190_2025_2_1501_73680_Judgement_21-Aug-2026.pdf,
HON'BLE MR. JUSTICE SANDEEP MEHTA,SUPREME_COURT,2026,Crl.A. No.-003933-003934 - 2026,KIRAN DESHMUKHVSTHE STATE OF MADHYA PRADESH,National,Principal,,,COMPLETED,50577/2025,RAVI P. WADHWANI- 603 __,HON'BLE MR. JUSTICE SANDEEP MEHTA,2026-08-11,587,https://api.sci.gov.in/supremecourt/2025/50577/50577_2025_2_34_73380_Judgement_11-Aug-2026.pdf,2026 INSC 884(English),https://api.sci.gov.in/supremecourt/2025/50577/50577_2025_2_34_73380_Judgement_11-Aug-2026.pdf,
HON'BLE MR. JUSTICE SANDEEP MEHTA,SUPREME_COURT,2026,Crl.A. No.-004075-004075 - 2026,SAYAD ASIFULLAVSSTATE OF KARNATAKA,National,Principal,,,COMPLETED,54004/2025,LZAFEER AHMAD B. F.- 2941 __,HON'BLE MR. JUSTICE VIKRAM NATH,2026-08-25,601,https://api.sci.gov.in/supremecourt/2025/54004/54004_2025_2_14_73942_Judgement_25-Aug-2026.pdf,2026 INSC 964(English),https://api.sci.gov.in/supremecourt/2025/54004/54004_2025_2_14_73942_Judgement_25-Aug-2026.pdf,
HON'BLE MR. JUSTICE SANDEEP MEHTA,SUPREME_COURT,2026,C.A. No.-011195-011195 - 2026,"MADURAI FAROOQ AHMEDVSTHE PRINCIPAL SECRETARY TO GOVERNMENT, TAMIL NADU HIGHWAY AND MINOR PORT DEPARTMENT",National,Principal,,,COMPLETED,57464/2025,PETITIONER-IN-PERSON __,HON'BLE MR. JUSTICE VIKRAM NATH,2026-08-21,597,https://api.sci.gov.in/supremecourt/2025/57464/57464_2025_2_1502_73680_Judgement_21-Aug-2026.pdf,2026 INSC 903(English),https://api.sci.gov.in/supremecourt/2025/57464/57464_2025_2_1502_73680_Judgement_21-Aug-2026.pdf,
HON'BLE MR. JUSTICE SANDEEP MEHTA,SUPREME_COURT,2026,Crl.A. No.-004051-004051 - 2026,SRI ANUMANDALA RAJESH REDDYVSTHE STATE OF KARNATAKA,National,Principal,,,COMPLETED,61141/2024,VENKAT PALWAI LAW ASSOCIATES- 2159 __,HON'BLE MR. JUSTICE VIKRAM NATH,2026-08-24,966,https://api.sci.gov.in/supremecourt/2024/61141/61141_2024_2_31_73842_Judgement_24-Aug-2026.pdf,2026 INSC 1039(English),https://api.sci.gov.in/supremecourt/2024/61141/61141_2024_2_31_73842_Judgement_24-Aug-2026.pdf,
HON'BLE MR. JUSTICE SANDEEP MEHTA,SUPREME_COURT,2026,C.A. No.-012774-012774 - 2026,DEBARATI BHUNIA CHAKRABORTYVSSUMAN SANKAR BHUNIA,National,Principal,,,COMPLETED,5494/2026,SHASHANK SHEKHAR- 3517 __,HON'BLE MR. JUSTICE SANDEEP MEHTA,2026-09-23,265,https://api.sci.gov.in/supremecourt/2026/5494/5494_2026_2_1501_74537_Judgement_23-Sep-2026.pdf,2026 INSC 1043(English),https://api.sci.gov.in/supremecourt/2026/5494/5494_2026_2_1501_74537_Judgement_23-Sep-2026.pdf,
HON'BLE MR. JUSTICE SANDEEP MEHTA,SUPREME_COURT,2014,Crl.A. No.-001561-001561 - 2014,ABDUL RAJIKVSTHE STATE OF MADHYA PRADESH,National,Principal,,,COMPLETED,6787/2011,T. MAHIPAL- 1375 __,HON'BLE MR. JUSTICE SANDEEP MEHTA,2026-09-16,5737,https://api.sci.gov.in/supremecourt/2011/6787/6787_2011_15_1501_74393_Judgement_16-Sep-2026.pdf,2026 INSC 1001(English),https://api.sci.gov.in/supremecourt/2011/6787/6787_2011_15_1501_74393_Judgement_16-Sep-2026.pdf,
HON'BLE MR. JUSTICE SANDEEP MEHTA,SUPREME_COURT,2020,Crl.A. No.-000429-000430 - 2020,WARISVSTHE STATE OF MADHYA PRADESH,National,Principal,,,COMPLETED,7431/2020,KAUSTUBH ANSHURAJ- 1902 __,HON'BLE MR. JUSTICE VIKRAM NATH,2026-09-24,2458,https://api.sci.gov.in/supremecourt/2020/7431/7431_2020_2_1501_74538_Judgement_24-Sep-2026.pdf,2026 INSC 1050(English),https://api.sci.gov.in/supremecourt/2020/7431/7431_2020_2_1501_74538_Judgement_24-Sep-2026.pdf,
HON'BLE MR. JUSTICE SANDEEP MEHTA,SUPREME_COURT,2016,C.A. No.-000659-000659 - 2016,H.G.PATTABIVSK.R.SURAJ .,National,Principal,,,COMPLETED,10029/2011,VAIJAYANTHI GIRISH- 1693 __,HON'BLE MR. JUSTICE SANDEEP MEHTA,2026-09-16,5737,https://api.sci.gov.in/supremecourt/2011/10029/10029_2011_15_109_74393_Judgement_16-Sep-2026.pdf,2026 INSC 1041(English),https://api.sci.gov.in/supremecourt/2011/10029/10029_2011_15_109_74393_Judgement_16-Sep-2026.pdf,
HON'BLE MR. JUSTICE SANDEEP MEHTA,SUPREME_COURT,2026,Crl.A. No.-004336-004336 - 2026,ABU SALEM ABDUL QAYOOM ANSARIVSTHE STATE OF MAHARASHTRA,National,Principal,,,COMPLETED,41145/2026,PREM MALHOTRA- 818 __,HON'BLE MR. JUSTICE VIKRAM NATH,2026-09-10,252,https://api.sci.gov.in/supremecourt/2026/41145/41145_2026_2_1501_74236_Judgement_10-Sep-2026.pdf,2026 INSC 982(English),https://api.sci.gov.in/supremecourt/2026/41145/41145_2026_2_1501_74236_Judgement_10-Sep-2026.pdf,
HON'BLE MR. JUSTICE SANDEEP MEHTA,SUPREME_COURT,2026,Crl.A. No.-000135-000135 - 2026,DHANRAJVSSTATE OF RAJASTHAN,National,Principal,,,COMPLETED,63149/2025,NAMIT SAXENA- 2887 __,HON'BLE MR. JUSTICE VIKRAM NATH,2026-09-07,614,https://api.sci.gov.in/supremecourt/2025/63149/63149_2025_2_1501_74068_Judgement_07-Sep-2026.pdf,2026 INSC 958(English),https://api.sci.gov.in/supremecourt/2025/63149/63149_2025_2_1501_74068_Judgement_07-Sep-2026.pdf,
HON'BLE MR. JUSTICE SANDEEP MEHTA,SUPREME_COURT,2026,Crl.A. No.-004604-004604 - 2026,STATE OF MAHARASHTRAVSRAMESH SUKRYA MHATRE,National,Principal,,,COMPLETED,54118/2026,AADITYA ANIRUDDHA PANDE- 3259 __,HON'BLE MR. JUSTICE SANDEEP MEHTA,2026-09-28,270,https://api.sci.gov.in/supremecourt/2026/54118/54118_2026_2_5_74828_Judgement_28-Sep-2026.pdf,2026 INSC 1075(English),https://api.sci.gov.in/supremecourt/2026/54118/54118_2026_2_5_74828_Judgement_28-Sep-2026.pdf,
HON'BLE MR. JUSTICE PRASANNA B. VARALE,SUPREME_COURT,2016,C.A. No.-006075-006075 - 2016,SANJAY PALIWALVSBHARAT HEAVY ELECTRICALS LTD. EXECUTIVE DIRECTOR,National,Principal,,,COMPLETED,32381/2012,RAMESHWAR PRASAD GOYAL- 1350 __ PARIJAT SINHA- 501,HON'BLE MR. JUSTICE ARAVIND KUMAR,2026-01-15,5128,https://api.sci.gov.in/supremecourt/2012/32381/32381_2012_16_1501_67346_Judgement_15-Jan-2026.pdf,2026 INSC 61(English),https://api.sci.gov.in/supremecourt/2012/32381/32381_2012_16_1501_67346_Judgement_15-Jan-2026.pdf,
HON'BLE MR. JUSTICE PRASANNA B. VARALE,SUPREME_COURT,2026,C.A. No.-000022-000022 - 2026,ADANI POWER LTD.VSUNION OF INDIA,National,Principal,,,COMPLETED,35277/2019,E. C. AGRAWALA- 177 __,HON'BLE MR. JUSTICE ARAVIND KUMAR,2026-01-05,2561,https://api.sci.gov.in/supremecourt/2019/35277/35277_2019_16_1501_67204_Judgement_05-Jan-2026.pdf,2026 INSC 1(English),https://api.sci.gov.in/supremecourt/2019/35277/35277_2019_16_1501_67204_Judgement_05-Jan-2026.pdf,
HON'BLE MR. JUSTICE PRASANNA B. VARALE,SUPREME_COURT,2026,Crl.A. No.-000011-000011 - 2026,GULFISHA FATIMAVSSTATE (GOVT. OF NCT OF DELHI ),National,Principal,,,COMPLETED,50992/2025,MAULSHREE PATHAK- 3681 __,HON'BLE MR. JUSTICE ARAVIND KUMAR,2026-01-05,369,https://api.sci.gov.in/supremecourt/2025/50992/50992_2025_16_1502_67204_Judgement_05-Jan-2026.pdf,2026 INSC 2(English),https://api.sci.gov.in/supremecourt/2025/50992/50992_2025_16_1502_67204_Judgement_05-Jan-2026.pdf,
HON'BLE MR. JUSTICE PRASANNA B. VARALE,SUPREME_COURT,2026,C.A. No.-000174-000174 - 2026,NEW INDIA ASSURANCE CO LTDVSREKHA CHAUDHARY,National,Principal,,,COMPLETED,40084/2025,MANJEET CHAWLA- 378 __,HON'BLE MR. JUSTICE ARAVIND KUMAR,2026-02-23,418,https://api.sci.gov.in/supremecourt/2025/40084/40084_2025_16_1501_68794_Judgement_23-Feb-2026.pdf,2026 INSC 177(English),https://api.sci.gov.in/supremecourt/2025/40084/40084_2025_16_1501_68794_Judgement_23-Feb-2026.pdf,
HON'BLE MR. JUSTICE PRASANNA B. VARALE,SUPREME_COURT,2018,Crl.A. No.-000096-000096 - 2018,THE STATE OF HIMACHAL PRADESHVSSURAT SINGH,National,Principal,,,COMPLETED,22464/2016,BIMLESH KUMAR SINGH- 1652 __ NIDHI- 1379,HON'BLE MR. JUSTICE PRASANNA B. VARALE,2026-03-16,3727,https://api.sci.gov.in/supremecourt/2016/22464/22464_2016_16_1501_69541_Judgement_16-Mar-2026.pdf,2026 INSC 240(English),https://api.sci.gov.in/supremecourt/2016/22464/22464_2016_16_1501_69541_Judgement_16-Mar-2026.pdf,
HON'BLE MR. JUSTICE PRASANNA B. VARALE,SUPREME_COURT,2013,Crl.A. No.-001105-001105 - 2013,RAJ BAHADUR SINGHVSSTATE OF UTTARAKHAND,National,Principal,,,COMPLETED,24246/2012,__ AKSHAT KUMAR- 2124,HON'BLE MR. JUSTICE DIPANKAR DATTA,2026-03-13,5185,https://api.sci.gov.in/supremecourt/2012/24246/24246_2012_8_1501_69452_Judgement_13-Mar-2026.pdf,2026 INSC 239(English),https://api.sci.gov.in/supremecourt/2012/24246/24246_2012_8_1501_69452_Judgement_13-Mar-2026.pdf,
HON'BLE MR. JUSTICE PRASANNA B. VARALE,SUPREME_COURT,2025,C.A. No.-005490-005491 - 2025,"THE MANAGING DIRECTOR, KSRTCVSP. CHANDRAMOULI",National,Principal,,,COMPLETED,25081/2021,NARENDRA KUMAR- 1580 __,HON'BLE MR. JUSTICE PRASANNA B. VARALE,2026-03-16,1900,https://api.sci.gov.in/supremecourt/2021/25081/25081_2021_16_1502_69541_Judgement_16-Mar-2026.pdf,2026 INSC 241(English),https://api.sci.gov.in/supremecourt/2021/25081/25081_2021_16_1502_69541_Judgement_16-Mar-2026.pdf,
HON'BLE MR. JUSTICE PRASANNA B. VARALE,SUPREME_COURT,2012,Crl.A. No.-000443-000443 - 2012,THE STATE OF UTTAR PRADESHVSRAM SWAROOP @ BARKAT,National,Principal,,,COMPLETED,35652/2009,RUCHIRA GOEL- 2477 __ JAGJIT SINGH CHHABRA- 1320,HON'BLE MR. JUSTICE ARAVIND KUMAR,2026-03-18,6285,https://api.sci.gov.in/supremecourt/2009/35652/35652_2009_16_1501_69455_Judgement_18-Mar-2026.pdf,2026 INSC 256(English),https://api.sci.gov.in/supremecourt/2009/35652/35652_2009_16_1501_69455_Judgement_18-Mar-2026.pdf,
HON'BLE MR. JUSTICE PRASANNA B. VARALE,SUPREME_COURT,2015,Crl.A. No.-000264-000264 - 2015,RAJENDRAVSSTATE OF UTTARAKHAND,National,Principal,,,COMPLETED,42142/2012,__ DINESH KUMAR GARG- 169,HON'BLE MR. JUSTICE DIPANKAR DATTA,2026-03-13,5185,https://api.sci.gov.in/supremecourt/2012/42142/42142_2012_8_1502_69452_Judgement_13-Mar-2026.pdf,2026 INSC 238(English),https://api.sci.gov.in/supremecourt/2012/42142/42142_2012_8_1502_69452_Judgement_13-Mar-2026.pdf,
HON'BLE MR. JUSTICE PRASANNA B. VARALE,SUPREME_COURT,2014,Crl.A. No.-000302-000302 - 2014,NARENDRA SINGHVSTHE STATE OF MADHYA PRADESH,National,Principal,,,COMPLETED,23747/2010,RAJEEV KUMAR BANSAL- 1591 __,HON'BLE MR. JUSTICE ARAVIND KUMAR,2026-04-30,5963,https://api.sci.gov.in/supremecourt/2010/23747/23747_2010_14_1501_70700_Judgement_30-Apr-2026.pdf,2026 INSC 433(English),https://api.sci.gov.in/supremecourt/2010/23747/23747_2010_14_1501_70700_Judgement_30-Apr-2026.pdf,
HON'BLE MR. JUSTICE PRASANNA B. VARALE,SUPREME_COURT,2013,C.A. No.-001388-001388 - 2013,NANDI INFRASTRUCTURE CORRIDOR ENTERPRISES LTD.VSB. GURAPPA NAIDU,National,Principal,,,COMPLETED,33644/2012,NIKHIL GOEL __ SHAILESH MADIYAL,HON'BLE MR. JUSTICE ARAVIND KUMAR,2026-04-30,5233,https://api.sci.gov.in/supremecourt/2012/33644/33644_2012_14_1502_70700_Judgement_30-Apr-2026.pdf,2026 INSC 434(English),https://api.sci.gov.in/supremecourt/2012/33644/33644_2012_14_1502_70700_Judgement_30-Apr-2026.pdf,
HON'BLE MR. JUSTICE PRASANNA B. VARALE,SUPREME_COURT,2025,W.P.(Crl.) No.-000067-000067 - 2025,AMIT KATYALVSSTATE OF HARYANA,National,Principal,,,COMPLETED,3299/2025,MANISH VASHISHTHA- 2051 __,HON'BLE MR. JUSTICE PRASANNA B. VARALE,2026-05-18,502,https://api.sci.gov.in/supremecourt/2025/3299/3299_2025_13_1502_71261_Judgement_18-May-2026.pdf,2026 INSC 509(English),https://api.sci.gov.in/supremecourt/2025/3299/3299_2025_13_1502_71261_Judgement_18-May-2026.pdf,
HON'BLE MR. JUSTICE PRASANNA B. VARALE,SUPREME_COURT,2026,C.A. No.-008163-008163 - 2026,BAI AVABAI HORMUSJI TATA TRUSTVSSHERNAZ FAROUKH LAWYER,National,Principal,,,COMPLETED,10492/2025,KRISHAN KUMAR- 1742 __,HON'BLE MR. JUSTICE ARAVIND KUMAR,2026-05-25,509,https://api.sci.gov.in/supremecourt/2025/10492/10492_2025_15_1505_71505_Judgement_25-May-2026.pdf,2026 INSC 540(English),https://api.sci.gov.in/supremecourt/2025/10492/10492_2025_15_1505_71505_Judgement_25-May-2026.pdf,
HON'BLE MR. JUSTICE PRASANNA B. VARALE,SUPREME_COURT,2026,C.A. No.-007915-007915 - 2026,DHARMENDRA KALRAVSKULVINDER SINGH BHATIA,National,Principal,,,COMPLETED,11749/2025,ASHISH KUMAR UPADHYAY- 3828 __,HON'BLE MR. JUSTICE PRASANNA B. VARALE,2026-05-15,499,https://api.sci.gov.in/supremecourt/2025/11749/11749_2025_15_1501_71185_Judgement_15-May-2026.pdf,2026 INSC 492(English),https://api.sci.gov.in/supremecourt/2025/11749/11749_2025_15_1501_71185_Judgement_15-May-2026.pdf,
HON'BLE MR. JUSTICE PRASANNA B. VARALE,SUPREME_COURT,2017,Crl.A. No.-001353-001355 - 2017,PAWAN KUMAR SHARMAVSMANOJ KUMAR,National,Principal,,,COMPLETED,14203/2015,RAJ SINGH RANA- 1313 __,HON'BLE MR. JUSTICE ARAVIND KUMAR,2026-05-25,4162,https://api.sci.gov.in/supremecourt/2015/14203/14203_2015_15_1504_71505_Judgement_25-May-2026.pdf,2026 INSC 539(English),https://api.sci.gov.in/supremecourt/2015/14203/14203_2015_15_1504_71505_Judgement_25-May-2026.pdf,
HON'BLE MR. JUSTICE PRASANNA B. VARALE,SUPREME_COURT,2021,Crl.A. No.-001063-001063 - 2021,CHETAN DASHRATH GADEVSTHE STATE OF MAHARASHTRA,National,Principal,,,COMPLETED,14643/2021,SNEHA SANJAY BOTWE- 4031 __,HON'BLE MR. JUSTICE PRASANNA B. VARALE,2026-05-21,1966,https://api.sci.gov.in/supremecourt/2021/14643/14643_2021_15_1501_71339_Judgement_21-May-2026.pdf,2026 INSC 522(English),https://api.sci.gov.in/supremecourt/2021/14643/14643_2021_15_1501_71339_Judgement_21-May-2026.pdf,
HON'BLE MR. JUSTICE PRASANNA B. VARALE,SUPREME_COURT,2025,Crl.A. No.-003383-003385 - 2025,THE STATE OF UTTAR PRADESHVSA.K. GABA ETC. ETC.,National,Principal,,,COMPLETED,15273/2020,MUKESH KUMAR MARORIA- 2324 __,HON'BLE MR. JUSTICE PRASANNA B. VARALE,2026-05-27,2338,https://api.sci.gov.in/supremecourt/2020/15273/15273_2020_15_1501_71630_Judgement_27-May-2026.pdf,2026 INSC 568(English),https://api.sci.gov.in/supremecourt/2020/15273/15273_2020_15_1501_71630_Judgement_27-May-2026.pdf,
HON'BLE MR. JUSTICE PRASANNA B. VARALE,SUPREME_COURT,2026,C.A. No.-007427-007427 - 2026,URMILA DEVIVSTHE STATE OF UTTAR PRADESH,National,Principal,,,COMPLETED,16667/2023,ASHOK ANAND- 2387 __,HON'BLE MR. JUSTICE ARAVIND KUMAR,2026-05-11,1226,https://api.sci.gov.in/supremecourt/2023/16667/16667_2023_14_1502_71006_Judgement_11-May-2026.pdf,2026 INSC 471(English),https://api.sci.gov.in/supremecourt/2023/16667/16667_2023_14_1502_71006_Judgement_11-May-2026.pdf,
HON'BLE MR. JUSTICE PRASANNA B. VARALE,SUPREME_COURT,2026,Crl.A. No.-002623-002623 - 2026,SUSANTA KUMAR DALEI @ SUSANTA KUMAR DALAIVSSTATE OF ODISHA (VIGILANCE),National,Principal,,,COMPLETED,27108/2023,SRIJAN SINHA- 3118 __,HON'BLE MR. JUSTICE PRASANNA B. VARALE,2026-05-18,1233,https://api.sci.gov.in/supremecourt/2023/27108/27108_2023_13_1501_71261_Judgement_18-May-2026.pdf,2026 INSC 510(English),https://api.sci.gov.in/supremecourt/2023/27108/27108_2023_13_1501_71261_Judgement_18-May-2026.pdf,
HON'BLE MR. JUSTICE PRASANNA B. VARALE,SUPREME_COURT,2012,Crl.A. No.-000212-000212 - 2012,MITESH @ T.V.VAGHELAVSTHE STATE OF GUJARAT,National,Principal,,,COMPLETED,29599/2009,BALRAJ DEWAN __ ANIRUDDHA P. MAYEE,HON'BLE MR. JUSTICE ARAVIND KUMAR,2026-05-11,6339,https://api.sci.gov.in/supremecourt/2009/29599/29599_2009_14_1501_71006_Judgement_11-May-2026.pdf,2026 INSC 469(English),https://api.sci.gov.in/supremecourt/2009/29599/29599_2009_14_1501_71006_Judgement_11-May-2026.pdf,
HON'BLE MR. JUSTICE PRASANNA B. VARALE,SUPREME_COURT,2026,- 0,AMIT KATYALVSSTATE OF HARYANA,National,Principal,,,COMPLETED,31664/2026,MANISH VASHISHTHA- 2051 __,HON'BLE MR. JUSTICE PANKAJ MITHAL,2026-05-21,140,https://api.sci.gov.in/supremecourt/2026/31664/31664_2026_9_303_71484_Judgement_21-May-2026.pdf,2026 INSC 563(English),https://api.sci.gov.in/supremecourt/2026/31664/31664_2026_9_303_71484_Judgement_21-May-2026.pdf,
HON'BLE MR. JUSTICE PRASANNA B. VARALE,SUPREME_COURT,2013,Crl.A. No.-001937-001937 - 2013,UPENDRA KHAREVSTHE STATE OF MADHYA PRADESH,National,Principal,,,COMPLETED,31909/2012,MERUSAGAR SAMANTARAY- 1694 __,HON'BLE MR. JUSTICE ARAVIND KUMAR,2026-05-25,5258,https://api.sci.gov.in/supremecourt/2012/31909/31909_2012_15_1503_71505_Judgement_25-May-2026.pdf,2026 INSC 538(English),https://api.sci.gov.in/supremecourt/2012/31909/31909_2012_15_1503_71505_Judgement_25-May-2026.pdf,
HON'BLE MR. JUSTICE PRASANNA B. VARALE,SUPREME_COURT,2012,C.A. No.-000569-000569 - 2012,COMMR.OF CUSTOMS KANDLAVSM/S RELIANCE INDUSTRIES LTD.,National,Principal,,,COMPLETED,36041/2011,GURMEET SINGH MAKKER- 2357 __ K. R. SASIPRABHU- 895,HON'BLE MR. JUSTICE ARAVIND KUMAR,2026-05-25,5623,https://api.sci.gov.in/supremecourt/2011/36041/36041_2011_15_1501_71505_Judgement_25-May-2026.pdf,2026 INSC 536(English),https://api.sci.gov.in/supremecourt/2011/36041/36041_2011_15_1501_71505_Judgement_25-May-2026.pdf,
HON'BLE MR. JUSTICE PRASANNA B. VARALE,SUPREME_COURT,2024,Crl.A. No.-002811-002812 - 2024,HARJINDRA SINGH ETC.VSTHE STATE OF U.P.,National,Principal,,,COMPLETED,38767/2022,RIZWAN AHMAD- 3316 __ SAKSHI KAKKAR- 2481,HON'BLE MR. JUSTICE ARAVIND KUMAR,2026-05-27,1607,https://api.sci.gov.in/supremecourt/2022/38767/38767_2022_15_1502_71630_Judgement_27-May-2026.pdf,2026 INSC 569(English),https://api.sci.gov.in/supremecourt/2022/38767/38767_2022_15_1502_71630_Judgement_27-May-2026.pdf,
HON'BLE MR. JUSTICE PRASANNA B. VARALE,SUPREME_COURT,2026,Crl.A. No.-002836-002836 - 2026,SUPRIYA KUMARI M.CVSSTATE OF KERALA,National,Principal,,,COMPLETED,56841/2024,DIVYANSHU SAHAY- 3643 __,HON'BLE MR. JUSTICE ARAVIND KUMAR,2026-05-25,875,https://api.sci.gov.in/supremecourt/2024/56841/56841_2024_15_1502_71505_Judgement_25-May-2026.pdf,2026 INSC 537(English),https://api.sci.gov.in/supremecourt/2024/56841/56841_2024_15_1502_71505_Judgement_25-May-2026.pdf,
HON'BLE MR. JUSTICE PRASANNA B. VARALE,SUPREME_COURT,2025,Crl.A. No.-003909-003909 - 2025,DEBOJIT PANKIKA CHARAIDEO SONARIVSTHE STATE OF ASSAM,National,Principal,,,COMPLETED,3793/2025,SUSHIL BALWADA- 1340 __,HON'BLE MR. JUSTICE PRASANNA B. VARALE,2026-07-13,558,https://api.sci.gov.in/supremecourt/2025/3793/3793_2025_4_1504_71996_Judgement_13-Jul-2026.pdf,2026 INSC 687(English),https://api.sci.gov.in/supremecourt/2025/3793/3793_2025_4_1504_71996_Judgement_13-Jul-2026.pdf,
HON'BLE MR. JUSTICE PRASANNA B. VARALE,SUPREME_COURT,2011,Crl.A. No.-002282-002284 - 2011,THE STATE OF MAHARASHTRAVSMONIKA KIRAN SURYAWANSHI,National,Principal,,,COMPLETED,6340/2011,AADITYA ANIRUDDHA PANDE- 3259 __,HON'BLE MR. JUSTICE PRASANNA B. VARALE,2026-07-13,5672,https://api.sci.gov.in/supremecourt/2011/6340/6340_2011_4_1501_71996_Judgement_13-Jul-2026.pdf,2026 INSC 685(English),https://api.sci.gov.in/supremecourt/2011/6340/6340_2011_4_1501_71996_Judgement_13-Jul-2026.pdf,
HON'BLE MR. JUSTICE PRASANNA B. VARALE,SUPREME_COURT,2018,C.A. No.-008142-008142 - 2018,"MANOJ GOYALVSRAJASTHAN HIGH COURT,",National,Principal,,,COMPLETED,20151/2018,PRASHANT BHUSHAN- 515 __,HON'BLE MR. JUSTICE PRASANNA B. VARALE,2026-07-13,3115,https://api.sci.gov.in/supremecourt/2018/20151/20151_2018_4_1502_71996_Judgement_13-Jul-2026.pdf,2026 INSC 699(English),https://api.sci.gov.in/supremecourt/2018/20151/20151_2018_4_1502_71996_Judgement_13-Jul-2026.pdf,
HON'BLE MR. JUSTICE PRASANNA B. VARALE,SUPREME_COURT,2026,Crl.A. No.-003131-003131 - 2026,THE STATE OF JHARKHANDVSJAGDISH LAKRA,National,Principal,,,COMPLETED,53831/2023,SHANTANU SAGAR- 2058 __,HON'BLE MR. JUSTICE PRASANNA B. VARALE,2026-07-13,1289,https://api.sci.gov.in/supremecourt/2023/53831/53831_2023_4_1503_71996_Judgement_13-Jul-2026.pdf,2026 INSC 686(English),https://api.sci.gov.in/supremecourt/2023/53831/53831_2023_4_1503_71996_Judgement_13-Jul-2026.pdf,
HON'BLE MR. JUSTICE PRASANNA B. VARALE,SUPREME_COURT,2010,Crl.A. No.-001047-001048 - 2010,KARTIKA @ KIRTAN @ KIRTAN CHARAN JENAVSTHE STATE OF ODISHA,National,Principal,,,COMPLETED,24782/2009,A. VENAYAGAM BALAN- 1578 __ VISHNU KANT- 2998,HON'BLE MR. JUSTICE PRASANNA B. VARALE,2026-09-18,6469,https://api.sci.gov.in/supremecourt/2009/24782/24782_2009_3_1501_74388_Judgement_18-Sep-2026.pdf,2026 INSC 1015(English),https://api.sci.gov.in/supremecourt/2009/24782/24782_2009_3_1501_74388_Judgement_18-Sep-2026.pdf,
HON'BLE MR. JUSTICE PRASANNA B. VARALE,SUPREME_COURT,2026,C.A. No.-013136-013136 - 2026,UNION OF INDIAVSHARIOM PROJECTS PVT. LTD.,National,Principal,,,COMPLETED,43782/2026,SHREEKANT NEELAPPA TERDAL- 909 __,HON'BLE MR. JUSTICE ARAVIND KUMAR,2026-09-18,260,https://api.sci.gov.in/supremecourt/2026/43782/43782_2026_10_55_74463_Judgement_18-Sep-2026.pdf,2026 INSC 1044(English),https://api.sci.gov.in/supremecourt/2026/43782/43782_2026_10_55_74463_Judgement_18-Sep-2026.pdf,
HON'BLE MR. JUSTICE NONGMEIKAPAM KOTISWAR SINGH,SUPREME_COURT,1999,Crl.A. No.-001255-001255 - 1999,PEOPLES UNION FOR CIVIL LIBERTIESVSTHE STATE OF MAHARASHTRA,National,Principal,,,COMPLETED,15285/1999,PAREKH & CO.- 1370 __ AADITYA ANIRUDDHA PANDE- 3259,HON'BLE MR. JUSTICE M.M. SUNDRESH,2026-01-15,9876,https://api.sci.gov.in/supremecourt/1999/15285/15285_1999_5_101_67287_Judgement_15-Jan-2026.pdf,2026 INSC 79(English),https://api.sci.gov.in/supremecourt/1999/15285/15285_1999_5_101_67287_Judgement_15-Jan-2026.pdf,
HON'BLE MR. JUSTICE NONGMEIKAPAM KOTISWAR SINGH,SUPREME_COURT,2022,MA-002034 - 2022,SATENDER KUMAR ANTILVSCENTRAL BUREAU OF INVESTIGATION,National,Principal,,,COMPLETED,37889/2022,BY COURTS MOTION __,HON'BLE MR. JUSTICE M.M. SUNDRESH,2026-01-15,1475,https://api.sci.gov.in/supremecourt/2022/37889/37889_2022_5_2_67463_Judgement_15-Jan-2026.pdf,2026 INSC 115(English),https://api.sci.gov.in/supremecourt/2022/37889/37889_2022_5_2_67463_Judgement_15-Jan-2026.pdf,
HON'BLE MR. JUSTICE NONGMEIKAPAM KOTISWAR SINGH,SUPREME_COURT,2026,Crl.A. No.-000122-000134 - 2026,"THE JOINT DIRECTOR (RAYALASEEMA), ANTI-CORRUPTION BUREAU, A.P.VSDAYAM PEDA RANGA RAO",National,Principal,,,COMPLETED,52369/2025,GUNTUR PRAMOD KUMAR- 2788 __,HON'BLE MR. JUSTICE M.M. SUNDRESH,2026-01-08,372,https://api.sci.gov.in/supremecourt/2025/52369/52369_2025_5_1501_67260_Judgement_08-Jan-2026.pdf,2026 INSC 37(English),https://api.sci.gov.in/supremecourt/2025/52369/52369_2025_5_1501_67260_Judgement_08-Jan-2026.pdf,
HON'BLE MR. JUSTICE NONGMEIKAPAM KOTISWAR SINGH,SUPREME_COURT,2012,C.A. No.-007407-007407 - 2012,THE STATE OF WEST BENGALVSJAI HIND P.LTD.,National,Principal,,,COMPLETED,27662/2012,KUNAL MIMANI- 2753 __,HON'BLE MR. JUSTICE M.M. SUNDRESH,2026-02-06,5150,https://api.sci.gov.in/supremecourt/2012/27662/27662_2012_4_1502_67910_Judgement_06-Feb-2026.pdf,2026 INSC 132(English),https://api.sci.gov.in/supremecourt/2012/27662/27662_2012_4_1502_67910_Judgement_06-Feb-2026.pdf,
HON'BLE MR. JUSTICE NONGMEIKAPAM KOTISWAR SINGH,SUPREME_COURT,2026,C.A. No.-000909-000910 - 2026,THE DEPUTY COMMISSIONER AND SPECIAL LAND ACQUISITION OFFICERVSM/S S.V. GLOBAL MILL LIMITED,National,Principal,,,COMPLETED,36664/2022,SANCHIT GARGA- 2748 __,HON'BLE MR. JUSTICE M.M. SUNDRESH,2026-02-09,1500,https://api.sci.gov.in/supremecourt/2022/36664/36664_2022_3_1501_68148_Judgement_09-Feb-2026.pdf,2026 INSC 138(English),https://api.sci.gov.in/supremecourt/2022/36664/36664_2022_3_1501_68148_Judgement_09-Feb-2026.pdf,
HON'BLE MR. JUSTICE NONGMEIKAPAM KOTISWAR SINGH,SUPREME_COURT,2026,C.A. No.-003897-003903 - 2026,ANDANAYYAVSDEPUTY CHIEF ENGINEER,National,Principal,,,COMPLETED,15760/2020,DHARMAPRABHAS LAW ASSOCIATES- 2718 __,HON'BLE MR. JUSTICE M.M. SUNDRESH,2026-03-25,2275,https://api.sci.gov.in/supremecourt/2020/15760/15760_2020_5_1501_69610_Judgement_25-Mar-2026.pdf,2026 INSC 293(English),https://api.sci.gov.in/supremecourt/2020/15760/15760_2020_5_1501_69610_Judgement_25-Mar-2026.pdf,
HON'BLE MR. JUSTICE NONGMEIKAPAM KOTISWAR SINGH,SUPREME_COURT,2026,C.A. No.-003870-003870 - 2026,WG CDR SUCHETA EDNVSUNION OF INDIA,National,Principal,,,COMPLETED,28412/2024,ROHIT KUMAR- 3552 __,HON'BLE THE CHIEF JUSTICE,2026-03-24,813,https://api.sci.gov.in/supremecourt/2024/28412/28412_2024_1_1501_69761_Judgement_24-Mar-2026.pdf,2026 INSC 280(English),https://api.sci.gov.in/supremecourt/2024/28412/28412_2024_1_1501_69761_Judgement_24-Mar-2026.pdf,
HON'BLE MR. JUSTICE NONGMEIKAPAM KOTISWAR SINGH,SUPREME_COURT,2024,C.A. No.-009747-009757 - 2024,LT. COL. POOJA PALVSUNION OF INDIA,National,Principal,,,COMPLETED,32212/2024,RAKESH KUMAR- 2515 __,HON'BLE THE CHIEF JUSTICE,2026-03-24,813,https://api.sci.gov.in/supremecourt/2024/32212/32212_2024_1_1502_69761_Judgement_24-Mar-2026.pdf,2026 INSC 281(English),https://api.sci.gov.in/supremecourt/2024/32212/32212_2024_1_1502_69761_Judgement_24-Mar-2026.pdf,
HON'BLE MR. JUSTICE NONGMEIKAPAM KOTISWAR SINGH,SUPREME_COURT,2024,C.A. No.-014681 - 2024,YOGENDRA KUMAR SINGHVSUNION OF INDIA,National,Principal,,,COMPLETED,53802/2024,POOJA DHAR- 2048 __,HON'BLE THE CHIEF JUSTICE,2026-03-24,813,https://api.sci.gov.in/supremecourt/2024/53802/53802_2024_1_1503_69761_Judgement_24-Mar-2026.pdf,2026 INSC 282(English),https://api.sci.gov.in/supremecourt/2024/53802/53802_2024_1_1503_69761_Judgement_24-Mar-2026.pdf,
HON'BLE MR. JUSTICE NONGMEIKAPAM KOTISWAR SINGH,SUPREME_COURT,2026,SLP(C) No.-001484 - 2026,PRIYANKA SARKARIYAVSTHE UNION OF INDIA,National,Principal,,,COMPLETED,924/2026,AMOL B. KARANDE- 2114 __,HON'BLE MR. JUSTICE M.M. SUNDRESH,2026-04-16,105,https://api.sci.gov.in/supremecourt/2026/924/924_2026_5_1501_70361_Judgement_16-Apr-2026.pdf,2026 INSC 371(English),https://api.sci.gov.in/supremecourt/2026/924/924_2026_5_1501_70361_Judgement_16-Apr-2026.pdf,
HON'BLE MR. JUSTICE NONGMEIKAPAM KOTISWAR SINGH,SUPREME_COURT,2026,C.A. No.-004642-004642 - 2026,PRAHLAD SAHAIVSHARYANA ROADWAYS,National,Principal,,,COMPLETED,8436/2024,ANUJ BHANDARI- 2175 __,HON'BLE MR. JUSTICE K.V. VISWANATHAN,2026-04-21,841,https://api.sci.gov.in/supremecourt/2024/8436/8436_2024_15_1501_70464_Judgement_21-Apr-2026.pdf,2026 INSC 396(English),https://api.sci.gov.in/supremecourt/2024/8436/8436_2024_15_1501_70464_Judgement_21-Apr-2026.pdf,
HON'BLE MR. JUSTICE NONGMEIKAPAM KOTISWAR SINGH,SUPREME_COURT,2026,C.A. No.-004563-004563 - 2026,NAGREEKA INDCON PRODUCTS PVT. LTD.VSCARGOCARE LOGISTICS (INDIA) PVT. LTD.,National,Principal,,,COMPLETED,23511/2023,KRISHAN KUMAR- 1742 __,HON'BLE MR. JUSTICE SANJAY KAROL,2026-04-17,1202,https://api.sci.gov.in/supremecourt/2023/23511/23511_2023_11_1501_70192_Judgement_17-Apr-2026.pdf,2026 INSC 384(English),https://api.sci.gov.in/supremecourt/2023/23511/23511_2023_11_1501_70192_Judgement_17-Apr-2026.pdf,
HON'BLE MR. JUSTICE NONGMEIKAPAM KOTISWAR SINGH,SUPREME_COURT,2025,C.A. No.-010262-010262 - 2025,THE WEST BENGAL STATE ELECTRICITY TRANSMISSION CO LTDVSDIPENDU BISWAS,National,Principal,,,COMPLETED,28205/2024,KUNAL CHATTERJI- 1811 __,HON'BLE MR. JUSTICE NONGMEIKAPAM KOTISWAR SINGH,2026-04-07,827,https://api.sci.gov.in/supremecourt/2024/28205/28205_2024_11_1502_69981_Judgement_07-Apr-2026.pdf,2026 INSC 330(English),https://api.sci.gov.in/supremecourt/2024/28205/28205_2024_11_1502_69981_Judgement_07-Apr-2026.pdf,
HON'BLE MR. JUSTICE NONGMEIKAPAM KOTISWAR SINGH,SUPREME_COURT,2024,MA-000239 - 2024,SATINDER SINGH BHASINVSGOVERNMENT OF NCT OF DELHI,National,Principal,,,COMPLETED,44179/2023,__,HON'BLE MR. JUSTICE SANJAY KAROL,2026-04-02,1187,https://api.sci.gov.in/supremecourt/2023/44179/44179_2023_11_1501_69882_Judgement_02-Apr-2026.pdf,2026 INSC 310(English),https://api.sci.gov.in/supremecourt/2023/44179/44179_2023_11_1501_69882_Judgement_02-Apr-2026.pdf,
HON'BLE MR. JUSTICE NONGMEIKAPAM KOTISWAR SINGH,SUPREME_COURT,2026,C.A. No.-004562-004562 - 2026,"AGRICULTURE PRODUCE MARKET COMMITTEE, DEESAVSNATIONAL HORTICULTURE BOARD",National,Principal,,,COMPLETED,45505/2024,K. V. BHARATHI UPADHYAYA- 1589 __,HON'BLE MR. JUSTICE SANJAY KAROL,2026-04-17,837,https://api.sci.gov.in/supremecourt/2024/45505/45505_2024_11_1502_70192_Judgement_17-Apr-2026.pdf,2026 INSC 385(English),https://api.sci.gov.in/supremecourt/2024/45505/45505_2024_11_1502_70192_Judgement_17-Apr-2026.pdf,
HON'BLE MR. JUSTICE NONGMEIKAPAM KOTISWAR SINGH,SUPREME_COURT,2026,Crl.A. No.-001793-001793 - 2026,SAROJ PANDEYVSSTATE (GOVT. OF NCT OF DELHI,National,Principal,,,COMPLETED,68403/2025,SHYAMAL KUMAR- 2003 __,HON'BLE MR. JUSTICE SANJAY KAROL,2026-04-07,461,https://api.sci.gov.in/supremecourt/2025/68403/68403_2025_11_1501_69981_Judgement_07-Apr-2026.pdf,2026 INSC 324(English),https://api.sci.gov.in/supremecourt/2025/68403/68403_2025_11_1501_69981_Judgement_07-Apr-2026.pdf,
HON'BLE MR. JUSTICE NONGMEIKAPAM KOTISWAR SINGH,SUPREME_COURT,2025,Crl.A. No.-002859-002859 - 2025,VIJAYAKUMARVSSTATE OF TAMILNADU,National,Principal,,,COMPLETED,1112/2025,M.P. PARTHIBAN- 2667 __,HON'BLE MR. JUSTICE NONGMEIKAPAM KOTISWAR SINGH,2026-05-22,506,https://api.sci.gov.in/supremecourt/2025/1112/1112_2025_5_1502_71440_Judgement_22-May-2026.pdf,2026 INSC 525(English),https://api.sci.gov.in/supremecourt/2025/1112/1112_2025_5_1502_71440_Judgement_22-May-2026.pdf,
HON'BLE MR. JUSTICE NONGMEIKAPAM KOTISWAR SINGH,SUPREME_COURT,2026,Crl.A. No.-002777-002777 - 2026,BHAGAT SINGHVSTHE STATE OF UTTAR PRADESH,National,Principal,,,COMPLETED,10813/2026,DCOSTA IVO MANUEL SIMON- 3486 __,HON'BLE MR. JUSTICE NONGMEIKAPAM KOTISWAR SINGH,2026-05-22,141,https://api.sci.gov.in/supremecourt/2026/10813/10813_2026_5_1504_71440_Judgement_22-May-2026.pdf,2026 INSC 527(English),https://api.sci.gov.in/supremecourt/2026/10813/10813_2026_5_1504_71440_Judgement_22-May-2026.pdf,
HON'BLE MR. JUSTICE NONGMEIKAPAM KOTISWAR SINGH,SUPREME_COURT,2011,Crl.A. No.-002207-002207 - 2011,ROSHAN LALVSTHE STATE OF HARYANA,National,Principal,,,COMPLETED,37964/2010,SUMIT SRIVAASTAVA- 1644 __,HON'BLE MR. JUSTICE NONGMEIKAPAM KOTISWAR SINGH,2026-05-22,5985,https://api.sci.gov.in/supremecourt/2010/37964/37964_2010_5_1501_71440_Judgement_22-May-2026.pdf,2026 INSC 524(English),https://api.sci.gov.in/supremecourt/2010/37964/37964_2010_5_1501_71440_Judgement_22-May-2026.pdf,
HON'BLE MR. JUSTICE NONGMEIKAPAM KOTISWAR SINGH,SUPREME_COURT,2026,Crl.A. No.-002647-002647 - 2026,RAMBALAKVSSTATE OF U.P.,National,Principal,,,COMPLETED,48324/2025,RAMJEE PANDEY- 2376 __,HON'BLE MR. JUSTICE SANJAY KAROL,2026-05-19,503,https://api.sci.gov.in/supremecourt/2025/48324/48324_2025_9_1501_71419_Judgement_19-May-2026.pdf,2026 INSC 511(English),https://api.sci.gov.in/supremecourt/2025/48324/48324_2025_9_1501_71419_Judgement_19-May-2026.pdf,
HON'BLE MR. JUSTICE NONGMEIKAPAM KOTISWAR SINGH,SUPREME_COURT,2026,Crl.A. No.-002771-002771 - 2026,MOHSEENVSTHE STATE OF UP,National,Principal,,,COMPLETED,56981/2025,ANSAR AHMAD CHAUDHARY- 1402 __,HON'BLE MR. JUSTICE NONGMEIKAPAM KOTISWAR SINGH,2026-05-22,506,https://api.sci.gov.in/supremecourt/2025/56981/56981_2025_5_1503_71440_Judgement_22-May-2026.pdf,2026 INSC 526(English),https://api.sci.gov.in/supremecourt/2025/56981/56981_2025_5_1503_71440_Judgement_22-May-2026.pdf,
HON'BLE MR. JUSTICE NONGMEIKAPAM KOTISWAR SINGH,SUPREME_COURT,2026,Crl.A. No.-002881-002881 - 2026,ARTI MEHTAVSTHE STATE OF MADHYA PRADESH,National,Principal,,,COMPLETED,58255/2024,VIDHI PANKAJ THAKER- 3668 __,HON'BLE MR. JUSTICE M.M. SUNDRESH,2026-05-25,875,https://api.sci.gov.in/supremecourt/2024/58255/58255_2024_5_1501_71495_Judgement_25-May-2026.pdf,2026 INSC 533(English),https://api.sci.gov.in/supremecourt/2024/58255/58255_2024_5_1501_71495_Judgement_25-May-2026.pdf,
HON'BLE MR. JUSTICE NONGMEIKAPAM KOTISWAR SINGH,SUPREME_COURT,2026,Crl.A. No.-002917-002917 - 2026,THE STATE BY LOKAYUKTHA POLICEVSK. RANGAYYA,National,Principal,,,COMPLETED,61194/2024,NISHANTH PATIL- 2510 __,HON'BLE MR. JUSTICE NONGMEIKAPAM KOTISWAR SINGH,2026-05-26,876,https://api.sci.gov.in/supremecourt/2024/61194/61194_2024_5_1501_71560_Judgement_26-May-2026.pdf,2026 INSC 574(English),https://api.sci.gov.in/supremecourt/2024/61194/61194_2024_5_1501_71560_Judgement_26-May-2026.pdf,
HON'BLE MR. JUSTICE NONGMEIKAPAM KOTISWAR SINGH,SUPREME_COURT,2026,C.A. No.-008459-008460 - 2026,SUREKHA DOMAJI BELEVSEXECUTIVE ENGINEER TESTING DIVISION MSEDCL,National,Principal,,,COMPLETED,11294/2025,PETITIONER-IN-PERSON __,HON'BLE MR. JUSTICE NONGMEIKAPAM KOTISWAR SINGH,2026-06-11,526,https://api.sci.gov.in/supremecourt/2025/11294/11294_2025_6_1506_71848_Judgement_11-Jun-2026.pdf,2026 INSC 639(English),https://api.sci.gov.in/supremecourt/2025/11294/11294_2025_6_1506_71848_Judgement_11-Jun-2026.pdf,
HON'BLE MR. JUSTICE NONGMEIKAPAM KOTISWAR SINGH,SUPREME_COURT,2026,C.A. No.-008457-008458 - 2026,SHEETAL VASANT THAKURVSCHIRAG ARORA,National,Principal,,,COMPLETED,27521/2024,DHIRAJ ABRAHAM PHILIP- 2643 __,HON'BLE MR. JUSTICE NONGMEIKAPAM KOTISWAR SINGH,2026-06-11,892,https://api.sci.gov.in/supremecourt/2024/27521/27521_2024_6_1505_71848_Judgement_11-Jun-2026.pdf,2026 INSC 638(English),https://api.sci.gov.in/supremecourt/2024/27521/27521_2024_6_1505_71848_Judgement_11-Jun-2026.pdf,
HON'BLE MR. JUSTICE NONGMEIKAPAM KOTISWAR SINGH,SUPREME_COURT,2026,C.A. No.-008455-008455 - 2026,"THE COMMISSIONER, BRUHAT BANGALORE MAHANAGARA PALIKEVSK.K. UMESH KUMAR",National,Principal,,,COMPLETED,28814/2020,NULI & NULI- 2021 __ MANJEET CHAWLA- 378,HON'BLE MR. JUSTICE SANJAY KAROL,2026-06-11,2353,https://api.sci.gov.in/supremecourt/2020/28814/28814_2020_6_1503_71848_Judgement_11-Jun-2026.pdf,2026 INSC 637(English),https://api.sci.gov.in/supremecourt/2020/28814/28814_2020_6_1503_71848_Judgement_11-Jun-2026.pdf,
HON'BLE MR. JUSTICE NONGMEIKAPAM KOTISWAR SINGH,SUPREME_COURT,2026,C.A. No.-008461-008461 - 2026,ATUL CHAUHANVSSTATE OF HARYANA,National,Principal,,,COMPLETED,31031/2025,SHUBHAM BHALLA- 2430 __,HON'BLE MR. JUSTICE NONGMEIKAPAM KOTISWAR SINGH,2026-06-11,526,https://api.sci.gov.in/supremecourt/2025/31031/31031_2025_6_1507_71848_Judgement_11-Jun-2026.pdf,2026 INSC 640(English),https://api.sci.gov.in/supremecourt/2025/31031/31031_2025_6_1507_71848_Judgement_11-Jun-2026.pdf,
HON'BLE MR. JUSTICE NONGMEIKAPAM KOTISWAR SINGH,SUPREME_COURT,2011,C.A. No.-002950-002950 - 2011,MAKARDHWAJ RAMVSJAGDISH RAI (DEAD) TH. LRS.,National,Principal,,,COMPLETED,39144/2009,LAKSHMI RAMAN SINGH- 314 __ GOPAL PRASAD- 1252,HON'BLE MR. JUSTICE SANJAY KAROL,2026-06-11,6370,https://api.sci.gov.in/supremecourt/2009/39144/39144_2009_6_1502_71848_Judgement_11-Jun-2026.pdf,2026 INSC 636(English),https://api.sci.gov.in/supremecourt/2009/39144/39144_2009_6_1502_71848_Judgement_11-Jun-2026.pdf,
HON'BLE MR. JUSTICE NONGMEIKAPAM KOTISWAR SINGH,SUPREME_COURT,2026,C.A. No.-008462-008462 - 2026,GAURAV MEHLAVSSTATE OF HARYANA,National,Principal,,,COMPLETED,44667/2025,SHREY KAPOOR- 3180 __,HON'BLE MR. JUSTICE NONGMEIKAPAM KOTISWAR SINGH,2026-06-11,526,https://api.sci.gov.in/supremecourt/2025/44667/44667_2025_6_1508_71848_Judgement_11-Jun-2026.pdf,2026 INSC 641(English),https://api.sci.gov.in/supremecourt/2025/44667/44667_2025_6_1508_71848_Judgement_11-Jun-2026.pdf,
HON'BLE MR. JUSTICE NONGMEIKAPAM KOTISWAR SINGH,SUPREME_COURT,2026,C.A. No.-008456-008456 - 2026,SHISHUPAL @ SHISH RAMVSSURJEET,National,Principal,,,COMPLETED,49698/2025,AANCHAL JAIN- 2683 __,HON'BLE MR. JUSTICE SANJAY KAROL,2026-06-11,526,https://api.sci.gov.in/supremecourt/2025/49698/49698_2025_6_1504_71848_Judgement_11-Jun-2026.pdf,2026 INSC 634(English),https://api.sci.gov.in/supremecourt/2025/49698/49698_2025_6_1504_71848_Judgement_11-Jun-2026.pdf,
HON'BLE MR. JUSTICE NONGMEIKAPAM KOTISWAR SINGH,SUPREME_COURT,2026,C.A. No.-009029-009029 - 2026,RAHULVSTHE NEW INDIA ASSURANCE COMPANY LIMITED,National,Principal,,,COMPLETED,5710/2024,RAJAT JOSEPH- 2404 __,HON'BLE MR. JUSTICE NONGMEIKAPAM KOTISWAR SINGH,2026-07-16,927,https://api.sci.gov.in/supremecourt/2024/5710/5710_2024_8_1503_72369_Judgement_16-Jul-2026.pdf,2026 INSC 710(English),https://api.sci.gov.in/supremecourt/2024/5710/5710_2024_8_1503_72369_Judgement_16-Jul-2026.pdf,
HON'BLE MR. JUSTICE NONGMEIKAPAM KOTISWAR SINGH,SUPREME_COURT,2026,Crl.A. No.-003316-003316 - 2026,SANJAY KUMARVSTHE STATE OF BIHAR,National,Principal,,,COMPLETED,6004/2026,FAUZIA SHAKIL- 2429 __,HON'BLE MR. JUSTICE SATISH CHANDRA SHARMA,2026-07-21,201,https://api.sci.gov.in/supremecourt/2026/6004/6004_2026_16_1501_72347_Judgement_21-Jul-2026.pdf,2026 INSC 735(English),https://api.sci.gov.in/supremecourt/2026/6004/6004_2026_16_1501_72347_Judgement_21-Jul-2026.pdf,
HON'BLE MR. JUSTICE NONGMEIKAPAM KOTISWAR SINGH,SUPREME_COURT,2026,C.A. No.-009006-009006 - 2026,LAKSHMIVSGOPI,National,Principal,,,COMPLETED,11231/2023,NISHE RAJEN SHONKER- 1698 __,HON'BLE MR. JUSTICE SANJAY KAROL,2026-07-15,1291,https://api.sci.gov.in/supremecourt/2023/11231/11231_2023_8_1502_72356_Judgement_15-Jul-2026.pdf,2026 INSC 709(English),https://api.sci.gov.in/supremecourt/2023/11231/11231_2023_8_1502_72356_Judgement_15-Jul-2026.pdf,
HON'BLE MR. JUSTICE NONGMEIKAPAM KOTISWAR SINGH,SUPREME_COURT,2026,C.A. No.-009020-009020 - 2026,M/S BAJAJ TRADING COMPANYVSUNION OF INDIA,National,Principal,,,COMPLETED,13821/2025,GUNJAN KUMAR- 2907 __,HON'BLE MR. JUSTICE SANJAY KAROL,2026-07-16,561,https://api.sci.gov.in/supremecourt/2025/13821/13821_2025_8_1502_72369_Judgement_16-Jul-2026.pdf,2026 INSC 711(English),https://api.sci.gov.in/supremecourt/2025/13821/13821_2025_8_1502_72369_Judgement_16-Jul-2026.pdf,
HON'BLE MR. JUSTICE NONGMEIKAPAM KOTISWAR SINGH,SUPREME_COURT,2026,Crl.A. No.-003094-003094 - 2026,SHAURYA SUNIL KUMAR SINGHVSCENTRAL BUREAU OF INVESTIGATION,National,Principal,,,COMPLETED,13835/2026,VIDHI PANKAJ THAKER- 3668 __,HON'BLE MR. JUSTICE SANJAY KAROL,2026-07-01,181,https://api.sci.gov.in/supremecourt/2026/13835/13835_2026_4_1507_71905_Judgement_01-Jul-2026.pdf,2026 INSC 666(English),https://api.sci.gov.in/supremecourt/2026/13835/13835_2026_4_1507_71905_Judgement_01-Jul-2026.pdf,
HON'BLE MR. JUSTICE NONGMEIKAPAM KOTISWAR SINGH,SUPREME_COURT,2026,C.A. No.-009005-009005 - 2026,SANJAY SHARMA @ SANJAY BHARDWAJVSKRISHNADHAN KHAWARE,National,Principal,,,COMPLETED,21359/2022,VATSALYA VIGYA- 3007 __,HON'BLE MR. JUSTICE SANJAY KAROL,2026-07-15,1656,https://api.sci.gov.in/supremecourt/2022/21359/21359_2022_8_1501_72356_Judgement_15-Jul-2026.pdf,2026 INSC 708(English),https://api.sci.gov.in/supremecourt/2022/21359/21359_2022_8_1501_72356_Judgement_15-Jul-2026.pdf,
HON'BLE MR. JUSTICE NONGMEIKAPAM KOTISWAR SINGH,SUPREME_COURT,2012,C.A. No.-005714-005714 - 2012,THE BRITISH MOTOR CAR COMPANY (1934) PRIVATE LTD.VSM/S HINDUSTAN COMMERCIAL BANK LTD. SINCE HAS BEEN MERGED INTO PUNJAB NATIONAL BANK,National,Principal,,,COMPLETED,21534/2012,BHARGAVA V. DESAI- 97 __ MITTER & MITTER CO.- 400,HON'BLE MR. JUSTICE SANJAY KAROL,2026-07-09,5303,https://api.sci.gov.in/supremecourt/2012/21534/21534_2012_14_1501_71942_Judgement_09-Jul-2026.pdf,2026 INSC 671(English),https://api.sci.gov.in/supremecourt/2012/21534/21534_2012_14_1501_71942_Judgement_09-Jul-2026.pdf,
HON'BLE MR. JUSTICE NONGMEIKAPAM KOTISWAR SINGH,SUPREME_COURT,2026,Crl.A. No.-003093-003093 - 2026,PARVEEN KUMAR@ PARVEEN CHAUHANVSSTATE OF HARYANA,National,Principal,,,COMPLETED,21885/2026,SUNIL KUMAR VERMA- 1530 __,HON'BLE MR. JUSTICE SANJAY KAROL,2026-07-01,181,https://api.sci.gov.in/supremecourt/2026/21885/21885_2026_4_1508_71905_Judgement_01-Jul-2026.pdf,2026 INSC 667(English),https://api.sci.gov.in/supremecourt/2026/21885/21885_2026_4_1508_71905_Judgement_01-Jul-2026.pdf,
HON'BLE MR. JUSTICE NONGMEIKAPAM KOTISWAR SINGH,SUPREME_COURT,2026,C.A. No.-008739-008739 - 2026,KRISHNA KUMAR OJHAVSJITENDRA CHAUDHARY,National,Principal,,,COMPLETED,22669/2025,ANISHA UPADHYAY- 2397 __,HON'BLE MR. JUSTICE SANJAY KAROL,2026-07-01,546,https://api.sci.gov.in/supremecourt/2025/22669/22669_2025_4_1503_71905_Judgement_01-Jul-2026.pdf,2026 INSC 662(English),https://api.sci.gov.in/supremecourt/2025/22669/22669_2025_4_1503_71905_Judgement_01-Jul-2026.pdf,
HON'BLE MR. JUSTICE NONGMEIKAPAM KOTISWAR SINGH,SUPREME_COURT,2026,C.A. No.-008781-008782 - 2026,BIHAR STATE FINANCIAL CORPORATIONVSBHUSHAN SINGH,National,Principal,,,COMPLETED,28406/2025,YUGANDHARA PAWAR JHA- 2514 __,HON'BLE MR. JUSTICE SANJAY KAROL,2026-07-09,554,https://api.sci.gov.in/supremecourt/2025/28406/28406_2025_14_1503_71942_Judgement_09-Jul-2026.pdf,2026 INSC 673(English),https://api.sci.gov.in/supremecourt/2025/28406/28406_2025_14_1503_71942_Judgement_09-Jul-2026.pdf,
HON'BLE MR. JUSTICE NONGMEIKAPAM KOTISWAR SINGH,SUPREME_COURT,2026,C.A. No.-004400-004400 - 2026,MALKIT SINGHVSSTATE OF U.T. CHANDIGARH,National,Principal,,,COMPLETED,39485/2025,GORANG GOYAL- 4019 __,HON'BLE MR. JUSTICE SANJAY KAROL,2026-07-01,546,https://api.sci.gov.in/supremecourt/2025/39485/39485_2025_4_1504_71905_Judgement_01-Jul-2026.pdf,2026 INSC 663(English),https://api.sci.gov.in/supremecourt/2025/39485/39485_2025_4_1504_71905_Judgement_01-Jul-2026.pdf,
HON'BLE MR. JUSTICE NONGMEIKAPAM KOTISWAR SINGH,SUPREME_COURT,2026,Crl.A. No.-003092-003092 - 2026,NEERAJ GUPTAVSPARDEEP KUMAR BANSAL,National,Principal,,,COMPLETED,40089/2019,RAKHI RAY- 1329 __,HON'BLE MR. JUSTICE SANJAY KAROL,2026-07-01,2738,https://api.sci.gov.in/supremecourt/2019/40089/40089_2019_4_1501_71905_Judgement_01-Jul-2026.pdf,2026 INSC 660(English),https://api.sci.gov.in/supremecourt/2019/40089/40089_2019_4_1501_71905_Judgement_01-Jul-2026.pdf,
HON'BLE MR. JUSTICE NONGMEIKAPAM KOTISWAR SINGH,SUPREME_COURT,2026,C.A. No.-008780-008780 - 2026,BEJLA ORAONVSKALI DAS ORAON,National,Principal,,,COMPLETED,41098/2024,MOHINI PRIYA- 2977 __,HON'BLE MR. JUSTICE NONGMEIKAPAM KOTISWAR SINGH,2026-07-09,920,https://api.sci.gov.in/supremecourt/2024/41098/41098_2024_14_1502_71942_Judgement_09-Jul-2026.pdf,2026 INSC 672(English),https://api.sci.gov.in/supremecourt/2024/41098/41098_2024_14_1502_71942_Judgement_09-Jul-2026.pdf,
HON'BLE MR. JUSTICE NONGMEIKAPAM KOTISWAR SINGH,SUPREME_COURT,2026,C.A. No.-008735-008735 - 2026,RASHMIREKHA TRIPATHYVSTHE BRANCH MANAGER (LEGAL CLAIMS) SHRIRAM GENERAL INSURANCE COMPANY LTD.,National,Principal,,,COMPLETED,48910/2024,KEDAR NATH TRIPATHY- 1749 __,HON'BLE MR. JUSTICE SANJAY KAROL,2026-07-01,912,https://api.sci.gov.in/supremecourt/2024/48910/48910_2024_4_1502_71905_Judgement_01-Jul-2026.pdf,2026 INSC 661(English),https://api.sci.gov.in/supremecourt/2024/48910/48910_2024_4_1502_71905_Judgement_01-Jul-2026.pdf,
HON'BLE MR. JUSTICE NONGMEIKAPAM KOTISWAR SINGH,SUPREME_COURT,2026,C.A. No.-009021-009021 - 2026,BASAMMAVSGOPARAPPA,National,Principal,,,COMPLETED,50409/2023,ANIRUDH SANGANERIA- 2385 __,HON'BLE MR. JUSTICE SANJAY KAROL,2026-07-16,1292,https://api.sci.gov.in/supremecourt/2023/50409/50409_2023_8_1501_72369_Judgement_16-Jul-2026.pdf,2026 INSC 712(English),https://api.sci.gov.in/supremecourt/2023/50409/50409_2023_8_1501_72369_Judgement_16-Jul-2026.pdf,
HON'BLE MR. JUSTICE NONGMEIKAPAM KOTISWAR SINGH,SUPREME_COURT,2026,C.A. No.-008738-008738 - 2026,SHOBHA VASANT BHOIRVSSONI @ VANDANA GURUMUKHDAS JAGIASI,National,Principal,,,COMPLETED,50608/2025,SAHIL TAGOTRA- 2520 __,HON'BLE MR. JUSTICE SANJAY KAROL,2026-07-01,546,https://api.sci.gov.in/supremecourt/2025/50608/50608_2025_4_1505_71905_Judgement_01-Jul-2026.pdf,2026 INSC 664(English),https://api.sci.gov.in/supremecourt/2025/50608/50608_2025_4_1505_71905_Judgement_01-Jul-2026.pdf,
HON'BLE MR. JUSTICE NONGMEIKAPAM KOTISWAR SINGH,SUPREME_COURT,2026,C.A. No.-008978-008978 - 2026,MAHINDERVSPURAN SINGH,National,Principal,,,COMPLETED,51986/2025,SATISH KUMAR- 1822 __,HON'BLE MR. JUSTICE SANJAY KAROL,2026-07-14,559,https://api.sci.gov.in/supremecourt/2025/51986/51986_2025_8_1501_72170_Judgement_14-Jul-2026.pdf,2026 INSC 698(English),https://api.sci.gov.in/supremecourt/2025/51986/51986_2025_8_1501_72170_Judgement_14-Jul-2026.pdf,
HON'BLE MR. JUSTICE NONGMEIKAPAM KOTISWAR SINGH,SUPREME_COURT,2026,Crl.A. No.-003095-003095 - 2026,CHANDRIKABE N KISHOR DAFDAVSSTATE OF GUJARAT,National,Principal,,,COMPLETED,57217/2025,NAMIT SAXENA- 2887 __,HON'BLE MR. JUSTICE SANJAY KAROL,2026-07-01,546,https://api.sci.gov.in/supremecourt/2025/57217/57217_2025_4_1506_71905_Judgement_01-Jul-2026.pdf,2026 INSC 665(English),https://api.sci.gov.in/supremecourt/2025/57217/57217_2025_4_1506_71905_Judgement_01-Jul-2026.pdf,
HON'BLE MR. JUSTICE NONGMEIKAPAM KOTISWAR SINGH,SUPREME_COURT,2026,C.A. No.-008786-008786 - 2026,M/S. LEVITATE MOBILE TECHNOLOGIES PVT. LTD.VSM/S. STANDARD CHARTERED BANK,National,Principal,,,COMPLETED,57548/2025,PREETY MAKKAR- 3359 __,HON'BLE MR. JUSTICE NONGMEIKAPAM KOTISWAR SINGH,2026-07-09,554,https://api.sci.gov.in/supremecourt/2025/57548/57548_2025_14_1504_71942_Judgement_09-Jul-2026.pdf,2026 INSC 674(English),https://api.sci.gov.in/supremecourt/2025/57548/57548_2025_14_1504_71942_Judgement_09-Jul-2026.pdf,
HON'BLE MR. JUSTICE NONGMEIKAPAM KOTISWAR SINGH,SUPREME_COURT,2018,C.A. No.-000683 - 2018,VYAKTI VIKAS KENDRA INDIAVSMANOJ MISRA (DEAD),National,Principal,,,COMPLETED,135/2018,__,HON'BLE MR. JUSTICE SATISH CHANDRA SHARMA,2026-08-22,3155,https://api.sci.gov.in/supremecourt/2018/135/135_2018_13_1501_73705_Judgement_22-Aug-2026.pdf,2026 INSC 910(English),https://api.sci.gov.in/supremecourt/2018/135/135_2018_13_1501_73705_Judgement_22-Aug-2026.pdf,
HON'BLE MR. JUSTICE NONGMEIKAPAM KOTISWAR SINGH,SUPREME_COURT,2026,Crl.A. No.-003647-003648 - 2026,LOKESH B.HVSSTATE OF KARNATAKA,National,Principal,,,COMPLETED,1062/2026,NULI & NULI- 2021 __,HON'BLE MR. JUSTICE SANJAY KAROL,2026-08-03,214,https://api.sci.gov.in/supremecourt/2026/1062/1062_2026_8_1503_73079_Judgement_03-Aug-2026.pdf,2026 INSC 784(English),https://api.sci.gov.in/supremecourt/2026/1062/1062_2026_8_1503_73079_Judgement_03-Aug-2026.pdf,
HON'BLE MR. JUSTICE NONGMEIKAPAM KOTISWAR SINGH,SUPREME_COURT,2013,C.A. No.-010169-010170 - 2013,PAZHANATHAL (D) THR. LRS.VSALAMATHAL (D) THR.LRS.,National,Principal,,,COMPLETED,3902/2009,N. L. GANAPATHI- 1325 __,HON'BLE MR. JUSTICE NONGMEIKAPAM KOTISWAR SINGH,2026-08-13,6433,https://api.sci.gov.in/supremecourt/2009/3902/3902_2009_17_1501_73206_Judgement_13-Aug-2026.pdf,2026 INSC 860(English),https://api.sci.gov.in/supremecourt/2009/3902/3902_2009_17_1501_73206_Judgement_13-Aug-2026.pdf,
HON'BLE MR. JUSTICE NONGMEIKAPAM KOTISWAR SINGH,SUPREME_COURT,2025,Crl.A. No.-002938 - 2025,THE STATE OF UTTAR PRADESHVSBRIJ PAL SINGH,National,Principal,,,COMPLETED,22340/2025,VISHWA PAL SINGH- 1391 __,HON'BLE MR. JUSTICE SANJAY KAROL,2026-08-20,596,https://api.sci.gov.in/supremecourt/2025/22340/22340_2025_8_1501_73745_Judgement_20-Aug-2026.pdf,2026 INSC 901(English),https://api.sci.gov.in/supremecourt/2025/22340/22340_2025_8_1501_73745_Judgement_20-Aug-2026.pdf,
HON'BLE MR. JUSTICE NONGMEIKAPAM KOTISWAR SINGH,SUPREME_COURT,2025,C.A. No.-007687-007688 - 2025,THE NEW INDIA ASSURANCE COMPANY LIMITEDVSM/S LOUIS DREYFUS COMMODITIES INDIA PVT LTD,National,Principal,,,COMPLETED,31853/2025,MANJEET CHAWLA- 378 __,HON'BLE MR. JUSTICE SANJAY KAROL,2026-08-18,594,https://api.sci.gov.in/supremecourt/2025/31853/31853_2025_8_1501_73636_Judgement_18-Aug-2026.pdf,2026 INSC 876(English),https://api.sci.gov.in/supremecourt/2025/31853/31853_2025_8_1501_73636_Judgement_18-Aug-2026.pdf,
HON'BLE MR. JUSTICE NONGMEIKAPAM KOTISWAR SINGH,SUPREME_COURT,2026,C.A. No.-000238-000238 - 2026,SHAILENDRA KUMAR PATELVSSTATE OF CHHATTISGARH,National,Principal,,,COMPLETED,41048/2025,PARUL SHUKLA- 2473 __ ASWATHI M.K.- 2498,HON'BLE MR. JUSTICE NONGMEIKAPAM KOTISWAR SINGH,2026-08-20,596,https://api.sci.gov.in/supremecourt/2025/41048/41048_2025_8_1502_73745_Judgement_20-Aug-2026.pdf,2026 INSC 902(English),https://api.sci.gov.in/supremecourt/2025/41048/41048_2025_8_1502_73745_Judgement_20-Aug-2026.pdf,
HON'BLE MR. JUSTICE NONGMEIKAPAM KOTISWAR SINGH,SUPREME_COURT,2025,C.A. No.-013055-013055 - 2025,RUPESH R GAONKARVSTHE STATE OF GOA,National,Principal,,,COMPLETED,49732/2023,DCOSTA IVO MANUEL SIMON- 3486 __,HON'BLE MR. JUSTICE NONGMEIKAPAM KOTISWAR SINGH,2026-08-04,1311,https://api.sci.gov.in/supremecourt/2023/49732/49732_2023_17_1501_72953_Judgement_04-Aug-2026.pdf,2026 INSC 792(English),https://api.sci.gov.in/supremecourt/2023/49732/49732_2023_17_1501_72953_Judgement_04-Aug-2026.pdf,
HON'BLE MR. JUSTICE NONGMEIKAPAM KOTISWAR SINGH,SUPREME_COURT,2026,C.A. No.-010509-010510 - 2026,HARPREET SAWHNEYVSPUNEET SHARMA,National,Principal,,,COMPLETED,57166/2025,CHANDRA BHUSHAN PRASAD- 1864 __,HON'BLE MR. JUSTICE NONGMEIKAPAM KOTISWAR SINGH,2026-08-10,586,https://api.sci.gov.in/supremecourt/2025/57166/57166_2025_16_1501_73115_Judgement_10-Aug-2026.pdf,2026 INSC 822(English),https://api.sci.gov.in/supremecourt/2025/57166/57166_2025_16_1501_73115_Judgement_10-Aug-2026.pdf,
HON'BLE MR. JUSTICE NONGMEIKAPAM KOTISWAR SINGH,SUPREME_COURT,2026,Crl.A. No.-003874-003874 - 2026,VINOD SHIVAKUMARVSTHE STATE OF MAHARASHTRA,National,Principal,,,COMPLETED,60925/2025,ANAND DILIP LANDGE- 2739 __,HON'BLE MR. JUSTICE SATISH CHANDRA SHARMA,2026-08-14,590,https://api.sci.gov.in/supremecourt/2025/60925/60925_2025_15_1501_73334_Judgement_14-Aug-2026.pdf,2026 INSC 867(English),https://api.sci.gov.in/supremecourt/2025/60925/60925_2025_15_1501_73334_Judgement_14-Aug-2026.pdf,
HON'BLE MR. JUSTICE NONGMEIKAPAM KOTISWAR SINGH,SUPREME_COURT,2024,Crl.A. No.-004732-004732 - 2024,BHARAT RAJ MEENAVSCENTRAL BUREAU OF INVESTIGATION,National,Principal,,,COMPLETED,30716/2024,SUGANDHA ANAND- 3167 __,HON'BLE MR. JUSTICE SATISH CHANDRA SHARMA,2026-09-16,989,https://api.sci.gov.in/supremecourt/2024/30716/30716_2024_14_1501_74336_Judgement_16-Sep-2026.pdf,2026 INSC 999(English),https://api.sci.gov.in/supremecourt/2024/30716/30716_2024_14_1501_74336_Judgement_16-Sep-2026.pdf,
HON'BLE MR. JUSTICE R. MAHADEVAN,SUPREME_COURT,2026,C.A. No.-000262-000262 - 2026,THE AUTHORITY FOR ADVANCE RULINGS (INCOME TAX)VSTIGER GLOBAL INTERNATIONAL II HOLDINGS,National,Principal,,,COMPLETED,1251/2025,RAJ BAHADUR YADAV- 2771 __,HON'BLE MR. JUSTICE R. MAHADEVAN,2026-01-15,379,https://api.sci.gov.in/supremecourt/2025/1251/1251_2025_7_1501_67552_Judgement_15-Jan-2026.pdf,2026 INSC 60(English),https://api.sci.gov.in/supremecourt/2025/1251/1251_2025_7_1501_67552_Judgement_15-Jan-2026.pdf,
HON'BLE MR. JUSTICE R. MAHADEVAN,SUPREME_COURT,2018,Crl.A. No.-000430-000430 - 2018,THE STATE OF HIMACHAL PRADESHVSCHAMAN LAL,National,Principal,,,COMPLETED,7284/2015,ABHINAV MUKERJI __,HON'BLE MR. JUSTICE AHSANUDDIN AMANULLAH,2026-01-15,4032,https://api.sci.gov.in/supremecourt/2015/7284/7284_2015_13_1501_67374_Judgement_15-Jan-2026.pdf,2026 INSC 57(English),https://api.sci.gov.in/supremecourt/2015/7284/7284_2015_13_1501_67374_Judgement_15-Jan-2026.pdf,
HON'BLE MR. JUSTICE R. MAHADEVAN,SUPREME_COURT,2026,C.A. No.-000152-000152 - 2026,M/S JINDAL EQUIPMENT LEASING CONSULTANCY SERVICES LTD.VSCOMMISSIONER OF INCOME TAX,National,Principal,,,COMPLETED,25974/2020,KAVITA JHA __,HON'BLE MR. JUSTICE R. MAHADEVAN,2026-01-09,2200,https://api.sci.gov.in/supremecourt/2020/25974/25974_2020_13_1501_67326_Judgement_09-Jan-2026.pdf,2026 INSC 46(English),https://api.sci.gov.in/supremecourt/2020/25974/25974_2020_13_1501_67326_Judgement_09-Jan-2026.pdf,
HON'BLE MR. JUSTICE R. MAHADEVAN,SUPREME_COURT,2026,Crl.A. No.-000164-000164 - 2026,XVSTHE STATE OF UTTAR PRADESH,National,Principal,,,COMPLETED,26489/2025,MD. ALI- 2635 __,HON'BLE MR. JUSTICE R. MAHADEVAN,2026-01-09,373,https://api.sci.gov.in/supremecourt/2025/26489/26489_2025_13_1502_67326_Judgement_09-Jan-2026.pdf,2026 INSC 44(English),https://api.sci.gov.in/supremecourt/2025/26489/26489_2025_13_1502_67326_Judgement_09-Jan-2026.pdf,
HON'BLE MR. JUSTICE R. MAHADEVAN,SUPREME_COURT,2025,C.A. No.-010261 - 2025,ELEGNA CO-OP HOUSING AND COMMERCIAL SOCIETY LTDVSEDELWEISS ASSET RECONSTRUCTION COMPANY LIMITED,National,Principal,,,COMPLETED,37766/2025,PURTI GUPTA- 3237 __,HON'BLE MR. JUSTICE R. MAHADEVAN,2026-01-15,379,https://api.sci.gov.in/supremecourt/2025/37766/37766_2025_7_1502_67552_Judgement_15-Jan-2026.pdf,2026 INSC 58(English),https://api.sci.gov.in/supremecourt/2025/37766/37766_2025_7_1502_67552_Judgement_15-Jan-2026.pdf,
HON'BLE MR. JUSTICE R. MAHADEVAN,SUPREME_COURT,2025,Crl.A. No.-001425-001425 - 2025,AMIT KUMARVSUNION OF INDIA,National,Principal,,,COMPLETED,40105/2024,R. H. A. SIKANDER- 3227 __,HON'BLE MR. JUSTICE J.B. PARDIWALA,2026-01-15,745,https://api.sci.gov.in/supremecourt/2024/40105/40105_2024_7_301_67552_Judgement_15-Jan-2026.pdf,2026 INSC 62(English),https://api.sci.gov.in/supremecourt/2024/40105/40105_2024_7_301_67552_Judgement_15-Jan-2026.pdf,
HON'BLE MR. JUSTICE R. MAHADEVAN,SUPREME_COURT,2026,MA-000196 - 2026,JANE KAUSHIKVSUNION OF INDIA,National,Principal,,,COMPLETED,4527/2026,AMICUS CURIE __,HON'BLE MR. JUSTICE J.B. PARDIWALA,2026-02-06,36,https://api.sci.gov.in/supremecourt/2026/4527/4527_2026_6_302_68390_Judgement_06-Feb-2026.pdf,2026 INSC 129(English),https://api.sci.gov.in/supremecourt/2026/4527/4527_2026_6_302_68390_Judgement_06-Feb-2026.pdf,
HON'BLE MR. JUSTICE R. MAHADEVAN,SUPREME_COURT,2026,Crl.A. No.-001155-001155 - 2026,THE STATE OF KERALAVSM/S PANACEA BIOTEC LTD.,National,Principal,,,COMPLETED,5043/2023,HARSHAD V. HAMEED- 2127 __,HON'BLE MR. JUSTICE AHSANUDDIN AMANULLAH,2026-02-26,1152,https://api.sci.gov.in/supremecourt/2023/5043/5043_2023_13_1501_69014_Judgement_26-Feb-2026.pdf,2026 INSC 200(English),https://api.sci.gov.in/supremecourt/2023/5043/5043_2023_13_1501_69014_Judgement_26-Feb-2026.pdf,
HON'BLE MR. JUSTICE R. MAHADEVAN,SUPREME_COURT,2022,C.A. No.-005289 - 2022,PARSVNATH DEVELOPERS LTD.VSMOHIT KHIRBAT,National,Principal,,,COMPLETED,27035/2019,RAJESH P.- 2247 __ MONIKA GUSAIN,HON'BLE MR. JUSTICE R. MAHADEVAN,2026-02-20,2607,https://api.sci.gov.in/supremecourt/2019/27035/27035_2019_11_1501_68618_Judgement_20-Feb-2026.pdf,2026 INSC 170(English),https://api.sci.gov.in/supremecourt/2019/27035/27035_2019_11_1501_68618_Judgement_20-Feb-2026.pdf,
HON'BLE MR. JUSTICE R. MAHADEVAN,SUPREME_COURT,2026,C.A. No.-002557-002578 - 2026,M/S. HAMDARD (WAKF) LABORATORIESVSCOMMISSIONER OF COMMERCIAL TAX,National,Principal,,,COMPLETED,38580/2018,ABHISHEK KUMAR SINGH- 2821 __,HON'BLE MR. JUSTICE AHSANUDDIN AMANULLAH,2026-02-25,2977,https://api.sci.gov.in/supremecourt/2018/38580/38580_2018_13_1501_69013_Judgement_25-Feb-2026.pdf,2026 INSC 195(English),https://api.sci.gov.in/supremecourt/2018/38580/38580_2018_13_1501_69013_Judgement_25-Feb-2026.pdf,
HON'BLE MR. JUSTICE R. MAHADEVAN,SUPREME_COURT,2015,Crl.A. No.-001630-001630 - 2015,MANOJVSTHE STATE OF MAHARASHTRA,National,Principal,,,COMPLETED,40508/2014,FAISAL SHERWANI - 2284 __,HON'BLE MR. JUSTICE R. MAHADEVAN,2026-02-13,4426,https://api.sci.gov.in/supremecourt/2014/40508/40508_2014_13_1501_68380_Judgement_13-Feb-2026.pdf,2026 INSC 152(English),https://api.sci.gov.in/supremecourt/2014/40508/40508_2014_13_1501_68380_Judgement_13-Feb-2026.pdf,
HON'BLE MR. JUSTICE R. MAHADEVAN,SUPREME_COURT,2026,Crl.A. No.-000825-000825 - 2026,ZEBA KHANVSSTATE OF U.P.,National,Principal,,,COMPLETED,45234/2025,ALABHYA DHAMIJA- 4156 __,HON'BLE MR. JUSTICE R. MAHADEVAN,2026-02-11,406,https://api.sci.gov.in/supremecourt/2025/45234/45234_2025_13_1501_68493_Judgement_11-Feb-2026.pdf,2026 INSC 144(English),https://api.sci.gov.in/supremecourt/2025/45234/45234_2025_13_1501_68493_Judgement_11-Feb-2026.pdf,
HON'BLE MR. JUSTICE R. MAHADEVAN,SUPREME_COURT,2026,CONMT.PET.(C) No.-000005 - 2026,ISRAR AHMAD KHANVSMS. RICHA SHARMA,National,Principal,,,COMPLETED,68649/2025,NITESH RANJAN- 3551 __,HON'BLE MR. JUSTICE AHSANUDDIN AMANULLAH,2026-02-24,419,https://api.sci.gov.in/supremecourt/2025/68649/68649_2025_13_60_68849_Judgement_24-Feb-2026.pdf,2026 INSC 209(English),https://api.sci.gov.in/supremecourt/2025/68649/68649_2025_13_60_68849_Judgement_24-Feb-2026.pdf,
HON'BLE MR. JUSTICE R. MAHADEVAN,SUPREME_COURT,2026,C.A. No.-003362-003362 - 2026,OM SAKTHI SEKARVSV SUKUMAR,National,Principal,,,COMPLETED,2291/2022,AYUSH ANAND- 3409 __,HON'BLE MR. JUSTICE R. MAHADEVAN,2026-03-13,1532,https://api.sci.gov.in/supremecourt/2022/2291/2291_2022_7_1502_69377_Judgement_13-Mar-2026.pdf,2026 INSC 237(English),https://api.sci.gov.in/supremecourt/2022/2291/2291_2022_7_1502_69377_Judgement_13-Mar-2026.pdf,
HON'BLE MR. JUSTICE R. MAHADEVAN,SUPREME_COURT,2026,C.A. No.-003676-003676 - 2026,RELIANCE GENERAL INSURANCE COMPANY LTD.VSAVTAR SINGH,National,Principal,,,COMPLETED,9726/2020,PRERNA MEHTA- 1799 __,HON'BLE MR. JUSTICE AHSANUDDIN AMANULLAH,2026-03-23,2273,https://api.sci.gov.in/supremecourt/2020/9726/9726_2020_13_37_69555_Judgement_23-Mar-2026.pdf,2026 INSC 625(English),https://api.sci.gov.in/supremecourt/2020/9726/9726_2020_13_37_69555_Judgement_23-Mar-2026.pdf,
HON'BLE MR. JUSTICE R. MAHADEVAN,SUPREME_COURT,2024,C.A. No.-006100 - 2024,UNITED INDIA INSURANCE CO.LTD.VSSAYONA COLORS PVT. LTD.,National,Principal,,,COMPLETED,13972/2024,PRAMIT SAXENA- 1935 __,HON'BLE MR. JUSTICE AHSANUDDIN AMANULLAH,2026-03-17,806,https://api.sci.gov.in/supremecourt/2024/13972/13972_2024_13_8_69391_Judgement_17-Mar-2026.pdf,2026 INSC 287(English),https://api.sci.gov.in/supremecourt/2024/13972/13972_2024_13_8_69391_Judgement_17-Mar-2026.pdf,
HON'BLE MR. JUSTICE R. MAHADEVAN,SUPREME_COURT,2024,C.A. No.-013861-013861 - 2024,CANARA BANK OVERSEAS BRANCHVSARCHEAN INDUSTRIES PRIVATE LTD.,National,Principal,,,COMPLETED,16434/2022,RAJESH KUMAR GAUTAM- 2540 __,HON'BLE MR. JUSTICE R. MAHADEVAN,2026-03-17,1536,https://api.sci.gov.in/supremecourt/2022/16434/16434_2022_7_1503_69584_Judgement_17-Mar-2026.pdf,2026 INSC 247(English),https://api.sci.gov.in/supremecourt/2022/16434/16434_2022_7_1503_69584_Judgement_17-Mar-2026.pdf,
HON'BLE MR. JUSTICE R. MAHADEVAN,SUPREME_COURT,2021,W.P.(C) No.-000960 - 2021,HAMSAANANDINI NANDURIVSUNION OF INDIA,National,Principal,,,COMPLETED,18032/2021,MUKESH KUMAR SINGH AND CO.- 2589 __,HON'BLE MR. JUSTICE J.B. PARDIWALA,2026-03-17,1901,https://api.sci.gov.in/supremecourt/2021/18032/18032_2021_7_1502_69584_Judgement_17-Mar-2026.pdf,2026 INSC 246(English),https://api.sci.gov.in/supremecourt/2021/18032/18032_2021_7_1502_69584_Judgement_17-Mar-2026.pdf,
HON'BLE MR. JUSTICE R. MAHADEVAN,SUPREME_COURT,2026,Crl.A. No.-001617-001617 - 2026,SANDEEP YADAVVSSATISH,National,Principal,,,COMPLETED,20806/2025,KARTIKEYA BHARGAVA- 3073 __,HON'BLE MR. JUSTICE AHSANUDDIN AMANULLAH,2026-03-25,448,https://api.sci.gov.in/supremecourt/2025/20806/20806_2025_13_1501_69638_Judgement_25-Mar-2026.pdf,2026 INSC 301(English),https://api.sci.gov.in/supremecourt/2025/20806/20806_2025_13_1501_69638_Judgement_25-Mar-2026.pdf,
HON'BLE MR. JUSTICE R. MAHADEVAN,SUPREME_COURT,2018,C.A. No.-002827-002829 - 2018,UNION OF INDIAVSROHIT NATHAN,National,Principal,,,COMPLETED,30325/2017,ARVIND KUMAR SHARMA- 1133 __,HON'BLE MR. JUSTICE AHSANUDDIN AMANULLAH,2026-03-11,3356,https://api.sci.gov.in/supremecourt/2017/30325/30325_2017_13_1501_69248_Judgement_11-Mar-2026.pdf,2026 INSC 230(English),https://api.sci.gov.in/supremecourt/2017/30325/30325_2017_13_1501_69248_Judgement_11-Mar-2026.pdf,
HON'BLE MR. JUSTICE R. MAHADEVAN,SUPREME_COURT,2014,W.P.(C) No.-000022-000022 - 2014,MIZO CHIEF COUNCIL MIZORAM THR. PRESIDENT SHRI L. CHINZAHVSUNION OF INDIA,National,Principal,,,COMPLETED,39284/2013,KEDAR NATH TRIPATHY- 1749 __,HON'BLE MR. JUSTICE J.B. PARDIWALA,2026-03-13,4819,https://api.sci.gov.in/supremecourt/2013/39284/39284_2013_7_1501_69377_Judgement_13-Mar-2026.pdf,2026 INSC 236(English),https://api.sci.gov.in/supremecourt/2013/39284/39284_2013_7_1501_69377_Judgement_13-Mar-2026.pdf,
HON'BLE MR. JUSTICE R. MAHADEVAN,SUPREME_COURT,2026,Crl.A. No.-001864-001864 - 2026,DHAN JEE PANDEYVSTHE STATE OF BIHAR,National,Principal,,,COMPLETED,5530/2025,SARVSHREE- 3676 __,HON'BLE MR. JUSTICE R. MAHADEVAN,2026-04-10,464,https://api.sci.gov.in/supremecourt/2025/5530/5530_2025_13_1503_70006_Judgement_10-Apr-2026.pdf,2026 INSC 349(English),https://api.sci.gov.in/supremecourt/2025/5530/5530_2025_13_1503_70006_Judgement_10-Apr-2026.pdf,
HON'BLE MR. JUSTICE R. MAHADEVAN,SUPREME_COURT,2026,C.A. No.-004352-004352 - 2026,RAM CHANDRA CHOUDHARYVSROOP NAGAR DUGDH UTPADAK SAHAKARI SAMITI LTD,National,Principal,,,COMPLETED,20866/2023,PURUSHOTTAM SHARMA TRIPATHI- 1903 __,HON'BLE MR. JUSTICE AHSANUDDIN AMANULLAH,2026-04-10,1195,https://api.sci.gov.in/supremecourt/2023/20866/20866_2023_13_1501_70006_Judgement_10-Apr-2026.pdf,2026 INSC 347(English),https://api.sci.gov.in/supremecourt/2023/20866/20866_2023_13_1501_70006_Judgement_10-Apr-2026.pdf,
HON'BLE MR. JUSTICE R. MAHADEVAN,SUPREME_COURT,2026,C.A. No.-004353-004353 - 2026,M.V. RAMACHANDRASA SINCE DECEASED REPRESENTED BY LEGAL HEIRSVSM/S MAHENDRA WATCH COMPANY,National,Principal,,,COMPLETED,45990/2023,DEVASHISH BHARUKA __,HON'BLE MR. JUSTICE AHSANUDDIN AMANULLAH,2026-04-10,1195,https://api.sci.gov.in/supremecourt/2023/45990/45990_2023_13_1502_70006_Judgement_10-Apr-2026.pdf,2026 INSC 348(English),https://api.sci.gov.in/supremecourt/2023/45990/45990_2023_13_1502_70006_Judgement_10-Apr-2026.pdf,
HON'BLE MR. JUSTICE R. MAHADEVAN,SUPREME_COURT,2026,C.A. No.-007364-007364 - 2026,THE STATE OF JHARKHANDVSRANJAN KUMAR,National,Principal,,,COMPLETED,5809/2023,TULIKA MUKHERJEE- 2201 __,HON'BLE MR. JUSTICE AHSANUDDIN AMANULLAH,2026-05-08,1223,https://api.sci.gov.in/supremecourt/2023/5809/5809_2023_13_1501_70936_Judgement_08-May-2026.pdf,2026 INSC 466(English),https://api.sci.gov.in/supremecourt/2023/5809/5809_2023_13_1501_70936_Judgement_08-May-2026.pdf,
HON'BLE MR. JUSTICE R. MAHADEVAN,SUPREME_COURT,2022,MA-000530 - 2022,PRAJWALAVSUNION OF INDIA .,National,Principal,,,COMPLETED,7980/2022,RAJKUMARI BANJU- 2224 __ ABHINAV MUKERJI,HON'BLE MR. JUSTICE J.B. PARDIWALA,2026-05-29,1609,https://api.sci.gov.in/supremecourt/2022/7980/7980_2022_6_1502_71676_Judgement_29-May-2026.pdf,2026 INSC 609(English),https://api.sci.gov.in/supremecourt/2022/7980/7980_2022_6_1502_71676_Judgement_29-May-2026.pdf,
HON'BLE MR. JUSTICE R. MAHADEVAN,SUPREME_COURT,2026,C.A. No.-007370-007370 - 2026,MANJULAVSD.A. SRINIVAS,National,Principal,,,COMPLETED,13889/2024,MAHESH THAKUR- 2511 __,HON'BLE MR. JUSTICE J.B. PARDIWALA,2026-05-08,858,https://api.sci.gov.in/supremecourt/2024/13889/13889_2024_7_1501_71025_Judgement_08-May-2026.pdf,2026 INSC 465(English),https://api.sci.gov.in/supremecourt/2024/13889/13889_2024_7_1501_71025_Judgement_08-May-2026.pdf,
HON'BLE MR. JUSTICE R. MAHADEVAN,SUPREME_COURT,2026,C.A. No.-006883-006884 - 2026,THE STATE OF TAMIL NADUVSR SASIPRIYA,National,Principal,,,COMPLETED,16700/2025,PURNIMA KRISHNA- 2741 __,HON'BLE MR. JUSTICE AHSANUDDIN AMANULLAH,2026-05-04,488,https://api.sci.gov.in/supremecourt/2025/16700/16700_2025_12_1501_70762_Judgement_04-May-2026.pdf,2026 INSC 446(English),https://api.sci.gov.in/supremecourt/2025/16700/16700_2025_12_1501_70762_Judgement_04-May-2026.pdf,
HON'BLE MR. JUSTICE R. MAHADEVAN,SUPREME_COURT,2010,C.A. No.-008030-008030 - 2010,M/S ALUPRO BUILDING SYSTEMS PVT. LTD.VSCOMMISSIONER OF CENTRAL EXCISE BANGALORE II,National,Principal,,,COMPLETED,24511/2010,R. PARTHASARATHY- 1523 __ GURMEET SINGH MAKKER- 2357,HON'BLE MR. JUSTICE J.B. PARDIWALA,2026-05-27,5990,https://api.sci.gov.in/supremecourt/2010/24511/24511_2010_7_1504_71652_Judgement_27-May-2026.pdf,2026 INSC 582(English),https://api.sci.gov.in/supremecourt/2010/24511/24511_2010_7_1504_71652_Judgement_27-May-2026.pdf,
HON'BLE MR. JUSTICE R. MAHADEVAN,SUPREME_COURT,2020,C.A. No.-004015 - 2020,RELIANCE INDUSTRIES LIMITEDVSTHE SECURITIES AND EXCHANGE BOARD OF INDIA,National,Principal,,,COMPLETED,26825/2020,K. R. SASIPRABHU- 895 __,HON'BLE MR. JUSTICE J.B. PARDIWALA,2026-05-29,2340,https://api.sci.gov.in/supremecourt/2020/26825/26825_2020_6_1501_71676_Judgement_29-May-2026.pdf,2026 INSC 585(English),https://api.sci.gov.in/supremecourt/2020/26825/26825_2020_6_1501_71676_Judgement_29-May-2026.pdf,
HON'BLE MR. JUSTICE R. MAHADEVAN,SUPREME_COURT,2023,C.A. No.-006124-006131 - 2023,THE STATE OF TAMIL NADUVSJUNGLEE GAMES INDIA PRIVATE LIMITED,National,Principal,,,COMPLETED,27706/2021,JOSEPH ARISTOTLE S. __,HON'BLE MR. JUSTICE J.B. PARDIWALA,2026-05-27,1972,https://api.sci.gov.in/supremecourt/2021/27706/27706_2021_7_1503_71652_Judgement_27-May-2026.pdf,2026 INSC 594(English),https://api.sci.gov.in/supremecourt/2021/27706/27706_2021_7_1503_71652_Judgement_27-May-2026.pdf,
HON'BLE MR. JUSTICE R. MAHADEVAN,SUPREME_COURT,2026,C.A. No.-008241-008244 - 2026,DIRECTORATE GENERAL OF GOODS AND SERVICES TAX INTELLIGENCE (HQS)VSGAMESKRAFT TECHNOLOGIES PRIVATE LIMITED,National,Principal,,,COMPLETED,30797/2023,MUKESH KUMAR MARORIA- 2324 __,HON'BLE MR. JUSTICE R. MAHADEVAN,2026-05-27,1242,https://api.sci.gov.in/supremecourt/2023/30797/30797_2023_7_1505_71652_Judgement_27-May-2026.pdf,2026 INSC 595(English),https://api.sci.gov.in/supremecourt/2023/30797/30797_2023_7_1505_71652_Judgement_27-May-2026.pdf,
HON'BLE MR. JUSTICE R. MAHADEVAN,SUPREME_COURT,2026,C.A. No.-008212-008213 - 2026,GOPALAKRISHNA SURAPANENIVSANURADHA SURPANENI MAIDEN,National,Principal,,,COMPLETED,38999/2014,BALAJI SRINIVASAN- 1546 __ RESPONDENT-IN-PERSON,HON'BLE MR. JUSTICE AHSANUDDIN AMANULLAH,2026-05-27,4529,https://api.sci.gov.in/supremecourt/2014/38999/38999_2014_13_80_71651_Judgement_27-May-2026.pdf,2026 INSC 623(English),https://api.sci.gov.in/supremecourt/2014/38999/38999_2014_13_80_71651_Judgement_27-May-2026.pdf,
HON'BLE MR. JUSTICE R. MAHADEVAN,SUPREME_COURT,2026,C.A. No.-007998-007998 - 2026,GENERAL MANAGER (HR)VSK POOVARASAN,National,Principal,,,COMPLETED,71206/2025,RAJESH KUMAR GAUTAM- 2540 __,HON'BLE MR. JUSTICE AHSANUDDIN AMANULLAH,2026-05-19,503,https://api.sci.gov.in/supremecourt/2025/71206/71206_2025_12_12_71283_Judgement_19-May-2026.pdf,2026 INSC 581(English),https://api.sci.gov.in/supremecourt/2025/71206/71206_2025_12_12_71283_Judgement_19-May-2026.pdf,
HON'BLE MR. JUSTICE R. MAHADEVAN,SUPREME_COURT,2026,W.P.(Crl.) No.-000127-000127 - 2026,RUTVIJ BHAGAT SINGH WAKHAREVSTHE STATE OF MAHARASHTRA,National,Principal,,,COMPLETED,1071/2026,SIDDHARTHA SINHA- 3206 __,HON'BLE MR. JUSTICE SANJAY KAROL,2026-07-24,204,https://api.sci.gov.in/supremecourt/2026/1071/1071_2026_7_1501_72615_Judgement_24-Jul-2026.pdf,2026 INSC 740(English),https://api.sci.gov.in/supremecourt/2026/1071/1071_2026_7_1501_72615_Judgement_24-Jul-2026.pdf,
HON'BLE MR. JUSTICE R. MAHADEVAN,SUPREME_COURT,2019,Crl.A. No.-001827-001829 - 2019,ABDUL HAMEEDVSTHE STATE OF RAJASTHAN,National,Principal,,,COMPLETED,38125/2019,KAMINI JAISWAL- 292 __,HON'BLE MR. JUSTICE VIKRAM NATH,2026-07-21,2758,https://api.sci.gov.in/supremecourt/2019/38125/38125_2019_2_1501_72510_Judgement_21-Jul-2026.pdf,2026 INSC 734(English),https://api.sci.gov.in/supremecourt/2019/38125/38125_2019_2_1501_72510_Judgement_21-Jul-2026.pdf,
HON'BLE MR. JUSTICE R. MAHADEVAN,SUPREME_COURT,2026,MA-001802 - 2026,SUDESH PALVSTHE STATE OF UTTAR PRADESH,National,Principal,,,COMPLETED,61544/2025,CHAND QURESHI- 3063 __,HON'BLE MRS. JUSTICE B.V. NAGARATHNA,2026-07-15,560,https://api.sci.gov.in/supremecourt/2025/61544/61544_2025_3_2_72108_Judgement_15-Jul-2026.pdf,2026 INSC 768(English),https://api.sci.gov.in/supremecourt/2025/61544/61544_2025_3_2_72108_Judgement_15-Jul-2026.pdf,
HON'BLE MR. JUSTICE R. MAHADEVAN,SUPREME_COURT,2019,C.A. No.-003454-003454 - 2019,TEHRI HYDRO DEVELOPMENT CORPORATION LTD.VSS.P. SINGH,National,Principal,,,COMPLETED,1442/2018,PUNEET TANEJA __,HON'BLE MR. JUSTICE R. MAHADEVAN,2026-07-31,3133,https://api.sci.gov.in/supremecourt/2018/1442/1442_2018_3_1502_72789_Judgement_31-Jul-2026.pdf,2026 INSC 773(English),https://api.sci.gov.in/supremecourt/2018/1442/1442_2018_3_1502_72789_Judgement_31-Jul-2026.pdf,
HON'BLE MR. JUSTICE R. MAHADEVAN,SUPREME_COURT,2026,Crl.A. No.-003654-003654 - 2026,KUNTEGOWDAVSTHURUBAIAH,National,Principal,,,COMPLETED,3876/2024,RAJKUMARI BANJU- 2224 __,HON'BLE MRS. JUSTICE B.V. NAGARATHNA,2026-08-04,946,https://api.sci.gov.in/supremecourt/2024/3876/3876_2024_3_1501_72892_Judgement_04-Aug-2026.pdf,2026 INSC 790(English),https://api.sci.gov.in/supremecourt/2024/3876/3876_2024_3_1501_72892_Judgement_04-Aug-2026.pdf,
HON'BLE MR. JUSTICE R. MAHADEVAN,SUPREME_COURT,2010,C.A. No.-004477-004477 - 2010,UNION OF INDIA .VSTHE BOARD OF TRUSTEES OF THE PORT OF BOMBAY,National,Principal,,,COMPLETED,4820/2010,GURMEET SINGH MAKKER- 2357 __ A. V. RANGAM,HON'BLE MRS. JUSTICE B.V. NAGARATHNA,2026-08-25,6080,https://api.sci.gov.in/supremecourt/2010/4820/4820_2010_3_1501_73756_Judgement_25-Aug-2026.pdf,2026 INSC 919(English),https://api.sci.gov.in/supremecourt/2010/4820/4820_2010_3_1501_73756_Judgement_25-Aug-2026.pdf,
HON'BLE MR. JUSTICE R. MAHADEVAN,SUPREME_COURT,2026,C.A. No.-010967-010967 - 2026,THE STATE OF MAHARASHTRAVSSUDHAKAR SHIVARAM TEKE,National,Principal,,,COMPLETED,13809/2020,AADITYA ANIRUDDHA PANDE- 3259 __,HON'BLE MR. JUSTICE AHSANUDDIN AMANULLAH,2026-08-11,2414,https://api.sci.gov.in/supremecourt/2020/13809/13809_2020_9_7_73309_Judgement_11-Aug-2026.pdf,2026 INSC 883(English),https://api.sci.gov.in/supremecourt/2020/13809/13809_2020_9_7_73309_Judgement_11-Aug-2026.pdf,
HON'BLE MR. JUSTICE R. MAHADEVAN,SUPREME_COURT,2026,C.A. No.-010552-010563 - 2026,STATE OF HIMACHAL PRADESHVSJAMEET SINGH,National,Principal,,,COMPLETED,30151/2025,NISHANT KUMAR- 3203 __,HON'BLE MR. JUSTICE AHSANUDDIN AMANULLAH,2026-08-11,587,https://api.sci.gov.in/supremecourt/2025/30151/30151_2025_9_65_73309_Judgement_11-Aug-2026.pdf,2026 INSC 885(English),https://api.sci.gov.in/supremecourt/2025/30151/30151_2025_9_65_73309_Judgement_11-Aug-2026.pdf,
HON'BLE MR. JUSTICE R. MAHADEVAN,SUPREME_COURT,2026,SLP(Crl) No.-016256-016257 - 2026,KAILASH RAMVSSTATE OF RAJASTHAN,National,Principal,,,COMPLETED,34216/2026,KUMAR DUSHYANT SINGH- 2220 __,HON'BLE MR. JUSTICE AHSANUDDIN AMANULLAH,2026-08-13,224,https://api.sci.gov.in/supremecourt/2026/34216/34216_2026_10_52_73378_Judgement_13-Aug-2026.pdf,2026 INSC 916(English),https://api.sci.gov.in/supremecourt/2026/34216/34216_2026_10_52_73378_Judgement_13-Aug-2026.pdf,
HON'BLE MR. JUSTICE R. MAHADEVAN,SUPREME_COURT,2026,Crl.A. No.-003565-003565 - 2026,G. SAMINATHANVSTHE STATE REPRESENTED BY THE SUB INSPECTOR OF POLICE,National,Principal,,,COMPLETED,35246/2025,SHASHWAT SINGH- 3941 __,HON'BLE MRS. JUSTICE B.V. NAGARATHNA,2026-07-31,576,https://api.sci.gov.in/supremecourt/2025/35246/35246_2025_3_1501_72789_Judgement_31-Jul-2026.pdf,2026 INSC 772(English),https://api.sci.gov.in/supremecourt/2025/35246/35246_2025_3_1501_72789_Judgement_31-Jul-2026.pdf,
HON'BLE MR. JUSTICE R. MAHADEVAN,SUPREME_COURT,2022,W.P.(C) No.-001000 - 2022,DR. JAYA THAKURVSGOVERNMENT OF INDIA,National,Principal,,,COMPLETED,35023/2022,__,HON'BLE MR. JUSTICE J.B. PARDIWALA,2026-09-01,1704,https://api.sci.gov.in/supremecourt/2022/35023/35023_2022_6_302_73988_Judgement_01-Sep-2026.pdf,2026 INSC 994(English),https://api.sci.gov.in/supremecourt/2022/35023/35023_2022_6_302_73988_Judgement_01-Sep-2026.pdf,
HON'BLE MR. JUSTICE R. MAHADEVAN,SUPREME_COURT,2025,T.P.(Crl.) No.-000493 - 2025,SHIKHAVSSTATE OF ODISHA,National,Principal,,,COMPLETED,27200/2025,__,HON'BLE MRS. JUSTICE B.V. NAGARATHNA,2026-09-28,635,https://api.sci.gov.in/supremecourt/2025/27200/27200_2025_3_1501_74716_Judgement_28-Sep-2026.pdf,2026 INSC 1060(English),https://api.sci.gov.in/supremecourt/2025/27200/27200_2025_3_1501_74716_Judgement_28-Sep-2026.pdf,
HON'BLE MR. JUSTICE MANMOHAN,SUPREME_COURT,2010,C.A. No.-006640-006640 - 2010,HEMALATHA (D) BY LRS.VSTUKARAM(D) BY LRS..,National,Principal,,,COMPLETED,20898/2010,VIKAS UPADHYAY- 1900 __,HON'BLE MR. JUSTICE MANMOHAN,2026-01-22,5865,https://api.sci.gov.in/supremecourt/2010/20898/20898_2010_14_1501_67619_Judgement_22-Jan-2026.pdf,2026 INSC 82(English),https://api.sci.gov.in/supremecourt/2010/20898/20898_2010_14_1501_67619_Judgement_22-Jan-2026.pdf,
HON'BLE MR. JUSTICE MANMOHAN,SUPREME_COURT,2020,Crl.A. No.-000591-000591 - 2020,ANJANI SINGHVSTHE STATE OF UTTAR PRADESH,National,Principal,,,COMPLETED,36962/2019,RAKESH KUMAR-I- 1734 __,HON'BLE MR. JUSTICE MANOJ MISRA,2026-01-05,2561,https://api.sci.gov.in/supremecourt/2019/36962/36962_2019_14_1501_67203_Judgement_05-Jan-2026.pdf,2026 INSC 3(English),https://api.sci.gov.in/supremecourt/2019/36962/36962_2019_14_1501_67203_Judgement_05-Jan-2026.pdf,
HON'BLE MR. JUSTICE MANMOHAN,SUPREME_COURT,2026,C.A. No.-000172-000172 - 2026,KISHORILAL (D) THR. L.RSVSGOPAL,National,Principal,,,COMPLETED,40404/2017,PRATIBHA JAIN- 518 __,HON'BLE MR. JUSTICE MANOJ MISRA,2026-01-12,3298,https://api.sci.gov.in/supremecourt/2017/40404/40404_2017_13_1501_67367_Judgement_12-Jan-2026.pdf,2026 INSC 48(English),https://api.sci.gov.in/supremecourt/2017/40404/40404_2017_13_1501_67367_Judgement_12-Jan-2026.pdf,
HON'BLE MR. JUSTICE MANMOHAN,SUPREME_COURT,2022,C.A. No.-000477 - 2022,B. PRASHANTH HEGDEVSSTATE BANK OF INDIA,National,Principal,,,COMPLETED,471/2022,PRANJAL KISHORE- 3247 __,HON'BLE MR. JUSTICE MANOJ MISRA,2026-02-12,1503,https://api.sci.gov.in/supremecourt/2022/471/471_2022_14_1501_68458_Judgement_12-Feb-2026.pdf,2026 INSC 155(English),https://api.sci.gov.in/supremecourt/2022/471/471_2022_14_1501_68458_Judgement_12-Feb-2026.pdf,
HON'BLE MR. JUSTICE MANMOHAN,SUPREME_COURT,2012,Crl.A. No.-000457-000457 - 2012,GUDIPALLI SIDDHARTHA REDDYVSSTATE C.B.I.,National,Principal,,,COMPLETED,660/2012,ANIL KUMAR TANDALE __ MUKESH KUMAR MARORIA- 2324,HON'BLE MR. JUSTICE RAJESH BINDAL,2026-02-17,5161,https://api.sci.gov.in/supremecourt/2012/660/660_2012_12_1501_68565_Judgement_17-Feb-2026.pdf,2026 INSC 160(English),https://api.sci.gov.in/supremecourt/2012/660/660_2012_12_1501_68565_Judgement_17-Feb-2026.pdf,
HON'BLE MR. JUSTICE MANMOHAN,SUPREME_COURT,2026,C.A. No.-002545-002548 - 2026,M/S ADISHAKTI DEVELOPERSVSTHE STATE OF MAHARASHTRA,National,Principal,,,COMPLETED,17549/2018,RAVINDRA KESHAVRAO ADSURE- 1386 __,HON'BLE MR. JUSTICE MANOJ MISRA,2026-02-25,2977,https://api.sci.gov.in/supremecourt/2018/17549/17549_2018_14_1501_69007_Judgement_25-Feb-2026.pdf,2026 INSC 197(English),https://api.sci.gov.in/supremecourt/2018/17549/17549_2018_14_1501_69007_Judgement_25-Feb-2026.pdf,
HON'BLE MR. JUSTICE MANMOHAN,SUPREME_COURT,2026,Crl.A. No.-001127-001127 - 2026,VANDANA JAINVSTHE STATE OF UTTAR PRADESH,National,Principal,,,COMPLETED,20715/2021,E. C. AGRAWALA- 177 __,HON'BLE MR. JUSTICE MANOJ MISRA,2026-02-25,1881,https://api.sci.gov.in/supremecourt/2021/20715/20715_2021_14_1502_69007_Judgement_25-Feb-2026.pdf,2026 INSC 192(English),https://api.sci.gov.in/supremecourt/2021/20715/20715_2021_14_1502_69007_Judgement_25-Feb-2026.pdf,
HON'BLE MR. JUSTICE MANMOHAN,SUPREME_COURT,2026,C.A. No.-003571-003571 - 2026,VIRINDER PAL SINGHVSPUNJAB AND SIND BANK,National,Principal,,,COMPLETED,603/2024,UDITA SINGH- 2248 __,HON'BLE MR. JUSTICE MANOJ MISRA,2026-03-19,808,https://api.sci.gov.in/supremecourt/2024/603/603_2024_14_1505_69460_Judgement_19-Mar-2026.pdf,2026 INSC 266(English),https://api.sci.gov.in/supremecourt/2024/603/603_2024_14_1505_69460_Judgement_19-Mar-2026.pdf,
HON'BLE MR. JUSTICE MANMOHAN,SUPREME_COURT,2023,C.A. No.-004841 - 2023,SANT ROHIDAS LEATHER INDUSTRIES AND CHARMAKAR DEVELOPMENT CORPORATION LTD.VSVIJAYA BANK,National,Principal,,,COMPLETED,22313/2023,T. R. B. SIVAKUMAR- 1987 __,HON'BLE MR. JUSTICE MANOJ MISRA,2026-03-19,1173,https://api.sci.gov.in/supremecourt/2023/22313/22313_2023_14_1502_69460_Judgement_19-Mar-2026.pdf,2026 INSC 264(English),https://api.sci.gov.in/supremecourt/2023/22313/22313_2023_14_1502_69460_Judgement_19-Mar-2026.pdf,
HON'BLE MR. JUSTICE MANMOHAN,SUPREME_COURT,2026,Crl.A. No.-001470-001470 - 2026,V. GANESANVSSTATE REP BY THE SUB INSPECTOR OF POLICE,National,Principal,,,COMPLETED,26019/2023,M.P. PARTHIBAN- 2667 __,HON'BLE MR. JUSTICE MANOJ MISRA,2026-03-19,1173,https://api.sci.gov.in/supremecourt/2023/26019/26019_2023_14_1503_69460_Judgement_19-Mar-2026.pdf,2026 INSC 265(English),https://api.sci.gov.in/supremecourt/2023/26019/26019_2023_14_1503_69460_Judgement_19-Mar-2026.pdf,
HON'BLE MR. JUSTICE MANMOHAN,SUPREME_COURT,2026,C.A. No.-003708-003708 - 2026,UNION OF INDIAVSBALAKRISHNAN MULLIKOTE (EX HAV 256812 M),National,Principal,,,COMPLETED,27246/2023,__,HON'BLE MR. JUSTICE MANOJ MISRA,2026-03-24,1178,https://api.sci.gov.in/supremecourt/2023/27246/27246_2023_14_1501_69641_Judgement_24-Mar-2026.pdf,2026 INSC 286(English),https://api.sci.gov.in/supremecourt/2023/27246/27246_2023_14_1501_69641_Judgement_24-Mar-2026.pdf,
HON'BLE MR. JUSTICE MANMOHAN,SUPREME_COURT,2026,C.A. No.-006716-006716 - 2026,HOME CARE RETAIL MARTS PVT. LTD. THROUGH ITS AUTHORISED REPRESENTATIVEVSHARESH N. SANGHAVI,National,Principal,,,COMPLETED,34891/2015,ROOH-E-HINA DUA- 3014 __,HON'BLE MR. JUSTICE MANOJ MISRA,2026-04-24,4131,https://api.sci.gov.in/supremecourt/2015/34891/34891_2015_14_1501_70498_Judgement_24-Apr-2026.pdf,2026 INSC 415(English),https://api.sci.gov.in/supremecourt/2015/34891/34891_2015_14_1501_70498_Judgement_24-Apr-2026.pdf,
HON'BLE MR. JUSTICE MANMOHAN,SUPREME_COURT,2022,Crl.A. No.-001818-001818 - 2022,PULKIT @ MONUVSTHE STATE OF MADHYA PRADESH,National,Principal,,,COMPLETED,20333/2022,__,HON'BLE MR. JUSTICE MANOJ MISRA,2026-05-20,1600,https://api.sci.gov.in/supremecourt/2022/20333/20333_2022_14_1_71398_Judgement_20-May-2026.pdf,2026 INSC 543(English),https://api.sci.gov.in/supremecourt/2022/20333/20333_2022_14_1_71398_Judgement_20-May-2026.pdf,
HON'BLE MR. JUSTICE MANMOHAN,SUPREME_COURT,2026,C.A. No.-007355-007355 - 2026,ANAND NARAYAN SHUKLAVSJAGAT DHARI,National,Principal,,,COMPLETED,24835/2025,SANCHIT GARGA- 2748 __,HON'BLE MR. JUSTICE MANOJ MISRA,2026-05-08,492,https://api.sci.gov.in/supremecourt/2025/24835/24835_2025_14_1501_70937_Judgement_08-May-2026.pdf,2026 INSC 463(English),https://api.sci.gov.in/supremecourt/2025/24835/24835_2025_14_1501_70937_Judgement_08-May-2026.pdf,
HON'BLE MR. JUSTICE MANMOHAN,SUPREME_COURT,2014,Crl.A. No.-000847-000847 - 2014,GOPI CHAND @ PAPPUVSSTATE (NCT OF DELHI),National,Principal,,,COMPLETED,35501/2013,MANJEET CHAWLA- 378 __,HON'BLE MR. JUSTICE MANOJ MISRA,2026-05-29,4896,https://api.sci.gov.in/supremecourt/2013/35501/35501_2013_12_1501_71641_Judgement_29-May-2026.pdf,2026 INSC 598(English),https://api.sci.gov.in/supremecourt/2013/35501/35501_2013_12_1501_71641_Judgement_29-May-2026.pdf,
HON'BLE MR. JUSTICE MANMOHAN,SUPREME_COURT,2026,C.A. No.-008059-008059 - 2026,GAJULA THIRUPATHIVSTHE TELANGANA STATE LEVEL POLICE RECRUITMENT BOARD,National,Principal,,,COMPLETED,46777/2025,ANKOLEKAR GURUDATTA- 1677 __,HON'BLE MR. JUSTICE MANOJ MISRA,2026-05-21,505,https://api.sci.gov.in/supremecourt/2025/46777/46777_2025_14_35_71432_Judgement_21-May-2026.pdf,2026 INSC 493(English),https://api.sci.gov.in/supremecourt/2025/46777/46777_2025_14_35_71432_Judgement_21-May-2026.pdf,
HON'BLE MR. JUSTICE MANMOHAN,SUPREME_COURT,2026,C.A. No.-007897-007897 - 2026,MARIETTA D SILVAVSRUDOLF CLOTHAN LACERDA,National,Principal,,,COMPLETED,60793/2025,PRITHA SRIKUMAR IYER- 2074 __,HON'BLE MR. JUSTICE MANMOHAN,2026-05-15,499,https://api.sci.gov.in/supremecourt/2025/60793/60793_2025_14_1501_71184_Judgement_15-May-2026.pdf,2026 INSC 496(English),https://api.sci.gov.in/supremecourt/2025/60793/60793_2025_14_1501_71184_Judgement_15-May-2026.pdf,
HON'BLE MR. JUSTICE MANMOHAN,SUPREME_COURT,2026,C.A. No.-009052-009053 - 2026,M/S TATA STEEL LTD.VSVARSHA,National,Principal,,,COMPLETED,36520/2019,KUNAL CHATTERJI- 1811 __,HON'BLE MR. JUSTICE MANMOHAN,2026-07-17,2754,https://api.sci.gov.in/supremecourt/2019/36520/36520_2019_10_1501_72202_Judgement_17-Jul-2026.pdf,2026 INSC 717(English),https://api.sci.gov.in/supremecourt/2019/36520/36520_2019_10_1501_72202_Judgement_17-Jul-2026.pdf,
HON'BLE MR. JUSTICE MANMOHAN,SUPREME_COURT,2022,C.A. No.-000629-000629 - 2022,JARNAIL SINGH VSLACHHMI NARAIN GUPTA .,National,Principal,,,COMPLETED,34614/2011,CHANDRA BHUSHAN PRASAD- 1864 __ N. ANNAPOORANI- 1142,,2022-01-28,4045,https://api.sci.gov.in/supremecourt_vernacular/2011/34614/34614_2011_35_1501_32956_Judgement_28-Jan-2022_PUN.pdf,2022 INSC 105(ਪੰਜਾਬੀ),https://api.sci.gov.in//pdfdate/index1.php?dt=2022-01-28&dno=346142011&filename=supremecourt_vernacular/2011/34614/34614_2011_35_1501_32956_Judgement_28-Jan-2022_PUN.pdf,
HON'BLE MR. JUSTICE MANMOHAN,SUPREME_COURT,2021,Crl.A. No.-001346-001346 - 2021,REJI BABYVSSUBI MARY,National,Principal,,,COMPLETED,48243/2018,ANKUR S. KULKARNI- 1685 __,HON'BLE MR. JUSTICE AHSANUDDIN AMANULLAH,2026-08-24,3157,https://api.sci.gov.in/supremecourt/2018/48243/48243_2018_9_1501_73721_Judgement_24-Aug-2026.pdf,2026 INSC 918(English),https://api.sci.gov.in/supremecourt/2018/48243/48243_2018_9_1501_73721_Judgement_24-Aug-2026.pdf,
HON'BLE MR. JUSTICE MANMOHAN,SUPREME_COURT,2026,SLP(Crl) No.-000728 - 2026,LAHRA BAI TAMREVSSTATE OF CHHATTISGARH,National,Principal,,,COMPLETED,48963/2025,NUPUR KUMAR- 3078 __,HON'BLE MR. JUSTICE SANDEEP MEHTA,2026-08-12,588,https://api.sci.gov.in/supremecourt/2025/48963/48963_2025_2_1501_73413_Judgement_12-Aug-2026.pdf,2026 INSC 840(English),https://api.sci.gov.in/supremecourt/2025/48963/48963_2025_2_1501_73413_Judgement_12-Aug-2026.pdf,
HON'BLE MR. JUSTICE MANMOHAN,SUPREME_COURT,2026,Crl.A. No.-003933-003934 - 2026,KIRAN DESHMUKHVSTHE STATE OF MADHYA PRADESH,National,Principal,,,COMPLETED,50577/2025,RAVI P. WADHWANI- 603 __,HON'BLE MR. JUSTICE SANDEEP MEHTA,2026-08-11,587,https://api.sci.gov.in/supremecourt/2025/50577/50577_2025_2_34_73380_Judgement_11-Aug-2026.pdf,2026 INSC 884(English),https://api.sci.gov.in/supremecourt/2025/50577/50577_2025_2_34_73380_Judgement_11-Aug-2026.pdf,
HON'BLE MR. JUSTICE MANMOHAN,SUPREME_COURT,2026,C.A. No.-010953-010953 - 2026,M/S SANTOSH ASSOCIATE PRIVATE LIMITEDVSHARYANA STATE INDUSTRIAL AND INFRASTRUCTURE DEVELOPMENT CORPORATION LIMITED,National,Principal,,,COMPLETED,59205/2025,RISHI KAPOOR- 3396 __,HON'BLE MR. JUSTICE AHSANUDDIN AMANULLAH,2026-08-17,593,https://api.sci.gov.in/supremecourt/2025/59205/59205_2025_9_1501_73395_Judgement_17-Aug-2026.pdf,2026 INSC 872(English),https://api.sci.gov.in/supremecourt/2025/59205/59205_2025_9_1501_73395_Judgement_17-Aug-2026.pdf,
HON'BLE MR. JUSTICE MANMOHAN,SUPREME_COURT,2026,C.A. No.-013001-013003 - 2026,S. PANCHALINGUVSPEOPLES EDUCATION TRUST (R),National,Principal,,,COMPLETED,47457/2025,N. SAI VINOD- 2942 __,HON'BLE MR. JUSTICE AHSANUDDIN AMANULLAH,2026-09-18,625,https://api.sci.gov.in/supremecourt/2025/47457/47457_2025_8_1501_74404_Judgement_18-Sep-2026.pdf,2026 INSC 1010(English),https://api.sci.gov.in/supremecourt/2025/47457/47457_2025_8_1501_74404_Judgement_18-Sep-2026.pdf,
HON'BLE MR. JUSTICE MANMOHAN,SUPREME_COURT,2026,C.A. No.-012592-012592 - 2026,M/S OIL AND NATURAL GAS CORPORATION LTDVSSURYAKAND D. LAD,National,Principal,,,COMPLETED,48510/2023,GUNNAM VENKATESWARA RAO- 1592 __,HON'BLE MR. JUSTICE AHSANUDDIN AMANULLAH,2026-09-09,1347,https://api.sci.gov.in/supremecourt/2023/48510/48510_2023_9_4_74159_Judgement_09-Sep-2026.pdf,2026 INSC 1019(English),https://api.sci.gov.in/supremecourt/2023/48510/48510_2023_9_4_74159_Judgement_09-Sep-2026.pdf,
HON'BLE MR. JUSTICE MANMOHAN,SUPREME_COURT,2026,Crl.A. No.-004640-004640 - 2026,SAINABAVSSTATE OF KERALA,National,Principal,,,COMPLETED,61269/2025,TOM JOSEPH- 2953 __,HON'BLE MR. JUSTICE AHSANUDDIN AMANULLAH,2026-09-30,637,https://api.sci.gov.in/supremecourt/2025/61269/61269_2025_8_1501_74784_Judgement_30-Sep-2026.pdf,2026 INSC 1069(English),https://api.sci.gov.in/supremecourt/2025/61269/61269_2025_8_1501_74784_Judgement_30-Sep-2026.pdf,
HON'BLE MR. JUSTICE K. VINOD CHANDRAN,SUPREME_COURT,2026,C.A. No.-000582-000582 - 2026,HABIB ALLADINVSMOHAMMED AHMED,National,Principal,,,COMPLETED,1776/2022,PRANAB KUMAR MULLICK- 1196 __,HON'BLE MR. JUSTICE SANJAY KUMAR,2026-01-28,1488,https://api.sci.gov.in/supremecourt/2022/1776/1776_2022_12_1501_68016_Judgement_28-Jan-2026.pdf,2026 INSC 90(English),https://api.sci.gov.in/supremecourt/2022/1776/1776_2022_12_1501_68016_Judgement_28-Jan-2026.pdf,
HON'BLE MR. JUSTICE K. VINOD CHANDRAN,SUPREME_COURT,2026,C.A. No.-000070-000070 - 2026,S. SHAKUL HAMEEDVSTAMILNADU STATE TRANSPORT COROPRATION LIMITED,National,Principal,,,COMPLETED,8661/2024,M. YOGESH KANNA- 1870 __,HON'BLE MR. JUSTICE K. VINOD CHANDRAN,2026-01-06,736,https://api.sci.gov.in/supremecourt/2024/8661/8661_2024_12_1504_67226_Judgement_06-Jan-2026.pdf,2026 INSC 29(English),https://api.sci.gov.in/supremecourt/2024/8661/8661_2024_12_1504_67226_Judgement_06-Jan-2026.pdf,
HON'BLE MR. JUSTICE K. VINOD CHANDRAN,SUPREME_COURT,2026,C.A. No.-000566-000566 - 2026,"NIRAJ JAINVSCOMPETENT AUTHORITY CUM ADDITIONAL COLLECTOR, JAGDALPUR",National,Principal,,,COMPLETED,8739/2025,SAHIL TAGOTRA- 2520 __,HON'BLE MR. JUSTICE SANJAY KUMAR,2026-01-27,391,https://api.sci.gov.in/supremecourt/2025/8739/8739_2025_11_1502_67807_Judgement_27-Jan-2026.pdf,2026 INSC 86(English),https://api.sci.gov.in/supremecourt/2025/8739/8739_2025_11_1502_67807_Judgement_27-Jan-2026.pdf,
HON'BLE MR. JUSTICE K. VINOD CHANDRAN,SUPREME_COURT,2025,C.A. No.-004513-004513 - 2025,PRAKASH ATLANTA JVVSNATIONAL HIGHWAYS AUTHORITY OF INDIA,National,Principal,,,COMPLETED,17730/2013,CHIRAG M. SHROFF- 1525 __,HON'BLE MR. JUSTICE SANJAY KUMAR,2026-01-20,4767,https://api.sci.gov.in/supremecourt/2013/17730/17730_2013_12_1501_67596_Judgement_20-Jan-2026.pdf,2026 INSC 76(English),https://api.sci.gov.in/supremecourt/2013/17730/17730_2013_12_1501_67596_Judgement_20-Jan-2026.pdf,
HON'BLE MR. JUSTICE K. VINOD CHANDRAN,SUPREME_COURT,2026,Crl.A. No.-000076-000076 - 2026,PRASANNA KASINIVSTHE STATE OF TELANGANA,National,Principal,,,COMPLETED,20604/2025,NIVESH KUMAR- 3455 __,HON'BLE MR. JUSTICE K. VINOD CHANDRAN,2026-01-06,370,https://api.sci.gov.in/supremecourt/2025/20604/20604_2025_12_1506_67226_Judgement_06-Jan-2026.pdf,2026 INSC 30(English),https://api.sci.gov.in/supremecourt/2025/20604/20604_2025_12_1506_67226_Judgement_06-Jan-2026.pdf,
HON'BLE MR. JUSTICE K. VINOD CHANDRAN,SUPREME_COURT,2026,Crl.A. No.-000527-000527 - 2026,DONIYAR VILDANOVVSTHE STATE OF U.P.,National,Principal,,,COMPLETED,25942/2025,ANJANI KUMAR MISHRA- 1874 __,HON'BLE MR. JUSTICE SANJAY KUMAR,2026-01-30,394,https://api.sci.gov.in/supremecourt/2025/25942/25942_2025_12_1501_67810_Judgement_30-Jan-2026.pdf,2026 INSC 95(English),https://api.sci.gov.in/supremecourt/2025/25942/25942_2025_12_1501_67810_Judgement_30-Jan-2026.pdf,
HON'BLE MR. JUSTICE K. VINOD CHANDRAN,SUPREME_COURT,2026,Crl.A. No.-000077-000077 - 2026,"THE KARNATAKA LOKAYUKTHA BAGALKOTE DISTRICT, BAGALKOTVSCHANDRASHEKAR",National,Principal,,,COMPLETED,34270/2025,VIKRAM HEGDE- 3048 __,HON'BLE MR. JUSTICE K. VINOD CHANDRAN,2026-01-06,370,https://api.sci.gov.in/supremecourt/2025/34270/34270_2025_12_1507_67226_Judgement_06-Jan-2026.pdf,2026 INSC 31(English),https://api.sci.gov.in/supremecourt/2025/34270/34270_2025_12_1507_67226_Judgement_06-Jan-2026.pdf,
HON'BLE MR. JUSTICE K. VINOD CHANDRAN,SUPREME_COURT,2026,Crl.A. No.-000074-000074 - 2026,THE STATE (NCT) OF DELHIVSKHIMJI BHAI JADEJA,National,Principal,,,COMPLETED,34815/2019,B. V. BALARAM DAS __,HON'BLE MR. JUSTICE SANJAY KUMAR,2026-01-06,2562,https://api.sci.gov.in/supremecourt/2019/34815/34815_2019_12_1501_67226_Judgement_06-Jan-2026.pdf,2026 INSC 25(English),https://api.sci.gov.in/supremecourt/2019/34815/34815_2019_12_1501_67226_Judgement_06-Jan-2026.pdf,
HON'BLE MR. JUSTICE K. VINOD CHANDRAN,SUPREME_COURT,2025,SLP(Crl) No.-011375 - 2025,SHALINI BHATEJAVSSTATE OF U.P.,National,Principal,,,COMPLETED,41686/2025,ASHISH PANDEY- 3825 __,HON'BLE MR. JUSTICE SANJAY KUMAR,2026-01-06,370,https://api.sci.gov.in/supremecourt/2025/41686/41686_2025_12_1508_67226_Judgement_06-Jan-2026.pdf,2026 INSC 28(English),https://api.sci.gov.in/supremecourt/2025/41686/41686_2025_12_1508_67226_Judgement_06-Jan-2026.pdf,
HON'BLE MR. JUSTICE K. VINOD CHANDRAN,SUPREME_COURT,2026,C.A. No.-000067-000067 - 2026,DIVJOT SEKHONVSSTATE OF PUNJAB,National,Principal,,,COMPLETED,44245/2024,MISHA ROHATGI- 2603 __,HON'BLE MR. JUSTICE SANJAY KUMAR,2026-01-06,736,https://api.sci.gov.in/supremecourt/2024/44245/44245_2024_12_1502_67226_Judgement_06-Jan-2026.pdf,2026 INSC 26(English),https://api.sci.gov.in/supremecourt/2024/44245/44245_2024_12_1502_67226_Judgement_06-Jan-2026.pdf,
HON'BLE MR. JUSTICE K. VINOD CHANDRAN,SUPREME_COURT,2026,Crl.A. No.-000085-000086 - 2026,JASWINDER SINGH @ SHINDER SINGHVSSTATE OF PUNJAB,National,Principal,,,COMPLETED,46882/2024,TANYA SRIVASTAVA- 3682 __,HON'BLE MR. JUSTICE K. VINOD CHANDRAN,2026-01-06,736,https://api.sci.gov.in/supremecourt/2024/46882/46882_2024_12_1505_67226_Judgement_06-Jan-2026.pdf,2026 INSC 23(English),https://api.sci.gov.in/supremecourt/2024/46882/46882_2024_12_1505_67226_Judgement_06-Jan-2026.pdf,
HON'BLE MR. JUSTICE K. VINOD CHANDRAN,SUPREME_COURT,2023,Crl.A. No.-003738 - 2023,BERNARD LYNGDOH PHAWAVSTHE STATE OF MEGHALAYA,National,Principal,,,COMPLETED,47207/2023,PRABHAS BAJAJ- 3430 __ AVIJIT MANI TRIPATHI- 2648,HON'BLE MR. JUSTICE SANJAY KUMAR,2026-01-27,1122,https://api.sci.gov.in/supremecourt/2023/47207/47207_2023_11_1501_67807_Judgement_27-Jan-2026.pdf,2026 INSC 85(English),https://api.sci.gov.in/supremecourt/2023/47207/47207_2023_11_1501_67807_Judgement_27-Jan-2026.pdf,
HON'BLE MR. JUSTICE K. VINOD CHANDRAN,SUPREME_COURT,2026,Crl.A. No.-000075-000075 - 2026,S. NAGESHVSSHOBHA S. ARADHYA,National,Principal,,,COMPLETED,52108/2024,HARISHA S.R.- 2761 __,HON'BLE MR. JUSTICE SANJAY KUMAR,2026-01-06,736,https://api.sci.gov.in/supremecourt/2024/52108/52108_2024_12_1503_67226_Judgement_06-Jan-2026.pdf,2026 INSC 27(English),https://api.sci.gov.in/supremecourt/2024/52108/52108_2024_12_1503_67226_Judgement_06-Jan-2026.pdf,
HON'BLE MR. JUSTICE K. VINOD CHANDRAN,SUPREME_COURT,2026,Crl.A. No.-000689-000689 - 2026,ROHIT JANGDE VSSTATE OF CHHATTISGARH,National,Principal,,,COMPLETED,15058/2024,CHANDRIKA PRASAD MISHRA- 3624 __,HON'BLE MR. JUSTICE SANJAY KUMAR,2026-02-17,778,https://api.sci.gov.in/supremecourt/2024/15058/15058_2024_9_1502_68563_Judgement_17-Feb-2026.pdf,2026 INSC 162(English),https://api.sci.gov.in/supremecourt/2024/15058/15058_2024_9_1502_68563_Judgement_17-Feb-2026.pdf,
HON'BLE MR. JUSTICE K. VINOD CHANDRAN,SUPREME_COURT,2026,C.A. No.-002508-002508 - 2026,ORIENTAL INSURANCE CO. LTD.VSTATA AIG GENERAL INSURANCE CO. LTD.,National,Principal,,,COMPLETED,17611/2023,AMIT KUMAR SINGH- 2122 __,HON'BLE MR. JUSTICE SANJAY KUMAR,2026-02-24,1150,https://api.sci.gov.in/supremecourt/2023/17611/17611_2023_12_8_68847_Judgement_24-Feb-2026.pdf,2026 INSC 208(English),https://api.sci.gov.in/supremecourt/2023/17611/17611_2023_12_8_68847_Judgement_24-Feb-2026.pdf,
HON'BLE MR. JUSTICE K. VINOD CHANDRAN,SUPREME_COURT,2026,C.A. No.-001471-001471 - 2026,J. MUTHURAJANVSS. VAIKUNDARAJAN,National,Principal,,,COMPLETED,22888/2025,AARTHI RAJAN- 2547 __,HON'BLE MR. JUSTICE SANJAY KUMAR,2026-02-10,405,https://api.sci.gov.in/supremecourt/2025/22888/22888_2025_11_1501_68268_Judgement_10-Feb-2026.pdf,2026 INSC 139(English),https://api.sci.gov.in/supremecourt/2025/22888/22888_2025_11_1501_68268_Judgement_10-Feb-2026.pdf,
HON'BLE MR. JUSTICE K. VINOD CHANDRAN,SUPREME_COURT,2026,C.A. No.-001701-001701 - 2026,DINESH KUMARVSSTATE OF HARYANA,National,Principal,,,COMPLETED,26966/2025,SUNNY KADIYAN- 3806 __,HON'BLE MR. JUSTICE SANJAY KUMAR,2026-02-17,412,https://api.sci.gov.in/supremecourt/2025/26966/26966_2025_9_1503_68563_Judgement_17-Feb-2026.pdf,2026 INSC 163(English),https://api.sci.gov.in/supremecourt/2025/26966/26966_2025_9_1503_68563_Judgement_17-Feb-2026.pdf,
HON'BLE MR. JUSTICE K. VINOD CHANDRAN,SUPREME_COURT,2025,C.A. No.-007424 - 2025,CATALYST TRUSTEESHIP LTDVSECSTASY REALTY PVT. LTD.,National,Principal,,,COMPLETED,27045/2025,AKANKSHA MEHRA- 2944 __,HON'BLE MR. JUSTICE SANJAY KUMAR,2026-02-24,419,https://api.sci.gov.in/supremecourt/2025/27045/27045_2025_12_1501_68847_Judgement_24-Feb-2026.pdf,2026 INSC 186(English),https://api.sci.gov.in/supremecourt/2025/27045/27045_2025_12_1501_68847_Judgement_24-Feb-2026.pdf,
HON'BLE MR. JUSTICE K. VINOD CHANDRAN,SUPREME_COURT,2018,C.A. No.-012219 - 2018,UNION OF INDIAVSSISTEMA SHYAM TELESERVICES LIMITED,National,Principal,,,COMPLETED,34522/2018,__,HON'BLE MR. JUSTICE SANJAY KUMAR,2026-02-20,2972,https://api.sci.gov.in/supremecourt/2018/34522/34522_2018_9_1501_68615_Judgement_20-Feb-2026.pdf,2026 INSC 174(English),https://api.sci.gov.in/supremecourt/2018/34522/34522_2018_9_1501_68615_Judgement_20-Feb-2026.pdf,
HON'BLE MR. JUSTICE K. VINOD CHANDRAN,SUPREME_COURT,2025,C.A. No.-011417 - 2025,OMKARA ASSETS RECONSTRUCTI ON PRIVATE LIMITEDVSAMIT CHATURVEDI,National,Principal,,,COMPLETED,50327/2025,MANDEEP KALRA- 3242 __,HON'BLE MR. JUSTICE K. VINOD CHANDRAN,2026-02-24,419,https://api.sci.gov.in/supremecourt/2025/50327/50327_2025_12_1502_68847_Judgement_24-Feb-2026.pdf,2026 INSC 189(English),https://api.sci.gov.in/supremecourt/2025/50327/50327_2025_12_1502_68847_Judgement_24-Feb-2026.pdf,
HON'BLE MR. JUSTICE K. VINOD CHANDRAN,SUPREME_COURT,2026,Crl.A. No.-001135-001135 - 2026,ANKIT TOMARVSSTATE OF HARYANA,National,Principal,,,COMPLETED,61642/2025,JAGRATI SINGH- 2670 __,HON'BLE MR. JUSTICE SANJAY KUMAR,2026-02-26,421,https://api.sci.gov.in/supremecourt/2025/61642/61642_2025_12_14_68910_Judgement_26-Feb-2026.pdf,2026 INSC 262(English),https://api.sci.gov.in/supremecourt/2025/61642/61642_2025_12_14_68910_Judgement_26-Feb-2026.pdf,
HON'BLE MR. JUSTICE K. VINOD CHANDRAN,SUPREME_COURT,2025,C.A. No.-013628 - 2025,SATINDER SINGH BHASINVSCOL GAUTAM MULLICK,National,Principal,,,COMPLETED,61753/2025,MALAK MANISH BHATT- 2632 __,HON'BLE MR. JUSTICE SANJAY KUMAR,2026-02-02,397,https://api.sci.gov.in/supremecourt/2025/61753/61753_2025_12_1501_67940_Judgement_02-Feb-2026.pdf,2026 INSC 104(English),https://api.sci.gov.in/supremecourt/2025/61753/61753_2025_12_1501_67940_Judgement_02-Feb-2026.pdf,
HON'BLE MR. JUSTICE K. VINOD CHANDRAN,SUPREME_COURT,2026,Crl.A. No.-000701-000701 - 2026,REGINAMARY CHELLAMANIVSSTATE REP BY SUPERINTENDENT OF CUSTOMS,National,Principal,,,COMPLETED,63855/2025,SWASTIK DALAI- 3926 __,HON'BLE MR. JUSTICE SANJAY KUMAR,2026-02-05,400,https://api.sci.gov.in/supremecourt/2025/63855/63855_2025_12_5_67943_Judgement_05-Feb-2026.pdf,2026 INSC 127(English),https://api.sci.gov.in/supremecourt/2025/63855/63855_2025_12_5_67943_Judgement_05-Feb-2026.pdf,
HON'BLE MR. JUSTICE K. VINOD CHANDRAN,SUPREME_COURT,2026,Crl.A. No.-000957-000957 - 2026,"RAKESH MITTALVSAJAY PAL GUPTA, ALIAS SONU CHAUDHARY",National,Principal,,,COMPLETED,66413/2025,DESHMUKH ADITH SATISH- 4096 __,HON'BLE MR. JUSTICE SANJAY KUMAR,2026-02-17,412,https://api.sci.gov.in/supremecourt/2025/66413/66413_2025_9_1501_68563_Judgement_17-Feb-2026.pdf,2026 INSC 161(English),https://api.sci.gov.in/supremecourt/2025/66413/66413_2025_9_1501_68563_Judgement_17-Feb-2026.pdf,
HON'BLE MR. JUSTICE K. VINOD CHANDRAN,SUPREME_COURT,2026,C.A. No.-003083-003083 - 2026,ARJUNVSMUKESH,National,Principal,,,COMPLETED,72726/2025,ANKIT ANANDRAJ SHAH- 2402 __,HON'BLE MR. JUSTICE SANJAY KUMAR,2026-02-27,422,https://api.sci.gov.in/supremecourt/2025/72726/72726_2025_12_33_68911_Judgement_27-Feb-2026.pdf,2026 INSC 227(English),https://api.sci.gov.in/supremecourt/2025/72726/72726_2025_12_33_68911_Judgement_27-Feb-2026.pdf,
HON'BLE MR. JUSTICE K. VINOD CHANDRAN,SUPREME_COURT,2025,C.A. No.-002216-002217 - 2025,CENTRAL TRANSMISSION UTILITY OF INDIA LIMITEDVSSUMIT BINANI,National,Principal,,,COMPLETED,2002/2025,SOMESH CHANDRA JHA- 2403 __,HON'BLE MR. JUSTICE SANJAY KUMAR,2026-03-23,446,https://api.sci.gov.in/supremecourt/2025/2002/2002_2025_12_1502_69554_Judgement_23-Mar-2026.pdf,2026 INSC 284(English),https://api.sci.gov.in/supremecourt/2025/2002/2002_2025_12_1502_69554_Judgement_23-Mar-2026.pdf,
HON'BLE MR. JUSTICE K. VINOD CHANDRAN,SUPREME_COURT,2025,C.A. No.-007655 - 2025,PANNALAL BHANSALIVSBHARTI TELECOM LIMITED,National,Principal,,,COMPLETED,30967/2025,UDIT KISHAN AND ASSOCIATES- 2421 __,HON'BLE MR. JUSTICE SANJAY KUMAR,2026-03-10,433,https://api.sci.gov.in/supremecourt/2025/30967/30967_2025_12_1502_69150_Judgement_10-Mar-2026.pdf,2026 INSC 213(English),https://api.sci.gov.in/supremecourt/2025/30967/30967_2025_12_1502_69150_Judgement_10-Mar-2026.pdf,
HON'BLE MR. JUSTICE K. VINOD CHANDRAN,SUPREME_COURT,2023,C.A. No.-003042 - 2023,INDIAN OIL CORPORATION LTD.VSDEEPAK SHARMA,National,Principal,,,COMPLETED,40227/2022,PRIYA PURI- 1880 __,HON'BLE MR. JUSTICE SANJAY KUMAR,2026-03-23,1542,https://api.sci.gov.in/supremecourt/2022/40227/40227_2022_12_1501_69554_Judgement_23-Mar-2026.pdf,2026 INSC 278(English),https://api.sci.gov.in/supremecourt/2022/40227/40227_2022_12_1501_69554_Judgement_23-Mar-2026.pdf,
HON'BLE MR. JUSTICE K. VINOD CHANDRAN,SUPREME_COURT,2026,Crl.A. No.-001304-001304 - 2026,SANJAY KUMAR SHARMAVSSTATE OF BIHAR,National,Principal,,,COMPLETED,47756/2024,SMARHAR SINGH- 2386 __,HON'BLE MR. JUSTICE K. VINOD CHANDRAN,2026-03-11,800,https://api.sci.gov.in/supremecourt/2024/47756/47756_2024_12_1501_69254_Judgement_11-Mar-2026.pdf,2026 INSC 223(English),https://api.sci.gov.in/supremecourt/2024/47756/47756_2024_12_1501_69254_Judgement_11-Mar-2026.pdf,
HON'BLE MR. JUSTICE K. VINOD CHANDRAN,SUPREME_COURT,2026,Crl.A. No.-001488 - 2026,CENTRAL BUREAU OF INVESTIGATIONVSBALJEET SINGH,National,Principal,,,COMPLETED,48510/2024,MUKESH KUMAR MARORIA- 2324 __,HON'BLE MR. JUSTICE SANJAY KUMAR,2026-03-10,799,https://api.sci.gov.in/supremecourt/2024/48510/48510_2024_12_1501_69150_Judgement_10-Mar-2026.pdf,2026 INSC 221(English),https://api.sci.gov.in/supremecourt/2024/48510/48510_2024_12_1501_69150_Judgement_10-Mar-2026.pdf,
HON'BLE MR. JUSTICE K. VINOD CHANDRAN,SUPREME_COURT,2026,Crl.A. No.-001543-001544 - 2026,"GABBAR SINGH ALIAS DEVENDRA PRATAP SINGH ALIAS RAJESH SINGH,VSSTATE OF U.P.",National,Principal,,,COMPLETED,53117/2025,VEERA KAUL SINGH- 1713 __,HON'BLE MR. JUSTICE SANJAY KUMAR,2026-03-20,443,https://api.sci.gov.in/supremecourt/2025/53117/53117_2025_12_1501_69523_Judgement_20-Mar-2026.pdf,2026 INSC 271(English),https://api.sci.gov.in/supremecourt/2025/53117/53117_2025_12_1501_69523_Judgement_20-Mar-2026.pdf,
HON'BLE MR. JUSTICE K. VINOD CHANDRAN,SUPREME_COURT,2026,C.A. No.-003404-003407 - 2026,SHINY C.JVSSHALINI SREENIVASAN,National,Principal,,,COMPLETED,56615/2024,MOHAMMED SADIQUE T.A.- 2225 __,HON'BLE MR. JUSTICE SANJAY KUMAR,2026-03-16,805,https://api.sci.gov.in/supremecourt/2024/56615/56615_2024_12_1501_69326_Judgement_16-Mar-2026.pdf,2026 INSC 242(English),https://api.sci.gov.in/supremecourt/2024/56615/56615_2024_12_1501_69326_Judgement_16-Mar-2026.pdf,
HON'BLE MR. JUSTICE K. VINOD CHANDRAN,SUPREME_COURT,2026,Crl.A. No.-001956-001956 - 2026,STATE OF KERALAVSK.A. ABDUL RASHEED,National,Principal,,,COMPLETED,182/2026,HARSHAD V. HAMEED- 2127 __,HON'BLE MR. JUSTICE K. VINOD CHANDRAN,2026-04-15,104,https://api.sci.gov.in/supremecourt/2026/182/182_2026_12_1501_70123_Judgement_15-Apr-2026.pdf,2026 INSC 365(English),https://api.sci.gov.in/supremecourt/2026/182/182_2026_12_1501_70123_Judgement_15-Apr-2026.pdf,
HON'BLE MR. JUSTICE K. VINOD CHANDRAN,SUPREME_COURT,2026,C.A. No.-004402-004402 - 2026,HARI RAMVSTHE STATE OF RAJASTHAN,National,Principal,,,COMPLETED,7860/2025,ARPIT GUPTA- 3240 __,HON'BLE MR. JUSTICE SANJAY KUMAR,2026-04-10,464,https://api.sci.gov.in/supremecourt/2025/7860/7860_2025_12_1501_70004_Judgement_10-Apr-2026.pdf,2026 INSC 350(English),https://api.sci.gov.in/supremecourt/2025/7860/7860_2025_12_1501_70004_Judgement_10-Apr-2026.pdf,
HON'BLE MR. JUSTICE K. VINOD CHANDRAN,SUPREME_COURT,2026,C.A. No.-003607 - 2026,NITENDRA KUMAR TOMERVSUNOX S.P.A.,National,Principal,,,COMPLETED,10410/2026,MANOJ SWARUP AND CO.- 399 __,HON'BLE MR. JUSTICE SANJAY KUMAR,2026-04-10,99,https://api.sci.gov.in/supremecourt/2026/10410/10410_2026_12_12_70004_Judgement_10-Apr-2026.pdf,2026 INSC 356(English),https://api.sci.gov.in/supremecourt/2026/10410/10410_2026_12_12_70004_Judgement_10-Apr-2026.pdf,
HON'BLE MR. JUSTICE K. VINOD CHANDRAN,SUPREME_COURT,2025,C.A. No.-004019 - 2025,GLS FILMS INDUSTRIES PRIVATE LIMITEDVSCHEMICAL SUPPLIERS INDIA PRIVATE LIMITED,National,Principal,,,COMPLETED,12963/2025,SANDEEP CHOUDHARY- 3131 __,HON'BLE MR. JUSTICE SANJAY KUMAR,2026-04-09,463,https://api.sci.gov.in/supremecourt/2025/12963/12963_2025_12_1501_69869_Judgement_09-Apr-2026.pdf,2026 INSC 344(English),https://api.sci.gov.in/supremecourt/2025/12963/12963_2025_12_1501_69869_Judgement_09-Apr-2026.pdf,
HON'BLE MR. JUSTICE K. VINOD CHANDRAN,SUPREME_COURT,2021,Crl.A. No.-000558-000558 - 2021,SADEK ALI @ MD. SADEK ALIVSTHE STATE OF ASSAM,National,Principal,,,COMPLETED,13888/2021,TALHA ABDUL RAHMAN- 2467 __,HON'BLE MR. JUSTICE SANJAY KUMAR,2026-04-28,1943,https://api.sci.gov.in/supremecourt/2021/13888/13888_2021_12_1501_70593_Judgement_28-Apr-2026.pdf,2026 INSC 421(English),https://api.sci.gov.in/supremecourt/2021/13888/13888_2021_12_1501_70593_Judgement_28-Apr-2026.pdf,
HON'BLE MR. JUSTICE K. VINOD CHANDRAN,SUPREME_COURT,2013,Crl.A. No.-000654-000654 - 2013,SAMARENDRA NATH KUNDU .VSSADHANA DAS .,National,Principal,,,COMPLETED,21496/2012,RAJ KAMAL- 2077 __ RANJAN MUKHERJEE- 1042,HON'BLE MR. JUSTICE MANOJ MISRA,2026-04-01,5204,https://api.sci.gov.in/supremecourt/2012/21496/21496_2012_13_1501_69792_Judgement_01-Apr-2026.pdf,2026 INSC 304(English),https://api.sci.gov.in/supremecourt/2012/21496/21496_2012_13_1501_69792_Judgement_01-Apr-2026.pdf,
HON'BLE MR. JUSTICE K. VINOD CHANDRAN,SUPREME_COURT,2026,C.A. No.-004130-004130 - 2026,"JAI PRAKASH SAINIVSMANAGING DIRECTOR, U.P. COOPERATIVE FEDERATION LTD.",National,Principal,,,COMPLETED,30806/2019,__,HON'BLE MR. JUSTICE MANOJ MISRA,2026-04-01,2647,https://api.sci.gov.in/supremecourt/2019/30806/30806_2019_13_1502_69792_Judgement_01-Apr-2026.pdf,2026 INSC 305(English),https://api.sci.gov.in/supremecourt/2019/30806/30806_2019_13_1502_69792_Judgement_01-Apr-2026.pdf,
HON'BLE MR. JUSTICE K. VINOD CHANDRAN,SUPREME_COURT,2019,SLP(C) No.-024430-024431 - 2019,THE SECRETARY GOVERNMENT OF TAMIL NADUVSS. RAJA,National,Principal,,,COMPLETED,36197/2019,__,HON'BLE MR. JUSTICE SANJAY KUMAR,2026-04-22,2668,https://api.sci.gov.in/supremecourt/2019/36197/36197_2019_12_1501_70390_Judgement_22-Apr-2026.pdf,2026 INSC 407(English),https://api.sci.gov.in/supremecourt/2019/36197/36197_2019_12_1501_70390_Judgement_22-Apr-2026.pdf,
HON'BLE MR. JUSTICE K. VINOD CHANDRAN,SUPREME_COURT,2026,C.A. No.-004664-004664 - 2026,M/S MCM WORLDWIDE PRIVATE LIMITEDVSM/S CONSTRUCTION INDUSTRY DEVELOPMENT COUNCIL,National,Principal,,,COMPLETED,43648/2025,MOHINI PRIYA- 2977 __,HON'BLE MR. JUSTICE SANJAY KUMAR,2026-04-21,475,https://api.sci.gov.in/supremecourt/2025/43648/43648_2025_12_11_70338_Judgement_21-Apr-2026.pdf,2026 INSC 425(English),https://api.sci.gov.in/supremecourt/2025/43648/43648_2025_12_11_70338_Judgement_21-Apr-2026.pdf,
HON'BLE MR. JUSTICE K. VINOD CHANDRAN,SUPREME_COURT,2025,SLP(Crl) No.-013755 - 2025,RAHUL GUPTAVSSTATION HOUSE OFFICER,National,Principal,,,COMPLETED,45979/2025,PETITIONER-IN-PERSON __,HON'BLE MR. JUSTICE SANJAY KUMAR,2026-04-16,470,https://api.sci.gov.in/supremecourt/2025/45979/45979_2025_12_1501_70124_Judgement_16-Apr-2026.pdf,2026 INSC 374(English),https://api.sci.gov.in/supremecourt/2025/45979/45979_2025_12_1501_70124_Judgement_16-Apr-2026.pdf,
HON'BLE MR. JUSTICE K. VINOD CHANDRAN,SUPREME_COURT,2026,C.A. No.-006525-006525 - 2026,CHALLANI GINNING AND PRESSING FACTORYVSKAMAL,National,Principal,,,COMPLETED,72357/2025,SANDEEP SUDHAKAR DESHMUKH- 2461 __,HON'BLE MR. JUSTICE SANJAY KUMAR,2026-04-23,477,https://api.sci.gov.in/supremecourt/2025/72357/72357_2025_12_14_70479_Judgement_23-Apr-2026.pdf,2026 INSC 426(English),https://api.sci.gov.in/supremecourt/2025/72357/72357_2025_12_14_70479_Judgement_23-Apr-2026.pdf,
HON'BLE MR. JUSTICE K. VINOD CHANDRAN,SUPREME_COURT,2026,C.A. No.-007935-007935 - 2026,NEELAMVSGANGA SINGH,National,Principal,,,COMPLETED,211/2020,RAVI PANWAR- 2492 __,HON'BLE MR. JUSTICE SANJAY KUMAR,2026-05-15,2326,https://api.sci.gov.in/supremecourt/2020/211/211_2020_12_51_71182_Judgement_15-May-2026.pdf,2026 INSC 512(English),https://api.sci.gov.in/supremecourt/2020/211/211_2020_12_51_71182_Judgement_15-May-2026.pdf,
HON'BLE MR. JUSTICE K. VINOD CHANDRAN,SUPREME_COURT,2026,Crl.A. No.-002926-002926 - 2026,THE STATE OF MAHARASHTRAVSRAHUL DATTA BHOSALE,National,Principal,,,COMPLETED,793/2026,AADITYA ANIRUDDHA PANDE- 3259 __,HON'BLE MR. JUSTICE SANJAY KUMAR,2026-05-27,146,https://api.sci.gov.in/supremecourt/2026/793/793_2026_12_55_71627_Judgement_27-May-2026.pdf,2026 INSC 596(English),https://api.sci.gov.in/supremecourt/2026/793/793_2026_12_55_71627_Judgement_27-May-2026.pdf,
HON'BLE MR. JUSTICE K. VINOD CHANDRAN,SUPREME_COURT,2026,Crl.A. No.-002530-002530 - 2026,MADAN GOPALVSSTATE OF U.P.,National,Principal,,,COMPLETED,3444/2026,DIVYESH PRATAP SINGH- 2543 __,HON'BLE MR. JUSTICE SANJAY KUMAR,2026-05-14,133,https://api.sci.gov.in/supremecourt/2026/3444/3444_2026_12_30_71165_Judgement_14-May-2026.pdf,2026 INSC 501(English),https://api.sci.gov.in/supremecourt/2026/3444/3444_2026_12_30_71165_Judgement_14-May-2026.pdf,
HON'BLE MR. JUSTICE K. VINOD CHANDRAN,SUPREME_COURT,2023,C.A. No.-001526 - 2023,ALPHA CORP DEVELOPMENT PRIVATE LIMITEDVSGREATER NOIDA INDUSTRIAL DEVELOPMENT AUTHORITY (GNIDA),National,Principal,,,COMPLETED,8392/2023,SAMEER ABHYANKAR- 2516 __,HON'BLE MR. JUSTICE SANJAY KUMAR,2026-05-05,1220,https://api.sci.gov.in/supremecourt/2023/8392/8392_2023_12_1501_70789_Judgement_05-May-2026.pdf,2026 INSC 449(English),https://api.sci.gov.in/supremecourt/2023/8392/8392_2023_12_1501_70789_Judgement_05-May-2026.pdf,
HON'BLE MR. JUSTICE K. VINOD CHANDRAN,SUPREME_COURT,2026,C.A. No.-008192-008193 - 2026,BHUPESH BHAYANAVSKUNAL SETH,National,Principal,,,COMPLETED,20732/2024,SANDEEP SINGH- 2778 __,HON'BLE MR. JUSTICE SANJAY KUMAR,2026-05-26,876,https://api.sci.gov.in/supremecourt/2024/20732/20732_2024_12_1501_71566_Judgement_26-May-2026.pdf,2026 INSC 546(English),https://api.sci.gov.in/supremecourt/2024/20732/20732_2024_12_1501_71566_Judgement_26-May-2026.pdf,
HON'BLE MR. JUSTICE K. VINOD CHANDRAN,SUPREME_COURT,2025,C.A. No.-007432 - 2025,PUNJAB STATE POWER CORPORATION LIMITEDVSTALWANDI SABO POWER LIMITED,National,Principal,,,COMPLETED,27720/2025,PRAMOD DAYAL- 500 __,HON'BLE MR. JUSTICE SANJAY KUMAR,2026-05-20,504,https://api.sci.gov.in/supremecourt/2025/27720/27720_2025_12_1501_71330_Judgement_20-May-2026.pdf,2026 INSC 515(English),https://api.sci.gov.in/supremecourt/2025/27720/27720_2025_12_1501_71330_Judgement_20-May-2026.pdf,
HON'BLE MR. JUSTICE K. VINOD CHANDRAN,SUPREME_COURT,2026,C.A. No.-007834-007834 - 2026,SANTHOSHVSUNITED INDIA INSURANCE CO. LTD.,National,Principal,,,COMPLETED,27887/2023,ANAND DILIP LANDGE- 2739 __,HON'BLE MR. JUSTICE SANJAY KUMAR,2026-05-12,1227,https://api.sci.gov.in/supremecourt/2023/27887/27887_2023_12_23_71053_Judgement_12-May-2026.pdf,2026 INSC 500(English),https://api.sci.gov.in/supremecourt/2023/27887/27887_2023_12_23_71053_Judgement_12-May-2026.pdf,
HON'BLE MR. JUSTICE K. VINOD CHANDRAN,SUPREME_COURT,2026,C.A. No.-007115-007115 - 2026,SEETHAMMAVSTHE STATE OF KARNATAKA,National,Principal,,,COMPLETED,35067/2023,GANESH KUMAR R.- 2356 __,HON'BLE MR. JUSTICE SANJAY KUMAR,2026-05-07,1222,https://api.sci.gov.in/supremecourt/2023/35067/35067_2023_12_1501_70798_Judgement_07-May-2026.pdf,2026 INSC 457(English),https://api.sci.gov.in/supremecourt/2023/35067/35067_2023_12_1501_70798_Judgement_07-May-2026.pdf,
HON'BLE MR. JUSTICE K. VINOD CHANDRAN,SUPREME_COURT,2026,C.A. No.-007116-007116 - 2026,ELECON ENGINEERING COMPANY LIMITEDVSBHARTIYA RAIL BIJLEE COMPANY LIMITED,National,Principal,,,COMPLETED,54716/2025,ANKUR PRAKASH- 1992 __,HON'BLE MR. JUSTICE SANJAY KUMAR,2026-05-07,491,https://api.sci.gov.in/supremecourt/2025/54716/54716_2025_12_1502_70798_Judgement_07-May-2026.pdf,2026 INSC 458(English),https://api.sci.gov.in/supremecourt/2025/54716/54716_2025_12_1502_70798_Judgement_07-May-2026.pdf,
HON'BLE MR. JUSTICE K. VINOD CHANDRAN,SUPREME_COURT,2026,C.A. No.-007847-007847 - 2026,"PROJECT DIRECTOR NATIONAL HIGHWAYS AUTHORITY OF INDIAVSALFA REMIDIS LTD, NAGPUR",National,Principal,,,COMPLETED,56230/2025,JAIKRITI S. JADEJA- 2299 __,HON'BLE MR. JUSTICE SANJAY KUMAR,2026-05-12,496,https://api.sci.gov.in/supremecourt/2025/56230/56230_2025_12_1501_71053_Judgement_12-May-2026.pdf,2026 INSC 480(English),https://api.sci.gov.in/supremecourt/2025/56230/56230_2025_12_1501_71053_Judgement_12-May-2026.pdf,
HON'BLE MR. JUSTICE K. VINOD CHANDRAN,SUPREME_COURT,2026,Crl.A. No.-002568-002568 - 2026,VASANTHAVSSTATE OF TAMIL NADU,National,Principal,,,COMPLETED,59258/2025,MANJU JETLEY- 350 __,HON'BLE MR. JUSTICE SANJAY KUMAR,2026-05-15,499,https://api.sci.gov.in/supremecourt/2025/59258/59258_2025_12_1_71182_Judgement_15-May-2026.pdf,2026 INSC 513(English),https://api.sci.gov.in/supremecourt/2025/59258/59258_2025_12_1_71182_Judgement_15-May-2026.pdf,
HON'BLE MR. JUSTICE K. VINOD CHANDRAN,SUPREME_COURT,2026,Crl.A. No.-002457-002457 - 2026,SUNISHA ANANDVSSTATE OF HARYANA,National,Principal,,,COMPLETED,59517/2025,SUPRIYA JUNEJA- 2195 __,HON'BLE MR. JUSTICE SANJAY KUMAR,2026-05-11,495,https://api.sci.gov.in/supremecourt/2025/59517/59517_2025_12_42_71001_Judgement_11-May-2026.pdf,2026 INSC 530(English),https://api.sci.gov.in/supremecourt/2025/59517/59517_2025_12_42_71001_Judgement_11-May-2026.pdf,
HON'BLE MR. JUSTICE K. VINOD CHANDRAN,SUPREME_COURT,2026,C.A. No.-007826-007830 - 2026,HIRANI DEVELOPERVSNEHRU NAGAR SAMRUDDHI CHS LTD.,National,Principal,,,COMPLETED,61003/2025,SUCHITRA ATUL CHITALE- 1109 __,HON'BLE MR. JUSTICE SANJAY KUMAR,2026-05-13,497,https://api.sci.gov.in/supremecourt/2025/61003/61003_2025_12_1501_71082_Judgement_13-May-2026.pdf,2026 INSC 484(English),https://api.sci.gov.in/supremecourt/2025/61003/61003_2025_12_1501_71082_Judgement_13-May-2026.pdf,
HON'BLE MR. JUSTICE K. VINOD CHANDRAN,SUPREME_COURT,2026,C.A. No.-008195-008195 - 2026,MONDIRA GHOSHVSCHAITALI GHOSH,National,Principal,,,COMPLETED,62647/2025,ABHIJIT SENGUPTA- 1258 __,HON'BLE MR. JUSTICE SANJAY KUMAR,2026-05-26,510,https://api.sci.gov.in/supremecourt/2025/62647/62647_2025_12_1502_71566_Judgement_26-May-2026.pdf,2026 INSC 545(English),https://api.sci.gov.in/supremecourt/2025/62647/62647_2025_12_1502_71566_Judgement_26-May-2026.pdf,
HON'BLE MR. JUSTICE K. VINOD CHANDRAN,SUPREME_COURT,2026,Crl.A. No.-002868-002868 - 2026,GANDADHIPA SAHUVSSTATE OF ODISHA,National,Principal,,,COMPLETED,64228/2025,KIRAN KUMAR PATRA- 2367 __,HON'BLE MR. JUSTICE SANJAY KUMAR,2026-05-26,510,https://api.sci.gov.in/supremecourt/2025/64228/64228_2025_12_1503_71566_Judgement_26-May-2026.pdf,2026 INSC 544(English),https://api.sci.gov.in/supremecourt/2025/64228/64228_2025_12_1503_71566_Judgement_26-May-2026.pdf,
HON'BLE MR. JUSTICE K. VINOD CHANDRAN,SUPREME_COURT,2025,C.A. No.-014439-014440 - 2025,ANGELWOODS APARTMENT ALLOTTEES ASSOCIATIONVSM LALITHA,National,Principal,,,COMPLETED,68128/2025,MANU KRISHNAN G- 3005 __,HON'BLE MR. JUSTICE SANJAY KUMAR,2026-05-12,496,https://api.sci.gov.in/supremecourt/2025/68128/68128_2025_12_1502_71053_Judgement_12-May-2026.pdf,2026 INSC 479(English),https://api.sci.gov.in/supremecourt/2025/68128/68128_2025_12_1502_71053_Judgement_12-May-2026.pdf,
HON'BLE MR. JUSTICE K. VINOD CHANDRAN,SUPREME_COURT,2026,C.A. No.-008023-008023 - 2026,RR CONSTRUCTIONS AND INFRASTRUCTURE INDIA PVT. LTD.VSGAYATRI VENTURES,National,Principal,,,COMPLETED,73103/2025,DEVYANI GUPTA- 3482 __,HON'BLE MR. JUSTICE SANJAY KUMAR,2026-05-20,504,https://api.sci.gov.in/supremecourt/2025/73103/73103_2025_12_1502_71330_Judgement_20-May-2026.pdf,2026 INSC 514(English),https://api.sci.gov.in/supremecourt/2025/73103/73103_2025_12_1502_71330_Judgement_20-May-2026.pdf,
HON'BLE MR. JUSTICE K. VINOD CHANDRAN,SUPREME_COURT,2026,Crl.A. No.-002507-002507 - 2026,PAPAN SARKAR @ PRANABVSSTATE OF WEST BENGAL,National,Principal,,,COMPLETED,73582/2025,ASHIMA MANDLA- 3671 __,HON'BLE MR. JUSTICE SANJAY KUMAR,2026-05-22,506,https://api.sci.gov.in/supremecourt/2025/73582/73582_2025_11_1501_71445_Judgement_22-May-2026.pdf,2026 INSC 528(English),https://api.sci.gov.in/supremecourt/2025/73582/73582_2025_11_1501_71445_Judgement_22-May-2026.pdf,
HON'BLE MR. JUSTICE K. VINOD CHANDRAN,SUPREME_COURT,2026,Crl.A. No.-003507-003507 - 2026,KHALIL PASHAVSABDUL RASHEED,National,Principal,,,COMPLETED,2445/2023,AMOL NIRMALKUMAR SURYAWANSHI- 1786 __,HON'BLE MR. JUSTICE J.B. PARDIWALA,2026-07-28,1304,https://api.sci.gov.in/supremecourt/2023/2445/2445_2023_6_1501_72628_Judgement_28-Jul-2026.pdf,2026 INSC 754(English),https://api.sci.gov.in/supremecourt/2023/2445/2445_2023_6_1501_72628_Judgement_28-Jul-2026.pdf,
HON'BLE MR. JUSTICE K. VINOD CHANDRAN,SUPREME_COURT,2026,C.A. No.-009342-009342 - 2026,MAHABANOOVSM/S. KALIKUND DEVELOPERS,National,Principal,,,COMPLETED,4712/2026,SOMIRAN SHARMA- 1656 __,HON'BLE MR. JUSTICE J.B. PARDIWALA,2026-07-23,203,https://api.sci.gov.in/supremecourt/2026/4712/4712_2026_5_1501_72492_Judgement_23-Jul-2026.pdf,2026 INSC 737(English),https://api.sci.gov.in/supremecourt/2026/4712/4712_2026_5_1501_72492_Judgement_23-Jul-2026.pdf,
HON'BLE MR. JUSTICE K. VINOD CHANDRAN,SUPREME_COURT,2026,Crl.A. No.-003299-003299 - 2026,XVSTHE STATE OF BIHAR,National,Principal,,,COMPLETED,6698/2026,KAILAS BAJIRAO AUTADE- 2645 __,HON'BLE MR. JUSTICE J.B. PARDIWALA,2026-07-21,201,https://api.sci.gov.in/supremecourt/2026/6698/6698_2026_5_1502_72301_Judgement_21-Jul-2026.pdf,2026 INSC 728(English),https://api.sci.gov.in/supremecourt/2026/6698/6698_2026_5_1502_72301_Judgement_21-Jul-2026.pdf,
HON'BLE MR. JUSTICE K. VINOD CHANDRAN,SUPREME_COURT,2026,C.A. No.-009224-009224 - 2026,PRAKASH KUMAR DIXITVSAJAY KUMAR BHALLA,National,Principal,,,COMPLETED,13673/2025,ANAND SHANKAR JHA- 2476 __,HON'BLE MR. JUSTICE K. VINOD CHANDRAN,2026-07-21,566,https://api.sci.gov.in/supremecourt/2025/13673/13673_2025_5_1503_72301_Judgement_21-Jul-2026.pdf,2026 INSC 725(English),https://api.sci.gov.in/supremecourt/2025/13673/13673_2025_5_1503_72301_Judgement_21-Jul-2026.pdf,
HON'BLE MR. JUSTICE K. VINOD CHANDRAN,SUPREME_COURT,2019,Crl.A. No.-001615-001615 - 2019,MUNU SENVSTHE STATE OF CHHATTISGARH,National,Principal,,,COMPLETED,14909/2014,JAIL PETITION __ ANIRUDDHA P. MAYEE,HON'BLE MR. JUSTICE J.B. PARDIWALA,2026-07-29,4592,https://api.sci.gov.in/supremecourt/2014/14909/14909_2014_6_101_72728_Judgement_29-Jul-2026.pdf,2026 INSC 780(English),https://api.sci.gov.in/supremecourt/2014/14909/14909_2014_6_101_72728_Judgement_29-Jul-2026.pdf,
HON'BLE MR. JUSTICE K. VINOD CHANDRAN,SUPREME_COURT,2026,Crl.A. No.-003467-003467 - 2026,B.S. SOLANKIVSTHE STATE OF MADHYA PRADESH,National,Principal,,,COMPLETED,16009/2024,DHAWESH PAHUJA- 3642 __,HON'BLE MR. JUSTICE J.B. PARDIWALA,2026-07-24,935,https://api.sci.gov.in/supremecourt/2024/16009/16009_2024_5_44_72304_Judgement_24-Jul-2026.pdf,2026 INSC 749(English),https://api.sci.gov.in/supremecourt/2024/16009/16009_2024_5_44_72304_Judgement_24-Jul-2026.pdf,
HON'BLE MR. JUSTICE K. VINOD CHANDRAN,SUPREME_COURT,2013,Crl.A. No.-002142-002143 - 2013,STANDARD CHARTERED BANKVSENFORCEMENT OFFICER MINISTRY OF HOME AFFAIRS,National,Principal,,,COMPLETED,17026/2012,GAGAN GUPTA __,HON'BLE MR. JUSTICE J.B. PARDIWALA,2026-07-21,5315,https://api.sci.gov.in/supremecourt/2012/17026/17026_2012_5_1501_72301_Judgement_21-Jul-2026.pdf,2026 INSC 727(English),https://api.sci.gov.in/supremecourt/2012/17026/17026_2012_5_1501_72301_Judgement_21-Jul-2026.pdf,
HON'BLE MR. JUSTICE K. VINOD CHANDRAN,SUPREME_COURT,2026,MA-002228-002228 - 2026,HIGH COURT OF JUDICATURE FOR RAJASTHANVSABHAY JAIN,National,Principal,,,COMPLETED,17219/2024,K.PARAMESHWAR __,HON'BLE MR. JUSTICE J.B. PARDIWALA,2026-07-29,940,https://api.sci.gov.in/supremecourt/2024/17219/17219_2024_6_1501_72728_Judgement_29-Jul-2026.pdf,2026 INSC 762(English),https://api.sci.gov.in/supremecourt/2024/17219/17219_2024_6_1501_72728_Judgement_29-Jul-2026.pdf,
HON'BLE MR. JUSTICE K. VINOD CHANDRAN,SUPREME_COURT,2012,C.A. No.-005714-005714 - 2012,THE BRITISH MOTOR CAR COMPANY (1934) PRIVATE LTD.VSM/S HINDUSTAN COMMERCIAL BANK LTD. SINCE HAS BEEN MERGED INTO PUNJAB NATIONAL BANK,National,Principal,,,COMPLETED,21534/2012,BHARGAVA V. DESAI- 97 __ MITTER & MITTER CO.- 400,HON'BLE MR. JUSTICE SANJAY KAROL,2026-07-09,5303,https://api.sci.gov.in/supremecourt/2012/21534/21534_2012_14_1501_71942_Judgement_09-Jul-2026.pdf,2026 INSC 671(English),https://api.sci.gov.in/supremecourt/2012/21534/21534_2012_14_1501_71942_Judgement_09-Jul-2026.pdf,
HON'BLE MR. JUSTICE K. VINOD CHANDRAN,SUPREME_COURT,2026,C.A. No.-009729-009731 - 2026,MOHAMMADALI ANSARAHMAD KHANVSTHE STATE OF GUJARAT,National,Principal,,,COMPLETED,28130/2024,ANSHUMAN SRIVASTAVA- 2946 __,HON'BLE MR. JUSTICE J.B. PARDIWALA,2026-07-24,935,https://api.sci.gov.in/supremecourt/2024/28130/28130_2024_5_58_72304_Judgement_24-Jul-2026.pdf,2026 INSC 750(English),https://api.sci.gov.in/supremecourt/2024/28130/28130_2024_5_58_72304_Judgement_24-Jul-2026.pdf,
HON'BLE MR. JUSTICE K. VINOD CHANDRAN,SUPREME_COURT,2026,C.A. No.-008781-008782 - 2026,BIHAR STATE FINANCIAL CORPORATIONVSBHUSHAN SINGH,National,Principal,,,COMPLETED,28406/2025,YUGANDHARA PAWAR JHA- 2514 __,HON'BLE MR. JUSTICE SANJAY KAROL,2026-07-09,554,https://api.sci.gov.in/supremecourt/2025/28406/28406_2025_14_1503_71942_Judgement_09-Jul-2026.pdf,2026 INSC 673(English),https://api.sci.gov.in/supremecourt/2025/28406/28406_2025_14_1503_71942_Judgement_09-Jul-2026.pdf,
HON'BLE MR. JUSTICE K. VINOD CHANDRAN,SUPREME_COURT,2026,Crl.A. No.-003427-003427 - 2026,N. DAMODARANVSSTATE REP. BY INSPECTOR OF POLICE,National,Principal,,,COMPLETED,31495/2024,M.P. PARTHIBAN- 2667 __,HON'BLE MR. JUSTICE J.B. PARDIWALA,2026-07-24,935,https://api.sci.gov.in/supremecourt/2024/31495/31495_2024_5_45_72304_Judgement_24-Jul-2026.pdf,2026 INSC 751(English),https://api.sci.gov.in/supremecourt/2024/31495/31495_2024_5_45_72304_Judgement_24-Jul-2026.pdf,
HON'BLE MR. JUSTICE K. VINOD CHANDRAN,SUPREME_COURT,2024,C.A. No.-006526-006526 - 2024,R. VERONICAVSRUDRAYANI DEVAKI(D) THROUGH LRS. S. SATHA KUMAR,National,Principal,,,COMPLETED,33475/2018,PRAKASH RANJAN NAYAK- 2126 __,HON'BLE MR. JUSTICE J.B. PARDIWALA,2026-07-14,3116,https://api.sci.gov.in/supremecourt/2018/33475/33475_2018_6_1501_72001_Judgement_14-Jul-2026.pdf,2026 INSC 703(English),https://api.sci.gov.in/supremecourt/2018/33475/33475_2018_6_1501_72001_Judgement_14-Jul-2026.pdf,
HON'BLE MR. JUSTICE K. VINOD CHANDRAN,SUPREME_COURT,2026,C.A. No.-008780-008780 - 2026,BEJLA ORAONVSKALI DAS ORAON,National,Principal,,,COMPLETED,41098/2024,MOHINI PRIYA- 2977 __,HON'BLE MR. JUSTICE NONGMEIKAPAM KOTISWAR SINGH,2026-07-09,920,https://api.sci.gov.in/supremecourt/2024/41098/41098_2024_14_1502_71942_Judgement_09-Jul-2026.pdf,2026 INSC 672(English),https://api.sci.gov.in/supremecourt/2024/41098/41098_2024_14_1502_71942_Judgement_09-Jul-2026.pdf,
HON'BLE MR. JUSTICE K. VINOD CHANDRAN,SUPREME_COURT,2026,C.A. No.-009775-009775 - 2026,IJM CORPORATION BERHADVSM/S LAKSHMI SAI CONSTRUCTIONS COMPANY,National,Principal,,,COMPLETED,41624/2022,K.PARAMESHWAR __,HON'BLE MR. JUSTICE K. VINOD CHANDRAN,2026-07-28,1669,https://api.sci.gov.in/supremecourt/2022/41624/41624_2022_6_32_72628_Judgement_28-Jul-2026.pdf,2026 INSC 777(English),https://api.sci.gov.in/supremecourt/2022/41624/41624_2022_6_32_72628_Judgement_28-Jul-2026.pdf,
HON'BLE MR. JUSTICE K. VINOD CHANDRAN,SUPREME_COURT,2026,MA-000748 - 2026,M SABITHAVSBRAHMA SWAMULU,National,Principal,,,COMPLETED,50782/2025,GOPAL JHA- 2306 __,HON'BLE MR. JUSTICE K. VINOD CHANDRAN,2026-07-13,558,https://api.sci.gov.in/supremecourt/2025/50782/50782_2025_6_12_72000_Judgement_13-Jul-2026.pdf,2026 INSC 704(English),https://api.sci.gov.in/supremecourt/2025/50782/50782_2025_6_12_72000_Judgement_13-Jul-2026.pdf,
HON'BLE MR. JUSTICE K. VINOD CHANDRAN,SUPREME_COURT,2026,C.A. No.-009774-009774 - 2026,CHITRAVSC. NATARAJAN,National,Principal,,,COMPLETED,51259/2025,CHITRANGDA RASTRAVARA- 3666 __,HON'BLE MR. JUSTICE J.B. PARDIWALA,2026-07-28,573,https://api.sci.gov.in/supremecourt/2025/51259/51259_2025_6_23_72628_Judgement_28-Jul-2026.pdf,2026 INSC 781(English),https://api.sci.gov.in/supremecourt/2025/51259/51259_2025_6_23_72628_Judgement_28-Jul-2026.pdf,
HON'BLE MR. JUSTICE K. VINOD CHANDRAN,SUPREME_COURT,2026,C.A. No.-009807-009807 - 2026,BISHEN PRASAD TIWARIVSSHEELA DEVI,National,Principal,,,COMPLETED,54967/2024,RAJEEV SINGH- 1626 __,HON'BLE MR. JUSTICE J.B. PARDIWALA,2026-07-17,928,https://api.sci.gov.in/supremecourt/2024/54967/54967_2024_6_48_72196_Judgement_17-Jul-2026.pdf,2026 INSC 760(English),https://api.sci.gov.in/supremecourt/2024/54967/54967_2024_6_48_72196_Judgement_17-Jul-2026.pdf,
HON'BLE MR. JUSTICE K. VINOD CHANDRAN,SUPREME_COURT,2026,SLP(Crl) No.-002951 - 2026,STATE OF RAJASTHANVSDEV KANT MEENA,National,Principal,,,COMPLETED,56448/2025,SAURABH RAJPAL- 3577 __,HON'BLE MR. JUSTICE J.B. PARDIWALA,2026-07-23,568,https://api.sci.gov.in/supremecourt/2025/56448/56448_2025_5_20_72303_Judgement_23-Jul-2026.pdf,2026 INSC 752(English),https://api.sci.gov.in/supremecourt/2025/56448/56448_2025_5_20_72303_Judgement_23-Jul-2026.pdf,
HON'BLE MR. JUSTICE K. VINOD CHANDRAN,SUPREME_COURT,2026,C.A. No.-008786-008786 - 2026,M/S. LEVITATE MOBILE TECHNOLOGIES PVT. LTD.VSM/S. STANDARD CHARTERED BANK,National,Principal,,,COMPLETED,57548/2025,PREETY MAKKAR- 3359 __,HON'BLE MR. JUSTICE NONGMEIKAPAM KOTISWAR SINGH,2026-07-09,554,https://api.sci.gov.in/supremecourt/2025/57548/57548_2025_14_1504_71942_Judgement_09-Jul-2026.pdf,2026 INSC 674(English),https://api.sci.gov.in/supremecourt/2025/57548/57548_2025_14_1504_71942_Judgement_09-Jul-2026.pdf,
HON'BLE MR. JUSTICE K. VINOD CHANDRAN,SUPREME_COURT,2026,Crl.A. No.-003117-003117 - 2026,BRAJESH KUMAR @ BIRJESH KUMAR SINGHVSTHE STATE OF BIHAR,National,Principal,,,COMPLETED,69274/2025,NEERAJ SHEKHAR- 1635 __,HON'BLE MR. JUSTICE J.B. PARDIWALA,2026-07-13,558,https://api.sci.gov.in/supremecourt/2025/69274/69274_2025_6_1501_72000_Judgement_13-Jul-2026.pdf,2026 INSC 695(English),https://api.sci.gov.in/supremecourt/2025/69274/69274_2025_6_1501_72000_Judgement_13-Jul-2026.pdf,
HON'BLE MR. JUSTICE K. VINOD CHANDRAN,SUPREME_COURT,2026,C.A. No.-009836-009836 - 2026,"KIRTY AGARWALVSCHIEF OPERATING OFFICER,",National,Principal,,,COMPLETED,73983/2025,SHASHWAT SINGH- 3941 __,HON'BLE MR. JUSTICE J.B. PARDIWALA,2026-07-28,573,https://api.sci.gov.in/supremecourt/2025/73983/73983_2025_6_59_72628_Judgement_28-Jul-2026.pdf,2026 INSC 782(English),https://api.sci.gov.in/supremecourt/2025/73983/73983_2025_6_59_72628_Judgement_28-Jul-2026.pdf,
HON'BLE MR. JUSTICE K. VINOD CHANDRAN,SUPREME_COURT,2021,C.A. No.-000876 - 2021,SRINIVASA REDDY VELAGALAVSSRAVANTHI INFRATECH PVT. LTD.,National,Principal,,,COMPLETED,6443/2021,__,HON'BLE MR. JUSTICE J.B. PARDIWALA,2026-08-12,2049,https://api.sci.gov.in/supremecourt/2021/6443/6443_2021_6_1501_73194_Judgement_12-Aug-2026.pdf,2026 INSC 835(English),https://api.sci.gov.in/supremecourt/2021/6443/6443_2021_6_1501_73194_Judgement_12-Aug-2026.pdf,
HON'BLE MR. JUSTICE K. VINOD CHANDRAN,SUPREME_COURT,2026,C.A. No.-012042-012042 - 2026,PRADEEPVSJAGADISHWARI,National,Principal,,,COMPLETED,6877/2020,RAJESH GULAB INAMDAR- 3386 __,HON'BLE MR. JUSTICE J.B. PARDIWALA,2026-08-20,2423,https://api.sci.gov.in/supremecourt/2020/6877/6877_2020_6_18_73473_Judgement_20-Aug-2026.pdf,2026 INSC 921(English),https://api.sci.gov.in/supremecourt/2020/6877/6877_2020_6_18_73473_Judgement_20-Aug-2026.pdf,
HON'BLE MR. JUSTICE K. VINOD CHANDRAN,SUPREME_COURT,2026,C.A. No.-010899-010904 - 2026,NEO DEVELOPERS PRIVATE LIMITEDVSRAHUL BHARGAVA,National,Principal,,,COMPLETED,12262/2026,R. C. KOHLI- 571 __,HON'BLE MR. JUSTICE J.B. PARDIWALA,2026-08-11,222,https://api.sci.gov.in/supremecourt/2026/12262/12262_2026_5_36_73149_Judgement_11-Aug-2026.pdf,2026 INSC 875(English),https://api.sci.gov.in/supremecourt/2026/12262/12262_2026_5_36_73149_Judgement_11-Aug-2026.pdf,
HON'BLE MR. JUSTICE K. VINOD CHANDRAN,SUPREME_COURT,2026,Crl.A. No.-003566-003566 - 2026,MAHENDRA SINGHVSTHE STATE OF CHHATTISGARH,National,Principal,,,COMPLETED,13706/2026,JAYESH K. UNNIKRISHNAN- 2129 __,HON'BLE MR. JUSTICE K. VINOD CHANDRAN,2026-07-31,211,https://api.sci.gov.in/supremecourt/2026/13706/13706_2026_6_1501_72792_Judgement_31-Jul-2026.pdf,2026 INSC 775(English),https://api.sci.gov.in/supremecourt/2026/13706/13706_2026_6_1501_72792_Judgement_31-Jul-2026.pdf,
HON'BLE MR. JUSTICE K. VINOD CHANDRAN,SUPREME_COURT,2011,C.A. No.-007225-007225 - 2011,RAZIYA BEGUM VSNAFISA BEGUM ABDUL HAMID .,National,Principal,,,COMPLETED,13874/2010,ANAGHA S. DESAI- 1588 __ ARUN KUMAR BERIWAL,HON'BLE MR. JUSTICE K. VINOD CHANDRAN,2026-08-07,6062,https://api.sci.gov.in/supremecourt/2010/13874/13874_2010_6_1501_72907_Judgement_07-Aug-2026.pdf,2026 INSC 814(English),https://api.sci.gov.in/supremecourt/2010/13874/13874_2010_6_1501_72907_Judgement_07-Aug-2026.pdf,
HON'BLE MR. JUSTICE K. VINOD CHANDRAN,SUPREME_COURT,2024,SLP(C) No.-010320-010321 - 2024,KAVITHA KURUGANTIVSPEPSICO INDIA HOLDINGS PVT. LTD,National,Principal,,,COMPLETED,14439/2024,PUJA SHARMA- 1559 __,HON'BLE MR. JUSTICE J.B. PARDIWALA,2026-08-05,947,https://api.sci.gov.in/supremecourt/2024/14439/14439_2024_6_34_72905_Judgement_05-Aug-2026.pdf,2026 INSC 811(English),https://api.sci.gov.in/supremecourt/2024/14439/14439_2024_6_34_72905_Judgement_05-Aug-2026.pdf,
HON'BLE MR. JUSTICE K. VINOD CHANDRAN,SUPREME_COURT,2026,C.A. No.-010204-010214 - 2026,G SITA RAM CHANDERVSTUMMALA SURESH CHANDRA CHATTERJEE,National,Principal,,,COMPLETED,14630/2025,TARUN GUPTA- 1917 __,HON'BLE MR. JUSTICE J.B. PARDIWALA,2026-08-05,581,https://api.sci.gov.in/supremecourt/2025/14630/14630_2025_6_9_72905_Judgement_05-Aug-2026.pdf,2026 INSC 906(English),https://api.sci.gov.in/supremecourt/2025/14630/14630_2025_6_9_72905_Judgement_05-Aug-2026.pdf,
HON'BLE MR. JUSTICE K. VINOD CHANDRAN,SUPREME_COURT,2026,Crl.A. No.-003738-003738 - 2026,SANDEEP SHUKLAVSSTATE OF U.P.,National,Principal,,,COMPLETED,15006/2026,PALLAV MONGIA- 2469 __,HON'BLE MR. JUSTICE J.B. PARDIWALA,2026-08-05,216,https://api.sci.gov.in/supremecourt/2026/15006/15006_2026_6_24_72905_Judgement_05-Aug-2026.pdf,2026 INSC 817(English),https://api.sci.gov.in/supremecourt/2026/15006/15006_2026_6_24_72905_Judgement_05-Aug-2026.pdf,
HON'BLE MR. JUSTICE K. VINOD CHANDRAN,SUPREME_COURT,2020,Crl.A. No.-000076-000076 - 2020,TAHER VAJIYUDDIN RANGWALAVSTHE STATE OF GUJARAT,National,Principal,,,COMPLETED,19107/2016,MOHAMMAD ASLAM- 3269 __,HON'BLE MR. JUSTICE K. VINOD CHANDRAN,2026-08-13,3877,https://api.sci.gov.in/supremecourt/2016/19107/19107_2016_6_1501_73195_Judgement_13-Aug-2026.pdf,2026 INSC 859(English),https://api.sci.gov.in/supremecourt/2016/19107/19107_2016_6_1501_73195_Judgement_13-Aug-2026.pdf,
HON'BLE MR. JUSTICE K. VINOD CHANDRAN,SUPREME_COURT,2017,C.A. No.-010504-010506 - 2017,AUDI AUTOMOBILESVSCOMMISSIONER OF CENTRAL EXCISE AND SERVICE TAX INDORE,National,Principal,,,COMPLETED,19729/2017,CHARANYA LAKSHMIKUMARAN- 2735 __ GURMEET SINGH MAKKER- 2357,HON'BLE MR. JUSTICE K. VINOD CHANDRAN,2026-08-13,3511,https://api.sci.gov.in/supremecourt/2017/19729/19729_2017_6_1502_73195_Judgement_13-Aug-2026.pdf,2026 INSC 858(English),https://api.sci.gov.in/supremecourt/2017/19729/19729_2017_6_1502_73195_Judgement_13-Aug-2026.pdf,
HON'BLE MR. JUSTICE K. VINOD CHANDRAN,SUPREME_COURT,2026,Crl.A. No.-003639-003639 - 2026,ARJUN JANI @ TUNTUNVSSTATE OF ORISSA,National,Principal,,,COMPLETED,20736/2026,PRAGATI NEEKHRA- 1590 __,HON'BLE MR. JUSTICE K. VINOD CHANDRAN,2026-08-04,215,https://api.sci.gov.in/supremecourt/2026/20736/20736_2026_6_1501_72904_Judgement_04-Aug-2026.pdf,2026 INSC 802(English),https://api.sci.gov.in/supremecourt/2026/20736/20736_2026_6_1501_72904_Judgement_04-Aug-2026.pdf,
HON'BLE MR. JUSTICE K. VINOD CHANDRAN,SUPREME_COURT,2026,C.A. No.-010260-010260 - 2026,SHABU KN ACHARYVSDHARAMPAL PREMCHAND LIMITED,National,Principal,,,COMPLETED,21018/2026,ASHISH PANDEY- 3825 __,HON'BLE MR. JUSTICE J.B. PARDIWALA,2026-08-07,218,https://api.sci.gov.in/supremecourt/2026/21018/21018_2026_6_54_72907_Judgement_07-Aug-2026.pdf,2026 INSC 819(English),https://api.sci.gov.in/supremecourt/2026/21018/21018_2026_6_54_72907_Judgement_07-Aug-2026.pdf,
HON'BLE MR. JUSTICE K. VINOD CHANDRAN,SUPREME_COURT,2025,C.A. No.-007474 - 2025,HAFIZ RASHID AHMED CHOUDHURYVSKRIPANATH MALLAH,National,Principal,,,COMPLETED,23724/2025,__,HON'BLE MR. JUSTICE J.B. PARDIWALA,2026-08-24,600,https://api.sci.gov.in/supremecourt/2025/23724/23724_2025_6_1501_73718_Judgement_24-Aug-2026.pdf,2026 INSC 915(English),https://api.sci.gov.in/supremecourt/2025/23724/23724_2025_6_1501_73718_Judgement_24-Aug-2026.pdf,
HON'BLE MR. JUSTICE K. VINOD CHANDRAN,SUPREME_COURT,2026,C.A. No.-012020-012020 - 2026,MS TATA STEEL LIMITEDVSUNION OF INDIA THROUGH THE SECRETARY MINISTRY OF FINANCE,National,Principal,,,COMPLETED,28063/2026,SUHAAS RATNA JOSHI- 2113 __,HON'BLE MR. JUSTICE K. VINOD CHANDRAN,2026-08-25,236,https://api.sci.gov.in/supremecourt/2026/28063/28063_2026_6_1502_73760_Judgement_25-Aug-2026.pdf,2026 INSC 920(English),https://api.sci.gov.in/supremecourt/2026/28063/28063_2026_6_1502_73760_Judgement_25-Aug-2026.pdf,
HON'BLE MR. JUSTICE K. VINOD CHANDRAN,SUPREME_COURT,2013,C.A. No.-007947-007947 - 2013,"M/S TVS MOTOR COMPANY LIMITEDVSCOMMISSIONER OF CENTRAL EXCISE, CHENNAI-III",National,Principal,,,COMPLETED,29614/2012,R. PARTHASARATHY- 1523 __,HON'BLE MR. JUSTICE K. VINOD CHANDRAN,2026-08-19,5344,https://api.sci.gov.in/supremecourt/2012/29614/29614_2012_6_1502_73520_Judgement_19-Aug-2026.pdf,2026 INSC 892(English),https://api.sci.gov.in/supremecourt/2012/29614/29614_2012_6_1502_73520_Judgement_19-Aug-2026.pdf,
HON'BLE MR. JUSTICE K. VINOD CHANDRAN,SUPREME_COURT,2026,Crl.A. No.-003892-003892 - 2026,KANAD SAHAVSTHE STATE OF WEST BENGAL,National,Principal,,,COMPLETED,30018/2026,SUNIL KUMAR SHARMA- 3028 __,HON'BLE MR. JUSTICE J.B. PARDIWALA,2026-08-17,228,https://api.sci.gov.in/supremecourt/2026/30018/30018_2026_6_50_73391_Judgement_17-Aug-2026.pdf,2026 INSC 877(English),https://api.sci.gov.in/supremecourt/2026/30018/30018_2026_6_50_73391_Judgement_17-Aug-2026.pdf,
HON'BLE MR. JUSTICE K. VINOD CHANDRAN,SUPREME_COURT,2024,C.A. No.-007838-007838 - 2024,SINGAPOGU BABU RAOVSSPECIAL DEPUTY COLLECTOR (LAND ACQUISITION),National,Principal,,,COMPLETED,33284/2022,GAICHANGPOU GANGMEI- 2521 __,HON'BLE MR. JUSTICE J.B. PARDIWALA,2026-08-19,1691,https://api.sci.gov.in/supremecourt/2022/33284/33284_2022_6_1501_73520_Judgement_19-Aug-2026.pdf,2026 INSC 888(English),https://api.sci.gov.in/supremecourt/2022/33284/33284_2022_6_1501_73520_Judgement_19-Aug-2026.pdf,
HON'BLE MR. JUSTICE K. VINOD CHANDRAN,SUPREME_COURT,2026,C.A. No.-010750-010750 - 2026,M/S INDO ENGINEERING WORKSVSRASHTRIYA ISPAT NIGAM LIMITED (RINL),National,Principal,,,COMPLETED,34210/2026,SWATI SURBHI- 4295 __,HON'BLE MR. JUSTICE J.B. PARDIWALA,2026-08-13,224,https://api.sci.gov.in/supremecourt/2026/34210/34210_2026_6_29_73295_Judgement_13-Aug-2026.pdf,2026 INSC 874(English),https://api.sci.gov.in/supremecourt/2026/34210/34210_2026_6_29_73295_Judgement_13-Aug-2026.pdf,
HON'BLE MR. JUSTICE K. VINOD CHANDRAN,SUPREME_COURT,2026,C.A. No.-010658-010658 - 2026,MAGEBA BRIDGE PRODUCTS PRIVATE LIMITEDVSM/S. TRADE CENTRE,National,Principal,,,COMPLETED,37012/2025,DHANANJAY BAIJAL- 2906 __,HON'BLE MR. JUSTICE K. VINOD CHANDRAN,2026-08-12,588,https://api.sci.gov.in/supremecourt/2025/37012/37012_2025_6_1502_73194_Judgement_12-Aug-2026.pdf,2026 INSC 839(English),https://api.sci.gov.in/supremecourt/2025/37012/37012_2025_6_1502_73194_Judgement_12-Aug-2026.pdf,
HON'BLE MR. JUSTICE K. VINOD CHANDRAN,SUPREME_COURT,2026,MA-002278 - 2026,M/S VIMLA FUELS AND METALS LIMITEDVSSTATE OF GUJARAT,National,Principal,,,COMPLETED,37602/2026,SABARISH SUBRAMANIAN- 2864 __,HON'BLE MR. JUSTICE J.B. PARDIWALA,2026-07-31,211,https://api.sci.gov.in/supremecourt/2026/37602/37602_2026_6_5_72792_Judgement_31-Jul-2026.pdf,2026 INSC 800(English),https://api.sci.gov.in/supremecourt/2026/37602/37602_2026_6_5_72792_Judgement_31-Jul-2026.pdf,
HON'BLE MR. JUSTICE K. VINOD CHANDRAN,SUPREME_COURT,2017,C.A. No.-000699-000699 - 2017,M/S. CIRCAR PAPER MILLS LIMITEDVSDISTRICT COLLECTOR NELLORE DISTT. .,National,Principal,,,COMPLETED,37818/2010,SUDHA GUPTA- 1234 __ GUNTUR PRABHAKAR- 212,HON'BLE MR. JUSTICE K. VINOD CHANDRAN,2026-08-25,6080,https://api.sci.gov.in/supremecourt/2010/37818/37818_2010_6_1501_73760_Judgement_25-Aug-2026.pdf,2026 INSC 924(English),https://api.sci.gov.in/supremecourt/2010/37818/37818_2010_6_1501_73760_Judgement_25-Aug-2026.pdf,
HON'BLE MR. JUSTICE K. VINOD CHANDRAN,SUPREME_COURT,2013,C.A. No.-009169-009170 - 2013,PUNJAB WAKF BOARDVSDIRECTOR RURAL DEVELOPMENT AND PANCHAYATS,National,Principal,,,COMPLETED,38061/2010,EQUITY LEX ASSOCIATES- 1449 __,HON'BLE MR. JUSTICE J.B. PARDIWALA,2026-08-19,6074,https://api.sci.gov.in/supremecourt/2010/38061/38061_2010_6_104_73520_Judgement_19-Aug-2026.pdf,2026 INSC 930(English),https://api.sci.gov.in/supremecourt/2010/38061/38061_2010_6_104_73520_Judgement_19-Aug-2026.pdf,
HON'BLE MR. JUSTICE K. VINOD CHANDRAN,SUPREME_COURT,2025,Crl.A. No.-004849-004849 - 2025,JUPUDI SURESHVSTHE STATE OF ANDHRA PRADESH,National,Principal,,,COMPLETED,39153/2025,RAJ KISHOR CHOUDHARY- 2212 __ GUNTUR PRAMOD KUMAR- 2788,HON'BLE MR. JUSTICE K. VINOD CHANDRAN,2026-08-11,587,https://api.sci.gov.in/supremecourt/2025/39153/39153_2025_5_1502_73149_Judgement_11-Aug-2026.pdf,2026 INSC 832(English),https://api.sci.gov.in/supremecourt/2025/39153/39153_2025_5_1502_73149_Judgement_11-Aug-2026.pdf,
HON'BLE MR. JUSTICE K. VINOD CHANDRAN,SUPREME_COURT,2026,C.A. No.-011194-011194 - 2026,N ASHA DEVIVSR ARAVIND KUMAR,National,Principal,,,COMPLETED,40163/2025,T. HARISH KUMAR- 1418 __,HON'BLE MR. JUSTICE J.B. PARDIWALA,2026-08-17,593,https://api.sci.gov.in/supremecourt/2025/40163/40163_2025_6_34_73391_Judgement_17-Aug-2026.pdf,2026 INSC 908(English),https://api.sci.gov.in/supremecourt/2025/40163/40163_2025_6_34_73391_Judgement_17-Aug-2026.pdf,
HON'BLE MR. JUSTICE K. VINOD CHANDRAN,SUPREME_COURT,2025,SLP(C) No.-024550 - 2025,M/S GOODLUCK INDIA LIMITEDVSUNION OF INDIA,National,Principal,,,COMPLETED,40513/2025,SHUBHAM SINGH- 3485 __,HON'BLE MR. JUSTICE J.B. PARDIWALA,2026-08-06,582,https://api.sci.gov.in/supremecourt/2025/40513/40513_2025_6_28_72906_Judgement_06-Aug-2026.pdf,2026 INSC 821(English),https://api.sci.gov.in/supremecourt/2025/40513/40513_2025_6_28_72906_Judgement_06-Aug-2026.pdf,
HON'BLE MR. JUSTICE K. VINOD CHANDRAN,SUPREME_COURT,2026,Crl.A. No.-003807-003807 - 2026,LILLY GOYALVSSTATE OF HIMACHAL PRADESH,National,Principal,,,COMPLETED,40814/2026,RADHIKA GAUTAM- 2287 __,HON'BLE MR. JUSTICE J.B. PARDIWALA,2026-08-11,222,https://api.sci.gov.in/supremecourt/2026/40814/40814_2026_5_39_73149_Judgement_11-Aug-2026.pdf,2026 INSC 856(English),https://api.sci.gov.in/supremecourt/2026/40814/40814_2026_5_39_73149_Judgement_11-Aug-2026.pdf,
HON'BLE MR. JUSTICE K. VINOD CHANDRAN,SUPREME_COURT,2026,Crl.A. No.-004090-004091 - 2026,UMMED DEVIVSTHE STATE OF RAJASTHAN,National,Principal,,,COMPLETED,42673/2026,SUMIT TETERRWAL- 2555 __,HON'BLE MR. JUSTICE J.B. PARDIWALA,2026-08-25,236,https://api.sci.gov.in/supremecourt/2026/42673/42673_2026_6_45_73760_Judgement_25-Aug-2026.pdf,2026 INSC 931(English),https://api.sci.gov.in/supremecourt/2026/42673/42673_2026_6_45_73760_Judgement_25-Aug-2026.pdf,
HON'BLE MR. JUSTICE K. VINOD CHANDRAN,SUPREME_COURT,2026,Crl.A. No.-003979-003979 - 2026,SHIV PRATAP SINGH ALIAS CHINUVSSTATE OF U.P,National,Principal,,,COMPLETED,46940/2025,VIKASH CHANDRA SHUKLA- 3139 __,HON'BLE MR. JUSTICE K. VINOD CHANDRAN,2026-08-20,596,https://api.sci.gov.in/supremecourt/2025/46940/46940_2025_6_1501_73521_Judgement_20-Aug-2026.pdf,2026 INSC 894(English),https://api.sci.gov.in/supremecourt/2025/46940/46940_2025_6_1501_73521_Judgement_20-Aug-2026.pdf,
HON'BLE MR. JUSTICE K. VINOD CHANDRAN,SUPREME_COURT,2026,C.A. No.-010569-010569 - 2026,BASUDEVVSSANJAY KUMAR,National,Principal,,,COMPLETED,52426/2024,VINOD SHARMA- 2369 __,HON'BLE MR. JUSTICE K. VINOD CHANDRAN,2026-08-11,953,https://api.sci.gov.in/supremecourt/2024/52426/52426_2024_5_1501_73149_Judgement_11-Aug-2026.pdf,2026 INSC 831(English),https://api.sci.gov.in/supremecourt/2024/52426/52426_2024_5_1501_73149_Judgement_11-Aug-2026.pdf,
HON'BLE MR. JUSTICE K. VINOD CHANDRAN,SUPREME_COURT,2026,Crl.A. No.-003893-003893 - 2026,ILABENVSTHE STATE OF GUJARAT,National,Principal,,,COMPLETED,60428/2025,NEERAJ KUMAR GUPTA- 2097 __,HON'BLE MR. JUSTICE J.B. PARDIWALA,2026-08-17,593,https://api.sci.gov.in/supremecourt/2025/60428/60428_2025_6_35_73391_Judgement_17-Aug-2026.pdf,2026 INSC 879(English),https://api.sci.gov.in/supremecourt/2025/60428/60428_2025_6_35_73391_Judgement_17-Aug-2026.pdf,
HON'BLE MR. JUSTICE K. VINOD CHANDRAN,SUPREME_COURT,2026,Crl.A. No.-004183-004183 - 2026,R MANIMARANVSSTATE OF TAMIL NADU,National,Principal,,,COMPLETED,61757/2025,A VELAN- 3181 __,HON'BLE MR. JUSTICE J.B. PARDIWALA,2026-08-24,600,https://api.sci.gov.in/supremecourt/2025/61757/61757_2025_6_18_73718_Judgement_24-Aug-2026.pdf,2026 INSC 946(English),https://api.sci.gov.in/supremecourt/2025/61757/61757_2025_6_18_73718_Judgement_24-Aug-2026.pdf,
HON'BLE MR. JUSTICE K. VINOD CHANDRAN,SUPREME_COURT,2025,W.P.(C) No.-001110-001110 - 2025,BHUMIKA TRUSTVSUNION OF INDIA,National,Principal,,,COMPLETED,62949/2025,PETITIONER-IN-PERSON __,HON'BLE THE CHIEF JUSTICE,2026-08-21,597,https://api.sci.gov.in/supremecourt/2025/62949/62949_2025_1_1501_73791_Judgement_21-Aug-2026.pdf,2026 INSC 904(English),https://api.sci.gov.in/supremecourt/2025/62949/62949_2025_1_1501_73791_Judgement_21-Aug-2026.pdf,
HON'BLE MR. JUSTICE K. VINOD CHANDRAN,SUPREME_COURT,2026,CONMT.PET.(C) No.-000251 - 2026,ASHOK KUMAR TIWARIVSVIVEK KUMAR CHATURVEDI,National,Principal,,,COMPLETED,72089/2025,RAJEEV KUMAR DUBEY- 4196 __,HON'BLE MR. JUSTICE K. VINOD CHANDRAN,2026-08-07,583,https://api.sci.gov.in/supremecourt/2025/72089/72089_2025_6_56_72907_Judgement_07-Aug-2026.pdf,2026 INSC 818(English),https://api.sci.gov.in/supremecourt/2025/72089/72089_2025_6_56_72907_Judgement_07-Aug-2026.pdf,
HON'BLE MR. JUSTICE K. VINOD CHANDRAN,SUPREME_COURT,2026,C.A. No.-012041-012041 - 2026,HARINDER SINGH SODHIVSSTATE OF RAJASTHAN,National,Principal,,,COMPLETED,72233/2025,BHARGAVA V. DESAI- 97 __,HON'BLE MR. JUSTICE J.B. PARDIWALA,2026-08-24,600,https://api.sci.gov.in/supremecourt/2025/72233/72233_2025_6_19_73718_Judgement_24-Aug-2026.pdf,2026 INSC 922(English),https://api.sci.gov.in/supremecourt/2025/72233/72233_2025_6_19_73718_Judgement_24-Aug-2026.pdf,
HON'BLE MR. JUSTICE K. VINOD CHANDRAN,SUPREME_COURT,2026,SLP(Crl) No.-003418 - 2026,SUBHAS CHANDRA SARKARVSTHE STATE OF WEST BENGAL,National,Principal,,,COMPLETED,7576/2026,PETITIONER-IN-PERSON __,HON'BLE MR. JUSTICE J.B. PARDIWALA,2026-09-22,264,https://api.sci.gov.in/supremecourt/2026/7576/7576_2026_6_56_74482_Judgement_22-Sep-2026.pdf,2026 INSC 1052(English),https://api.sci.gov.in/supremecourt/2026/7576/7576_2026_6_56_74482_Judgement_22-Sep-2026.pdf,
HON'BLE MR. JUSTICE K. VINOD CHANDRAN,SUPREME_COURT,2017,Crl.A. No.-001434-001438 - 2017,DHRUB SINGH ETCVSTHE STATE OF BIHAR,National,Principal,,,COMPLETED,13308/2016,__,HON'BLE MR. JUSTICE K. VINOD CHANDRAN,2026-09-01,3896,https://api.sci.gov.in/supremecourt/2016/13308/13308_2016_6_1501_73866_Judgement_01-Sep-2026.pdf,2026 INSC 935(English),https://api.sci.gov.in/supremecourt/2016/13308/13308_2016_6_1501_73866_Judgement_01-Sep-2026.pdf,
HON'BLE MR. JUSTICE K. VINOD CHANDRAN,SUPREME_COURT,2026,Crl.A. No.-004250-004250 - 2026,SANOFI INDIA LTD.VSCENTRAL BUREAU OF INVESTIGATION,National,Principal,,,COMPLETED,13349/2019,MAYANK PANDEY- 2297 __ MUKESH KUMAR MARORIA- 2324,HON'BLE MR. JUSTICE J.B. PARDIWALA,2026-09-07,2806,https://api.sci.gov.in/supremecourt/2019/13349/13349_2019_6_1502_74010_Judgement_07-Sep-2026.pdf,2026 INSC 957(English),https://api.sci.gov.in/supremecourt/2019/13349/13349_2019_6_1502_74010_Judgement_07-Sep-2026.pdf,
HON'BLE MR. JUSTICE K. VINOD CHANDRAN,SUPREME_COURT,2026,C.A. No.-004473 - 2026,ONE CITY INFRASTRUCTURE PRIVATE LIMITEDVSGHAZIABAD DEVELOPMENT AUTHORITY,National,Principal,,,COMPLETED,15831/2026,ANUJA PETHIA- 3335 __,HON'BLE MR. JUSTICE J.B. PARDIWALA,2026-08-31,242,https://api.sci.gov.in/supremecourt/2026/15831/15831_2026_5_57_73815_Judgement_31-Aug-2026.pdf,2026 INSC 962(English),https://api.sci.gov.in/supremecourt/2026/15831/15831_2026_5_57_73815_Judgement_31-Aug-2026.pdf,
HON'BLE MR. JUSTICE K. VINOD CHANDRAN,SUPREME_COURT,2026,C.A. No.-013057-013057 - 2026,NEW OKHLA INDUSTRIAL DEVELOPMENT AUTHORITYVSRAJVEER SINGH,National,Principal,,,COMPLETED,18650/2025,__,HON'BLE MR. JUSTICE K. VINOD CHANDRAN,2026-09-21,628,https://api.sci.gov.in/supremecourt/2025/18650/18650_2025_6_1501_74468_Judgement_21-Sep-2026.pdf,2026 INSC 1026(English),https://api.sci.gov.in/supremecourt/2025/18650/18650_2025_6_1501_74468_Judgement_21-Sep-2026.pdf,
HON'BLE MR. JUSTICE K. VINOD CHANDRAN,SUPREME_COURT,2024,Crl.A. No.-001882-001882 - 2024,KHANINDRA KR. DUTTAVSCENTRAL BUREAU OF INVESTIGATION,National,Principal,,,COMPLETED,21527/2018,ROHIT KUMAR-I- 3594 __ SHREEKANT NEELAPPA TERDAL- 909,HON'BLE MR. JUSTICE J.B. PARDIWALA,2026-09-08,3172,https://api.sci.gov.in/supremecourt/2018/21527/21527_2018_6_1502_74043_Judgement_08-Sep-2026.pdf,2026 INSC 970(English),https://api.sci.gov.in/supremecourt/2018/21527/21527_2018_6_1502_74043_Judgement_08-Sep-2026.pdf,
HON'BLE MR. JUSTICE K. VINOD CHANDRAN,SUPREME_COURT,2019,W.P.(C) No.-000893 - 2019,M/S. BALAJI FORMALIN PVT. LTD. THROUGH DIRECTORVSUNION OF INDIA,National,Principal,,,COMPLETED,23599/2019,__,HON'BLE MR. JUSTICE J.B. PARDIWALA,2026-09-18,2817,https://api.sci.gov.in/supremecourt/2019/23599/23599_2019_5_1501_74390_Judgement_18-Sep-2026.pdf,2026 INSC 1009(English),https://api.sci.gov.in/supremecourt/2019/23599/23599_2019_5_1501_74390_Judgement_18-Sep-2026.pdf,
HON'BLE MR. JUSTICE K. VINOD CHANDRAN,SUPREME_COURT,2026,C.A. No.-012945-012945 - 2026,SOBARAN SINGH (DEAD) THROUGH LRS. SHANTI DEVI (DEAD)VSGORDHAN SINGH (DEAD) THR. LRS.,National,Principal,,,COMPLETED,27363/2016,SMARHAR SINGH- 2386 __,HON'BLE MR. JUSTICE J.B. PARDIWALA,2026-09-15,3910,https://api.sci.gov.in/supremecourt/2016/27363/27363_2016_5_48_74250_Judgement_15-Sep-2026.pdf,2026 INSC 1005(English),https://api.sci.gov.in/supremecourt/2016/27363/27363_2016_5_48_74250_Judgement_15-Sep-2026.pdf,
HON'BLE MR. JUSTICE K. VINOD CHANDRAN,SUPREME_COURT,2024,C.A. No.-007367 - 2024,M/S. PUNAHCHAKRAN PRIVATE LIMITEDVSINDOTECH WASTE SOLUTION,National,Principal,,,COMPLETED,30260/2024,SAURABH RAJPAL- 3577 __,HON'BLE MR. JUSTICE J.B. PARDIWALA,2026-09-07,980,https://api.sci.gov.in/supremecourt/2024/30260/30260_2024_6_1501_74010_Judgement_07-Sep-2026.pdf,2026 INSC 956(English),https://api.sci.gov.in/supremecourt/2024/30260/30260_2024_6_1501_74010_Judgement_07-Sep-2026.pdf,
HON'BLE MR. JUSTICE K. VINOD CHANDRAN,SUPREME_COURT,2023,C.A. No.-007724 - 2023,M/S KERALA INDUSTRIAL INFRASTRUCTURE DEVELOPMENT CORPORATIONVSCENTRAL BOARD OF TRUSTEES,National,Principal,,,COMPLETED,31624/2023,P. S. SUDHEER- 1603 __,HON'BLE MR. JUSTICE K. VINOD CHANDRAN,2026-09-09,1347,https://api.sci.gov.in/supremecourt/2023/31624/31624_2023_6_34_74153_Judgement_09-Sep-2026.pdf,2026 INSC 990(English),https://api.sci.gov.in/supremecourt/2023/31624/31624_2023_6_34_74153_Judgement_09-Sep-2026.pdf,
HON'BLE MR. JUSTICE K. VINOD CHANDRAN,SUPREME_COURT,2026,C.A. No.-012478-012478 - 2026,BOHAR SINGHVSSARDARA SINGH,National,Principal,,,COMPLETED,33125/2026,GOLDY GOYAL- 3680 __,HON'BLE MR. JUSTICE J.B. PARDIWALA,2026-08-31,242,https://api.sci.gov.in/supremecourt/2026/33125/33125_2026_5_43_73815_Judgement_31-Aug-2026.pdf,2026 INSC 961(English),https://api.sci.gov.in/supremecourt/2026/33125/33125_2026_5_43_73815_Judgement_31-Aug-2026.pdf,
HON'BLE MR. JUSTICE K. VINOD CHANDRAN,SUPREME_COURT,2026,Crl.A. No.-004344-004344 - 2026,KUNAL RAMESHBHAI KALYANIVSSTATE OF GUJARAT,National,Principal,,,COMPLETED,34380/2026,LOKESH KUMAR CHOUDHARY- 2704 __,HON'BLE MR. JUSTICE K. VINOD CHANDRAN,2026-09-07,249,https://api.sci.gov.in/supremecourt/2026/34380/34380_2026_6_48_74010_Judgement_07-Sep-2026.pdf,2026 INSC 987(English),https://api.sci.gov.in/supremecourt/2026/34380/34380_2026_6_48_74010_Judgement_07-Sep-2026.pdf,
HON'BLE MR. JUSTICE K. VINOD CHANDRAN,SUPREME_COURT,2026,SLP(Crl) No.-014611 - 2026,SURENDER KUMARVSSTATE OF HARYANA,National,Principal,,,COMPLETED,34888/2026,SIDDHARTH JAIN- 3712 __,HON'BLE MR. JUSTICE J.B. PARDIWALA,2026-09-08,250,https://api.sci.gov.in/supremecourt/2026/34888/34888_2026_6_26_74043_Judgement_08-Sep-2026.pdf,2026 INSC 1006(English),https://api.sci.gov.in/supremecourt/2026/34888/34888_2026_6_26_74043_Judgement_08-Sep-2026.pdf,
HON'BLE MR. JUSTICE K. VINOD CHANDRAN,SUPREME_COURT,2022,Crl.A. No.-001303-001305 - 2022,SANTOSH SINGHVSTHE STATE OF MADHYA PRADESH,National,Principal,,,COMPLETED,35552/2014,__ C. D. SINGH,HON'BLE MR. JUSTICE J.B. PARDIWALA,2026-09-08,4633,https://api.sci.gov.in/supremecourt/2014/35552/35552_2014_6_1501_74043_Judgement_08-Sep-2026.pdf,2026 INSC 972(English),https://api.sci.gov.in/supremecourt/2014/35552/35552_2014_6_1501_74043_Judgement_08-Sep-2026.pdf,
HON'BLE MR. JUSTICE K. VINOD CHANDRAN,SUPREME_COURT,2025,MA-001177 - 2025,3S AND OUR HEALTH SOCIETYVSUNION OF INDIA,National,Principal,,,COMPLETED,35988/2025,__,HON'BLE MR. JUSTICE J.B. PARDIWALA,2026-09-10,617,https://api.sci.gov.in/supremecourt/2025/35988/35988_2025_6_30_74154_Judgement_10-Sep-2026.pdf,2026 INSC 988(English),https://api.sci.gov.in/supremecourt/2025/35988/35988_2025_6_30_74154_Judgement_10-Sep-2026.pdf,
HON'BLE MR. JUSTICE K. VINOD CHANDRAN,SUPREME_COURT,2026,C.A. No.-012587-012587 - 2026,MANAV BHANOTVSNATIONAL HIGHWAY AUTHORITY OF INDIA,National,Principal,,,COMPLETED,36524/2024,ABHIJEET SHRIVASTAVA- 3627 __,HON'BLE MR. JUSTICE J.B. PARDIWALA,2026-09-08,981,https://api.sci.gov.in/supremecourt/2024/36524/36524_2024_6_1504_74043_Judgement_08-Sep-2026.pdf,2026 INSC 973(English),https://api.sci.gov.in/supremecourt/2024/36524/36524_2024_6_1504_74043_Judgement_08-Sep-2026.pdf,
HON'BLE MR. JUSTICE K. VINOD CHANDRAN,SUPREME_COURT,2022,Crl.A. No.-001223-001223 - 2022,ASHOK UPADHYAYVSTHE STATE OF BIHAR,National,Principal,,,COMPLETED,41844/2018,DIVYA ROY- 1820 __,HON'BLE MR. JUSTICE J.B. PARDIWALA,2026-09-08,3172,https://api.sci.gov.in/supremecourt/2018/41844/41844_2018_6_1503_74043_Judgement_08-Sep-2026.pdf,2026 INSC 971(English),https://api.sci.gov.in/supremecourt/2018/41844/41844_2018_6_1503_74043_Judgement_08-Sep-2026.pdf,
HON'BLE MR. JUSTICE K. VINOD CHANDRAN,SUPREME_COURT,2026,C.A. No.-013015-013015 - 2026,ARTH MICRO FINANCE PRIVATE LTD.VSSHIVALIK SMALL FINANCE BANK LTD.,National,Principal,,,COMPLETED,46235/2026,PRIYANSHU UPADHYAY- 3734 __,HON'BLE MR. JUSTICE K. VINOD CHANDRAN,2026-09-17,259,https://api.sci.gov.in/supremecourt/2026/46235/46235_2026_5_30_74303_Judgement_17-Sep-2026.pdf,2026 INSC 1014(English),https://api.sci.gov.in/supremecourt/2026/46235/46235_2026_5_30_74303_Judgement_17-Sep-2026.pdf,
HON'BLE MR. JUSTICE K. VINOD CHANDRAN,SUPREME_COURT,2026,C.A. No.-012517-012517 - 2026,M/S STL NETWORKS LIMITEDVSCASPIAN INDIA ENGICON PVT. LTD.,National,Principal,,,COMPLETED,46688/2026,DUA ASSOCIATES- 1537 __,HON'BLE MR. JUSTICE J.B. PARDIWALA,2026-09-07,249,https://api.sci.gov.in/supremecourt/2026/46688/46688_2026_6_12_74010_Judgement_07-Sep-2026.pdf,2026 INSC 969(English),https://api.sci.gov.in/supremecourt/2026/46688/46688_2026_6_12_74010_Judgement_07-Sep-2026.pdf,
HON'BLE MR. JUSTICE K. VINOD CHANDRAN,SUPREME_COURT,2026,Crl.A. No.-004618-004618 - 2026,CENTRAL BUREAU OF INVESTIGATIONVSANIL DIXIT,National,Principal,,,COMPLETED,47769/2026,SHREEKANT NEELAPPA TERDAL- 909 __,HON'BLE MR. JUSTICE K. VINOD CHANDRAN,2026-09-25,267,https://api.sci.gov.in/supremecourt/2026/47769/47769_2026_6_45_74667_Judgement_25-Sep-2026.pdf,2026 INSC 1064(English),https://api.sci.gov.in/supremecourt/2026/47769/47769_2026_6_45_74667_Judgement_25-Sep-2026.pdf,
HON'BLE MR. JUSTICE K. VINOD CHANDRAN,SUPREME_COURT,2026,Crl.A. No.-002460-002460 - 2026,V. BALAKRISHNANVSSTATE REP BY THE DEPUTY SUPERINTENDENT OF POLICE,National,Principal,,,COMPLETED,47906/2025,M.P. PARTHIBAN- 2667 __,HON'BLE MR. JUSTICE K. VINOD CHANDRAN,2026-09-01,608,https://api.sci.gov.in/supremecourt/2025/47906/47906_2025_6_1502_73866_Judgement_01-Sep-2026.pdf,2026 INSC 936(English),https://api.sci.gov.in/supremecourt/2025/47906/47906_2025_6_1502_73866_Judgement_01-Sep-2026.pdf,
HON'BLE MR. JUSTICE K. VINOD CHANDRAN,SUPREME_COURT,2026,C.A. No.-003132 - 2026,"THE AUTHORISED REPRESENTATIVE FOR GRANITE GATE PROPERTIES PRIVATE LIMITED, MS. RAKESH VERMAVSM/S NEW OKHLA INDUSTRIAL DEVELOPMENT AUTHORITY",National,Principal,,,COMPLETED,49175/2025,GARIMA JAIN- 3230 __,HON'BLE MR. JUSTICE J.B. PARDIWALA,2026-09-03,610,https://api.sci.gov.in/supremecourt/2025/49175/49175_2025_6_1501_73956_Judgement_03-Sep-2026.pdf,2026 INSC 952(English),https://api.sci.gov.in/supremecourt/2025/49175/49175_2025_6_1501_73956_Judgement_03-Sep-2026.pdf,
HON'BLE MR. JUSTICE K. VINOD CHANDRAN,SUPREME_COURT,2025,Crl.A. No.-004512-004512 - 2025,KONDAPAKA SRIDHAR @SHEKAR @MADHU @GOPI @CHINNAVSTHE STATE OF TELANGANA,National,Principal,,,COMPLETED,49298/2025,KRISHNA KUMAR SINGH- 2265 __ DEVINA SEHGAL- 2691,HON'BLE MR. JUSTICE K. VINOD CHANDRAN,2026-09-03,610,https://api.sci.gov.in/supremecourt/2025/49298/49298_2025_6_1502_73956_Judgement_03-Sep-2026.pdf,2026 INSC 951(English),https://api.sci.gov.in/supremecourt/2025/49298/49298_2025_6_1502_73956_Judgement_03-Sep-2026.pdf,
HON'BLE MR. JUSTICE K. VINOD CHANDRAN,SUPREME_COURT,2024,C.A. No.-000025-000026 - 2024,SECURITIES AND EXCHANGE BOARD OF INDIAVSVEDANTA LIMITED,National,Principal,,,COMPLETED,50765/2023,K ASHAR & CO.- 2148 __,HON'BLE MR. JUSTICE J.B. PARDIWALA,2026-09-09,1347,https://api.sci.gov.in/supremecourt/2023/50765/50765_2023_6_1501_74065_Judgement_09-Sep-2026.pdf,2026 INSC 978(English),https://api.sci.gov.in/supremecourt/2023/50765/50765_2023_6_1501_74065_Judgement_09-Sep-2026.pdf,
HON'BLE MR. JUSTICE K. VINOD CHANDRAN,SUPREME_COURT,2024,C.A. No.-000031 - 2024,EDELWEISS CUSTODIAL SERVICES LIMITEDVSNSE CLEARING LTD.,National,Principal,,,COMPLETED,53501/2023,E. C. AGRAWALA- 177 __,HON'BLE MR. JUSTICE K. VINOD CHANDRAN,2026-09-02,1340,https://api.sci.gov.in/supremecourt/2023/53501/53501_2023_6_1501_73955_Judgement_02-Sep-2026.pdf,2026 INSC 941(English),https://api.sci.gov.in/supremecourt/2023/53501/53501_2023_6_1501_73955_Judgement_02-Sep-2026.pdf,
HON'BLE MR. JUSTICE K. VINOD CHANDRAN,SUPREME_COURT,2026,C.A. No.-013132-013132 - 2026,I.S.D.S. PRIVATE LIMITEDVSM/S KHEMKA FOOD PRODUCTS PVT. LTD,National,Principal,,,COMPLETED,60138/2025,VISHAL ARUN MISHRA- 3457 __,HON'BLE MR. JUSTICE K. VINOD CHANDRAN,2026-09-21,628,https://api.sci.gov.in/supremecourt/2025/60138/60138_2025_6_1502_74468_Judgement_21-Sep-2026.pdf,2026 INSC 1027(English),https://api.sci.gov.in/supremecourt/2025/60138/60138_2025_6_1502_74468_Judgement_21-Sep-2026.pdf,
HON'BLE MR. JUSTICE K. VINOD CHANDRAN,SUPREME_COURT,2026,Crl.A. No.-004542-004542 - 2026,"SANU VARGHESE,VSSHOUKKATHALI",National,Principal,,,COMPLETED,71897/2025,LAWFIC- 2843 __,HON'BLE MR. JUSTICE J.B. PARDIWALA,2026-09-22,629,https://api.sci.gov.in/supremecourt/2025/71897/71897_2025_6_30_74482_Judgement_22-Sep-2026.pdf,2026 INSC 1053(English),https://api.sci.gov.in/supremecourt/2025/71897/71897_2025_6_30_74482_Judgement_22-Sep-2026.pdf,
HON'BLE MR. JUSTICE K. VINOD CHANDRAN,SUPREME_COURT,2025,C.A. No.-013023 - 2025,M/S ASJ FNSOLUTIONS PVT. LTDVSVIKRAM BAJAJ,National,Principal,,,COMPLETED,13656/2025,EKTA CHOUDHARY- 3001 __,HON'BLE MR. JUSTICE K. VINOD CHANDRAN,2026-09-28,635,https://api.sci.gov.in/supremecourt/2025/13656/13656_2025_6_1501_74719_Judgement_28-Sep-2026.pdf,2026 INSC 1062(English),https://api.sci.gov.in/supremecourt/2025/13656/13656_2025_6_1501_74719_Judgement_28-Sep-2026.pdf,
HON'BLE MR. JUSTICE K. VINOD CHANDRAN,SUPREME_COURT,2026,Crl.A. No.-004666-004666 - 2026,SAURABH BAJAJVSSTATE OF CHHATTISGARH,National,Principal,,,COMPLETED,42593/2026,SHANTANU KUMAR- 2017 __,HON'BLE MR. JUSTICE J.B. PARDIWALA,2026-09-29,271,https://api.sci.gov.in/supremecourt/2026/42593/42593_2026_5_47_74742_Judgement_29-Sep-2026.pdf,2026 INSC 1076(English),https://api.sci.gov.in/supremecourt/2026/42593/42593_2026_5_47_74742_Judgement_29-Sep-2026.pdf,
HON'BLE MR. JUSTICE K. VINOD CHANDRAN,SUPREME_COURT,2026,C.A. No.-013255-013255 - 2026,BOMBAY GARAGE AHMEDABAD LIMITEDVSJ P ISCON PRIVATE LTD.,National,Principal,,,COMPLETED,45003/2024,YUGANDHARA PAWAR JHA- 2514 __,HON'BLE MR. JUSTICE K. VINOD CHANDRAN,2026-09-29,1002,https://api.sci.gov.in/supremecourt/2024/45003/45003_2024_5_1501_74742_Judgement_29-Sep-2026.pdf,2026 INSC 1066(English),https://api.sci.gov.in/supremecourt/2024/45003/45003_2024_5_1501_74742_Judgement_29-Sep-2026.pdf,
HON'BLE MR. JUSTICE K. VINOD CHANDRAN,SUPREME_COURT,2026,SMW(Crl) No.-000006-000006 - 2026,IN RE: RECENT RAPE INCIDENTS IN DELHI NCR,National,Principal,,,COMPLETED,60487/2026,BY COURTS MOTION __,HON'BLE MR. JUSTICE J.B. PARDIWALA,2026-09-28,270,https://api.sci.gov.in/supremecourt/2026/60487/60487_2026_6_805_74719_Judgement_28-Sep-2026.pdf,2026 INSC 1063(English),https://api.sci.gov.in/supremecourt/2026/60487/60487_2026_6_805_74719_Judgement_28-Sep-2026.pdf,
HON'BLE MR. JUSTICE JOYMALYA BAGCHI,SUPREME_COURT,2022,W.P.(C) No.-000369 - 2022,YASH CHARITABLE TRUSTVSUNION OF INDIA,National,Principal,,,COMPLETED,14452/2022,PRATEEK K CHADHA- 2651 __,HON'BLE MR. JUSTICE J.B. PARDIWALA,2026-01-30,1490,https://api.sci.gov.in/supremecourt/2022/14452/14452_2022_7_1501_68117_Judgement_30-Jan-2026.pdf,2026 INSC 96(English),https://api.sci.gov.in/supremecourt/2022/14452/14452_2022_7_1501_68117_Judgement_30-Jan-2026.pdf,
HON'BLE MR. JUSTICE JOYMALYA BAGCHI,SUPREME_COURT,2022,W.P.(C) No.-001000 - 2022,DR. JAYA THAKURVSGOVERNMENT OF INDIA,National,Principal,,,COMPLETED,35023/2022,__,HON'BLE MR. JUSTICE J.B. PARDIWALA,2026-01-30,1490,https://api.sci.gov.in/supremecourt/2022/35023/35023_2022_7_1502_68117_Judgement_30-Jan-2026.pdf,2026 INSC 97(English),https://api.sci.gov.in/supremecourt/2022/35023/35023_2022_7_1502_68117_Judgement_30-Jan-2026.pdf,
HON'BLE MR. JUSTICE JOYMALYA BAGCHI,SUPREME_COURT,2024,C.A. No.-002211 - 2024,POWER TRUST (PROMOTOR OF HIRANMAYE ENERGY LTD.)VSBHUVAN MADAN (INTERIM RESOLUTION PROFESSIONAL OF HIRANMAYE ENERGY LTD.),National,Principal,,,COMPLETED,5631/2024,VAIBHAV NITI- 3069 __,HON'BLE MR. JUSTICE JOYMALYA BAGCHI,2026-02-18,779,https://api.sci.gov.in/supremecourt/2024/5631/5631_2024_1_1501_68761_Judgement_18-Feb-2026.pdf,2026 INSC 166(English),https://api.sci.gov.in/supremecourt/2024/5631/5631_2024_1_1501_68761_Judgement_18-Feb-2026.pdf,
HON'BLE MR. JUSTICE JOYMALYA BAGCHI,SUPREME_COURT,2025,SMW(Crl) No.-000001-000001 - 2025,IN RE: ORDER DATED 17.03.2025 PASSED BY THE HIGH COURT OF JUDICATURE AT ALLAHABAD IN CRIMINAL REVISION NO. 1449/2024 AND ANCILLARY ISSUES,National,Principal,,,COMPLETED,15681/2025,BY COURTS MOTION __,HON'BLE THE CHIEF JUSTICE,2026-02-10,405,https://api.sci.gov.in/supremecourt/2025/15681/15681_2025_1_22_68511_Judgement_10-Feb-2026.pdf,2026 INSC 165(English),https://api.sci.gov.in/supremecourt/2025/15681/15681_2025_1_22_68511_Judgement_10-Feb-2026.pdf,
HON'BLE MR. JUSTICE JOYMALYA BAGCHI,SUPREME_COURT,2006,C.A. No.-001867-001867 - 2006,MALIK MAZHAR SULTANVSU.P. PUBLIC SERVICE COMMISSION THROUGH ITS SECRETARY,National,Principal,,,COMPLETED,23631/2005,EJAZ MAQBOOL- 180 __ LAKSHMI RAMAN SINGH- 314,,2006-04-03,457,https://api.sci.gov.in/supremecourt_vernacular/2005/23631/23631_2005_3_1867_1867_2006_Judgement_03-apr-2006_GUJ.pdf,,https://api.sci.gov.in/,
HON'BLE MR. JUSTICE JOYMALYA BAGCHI,SUPREME_COURT,2026,C.A. No.-002584-002585 - 2026,WEST BENGAL STATE ELECTRICITY DISTRIBUTION COMPANY LIMITEDVSADHUNIK POWER AND NATURAL RESOURCES LIMITED,National,Principal,,,COMPLETED,74823/2025,PUKHRAMBAM RAMESH KUMAR- 1593 __,HON'BLE MR. JUSTICE JOYMALYA BAGCHI,2026-02-27,422,https://api.sci.gov.in/supremecourt/2025/74823/74823_2025_1_1501_69141_Judgement_27-Feb-2026.pdf,2026 INSC 202(English),https://api.sci.gov.in/supremecourt/2025/74823/74823_2025_1_1501_69141_Judgement_27-Feb-2026.pdf,
HON'BLE MR. JUSTICE JOYMALYA BAGCHI,SUPREME_COURT,2026,C.A. No.-008662-008663 - 2026,USHA DEVI@USHA KUMARIVSTHE STATE OF BIHAR,National,Principal,,,COMPLETED,2168/2025,SUDEEP KUMAR- 2779 __,HON'BLE THE CHIEF JUSTICE,2026-03-10,433,https://api.sci.gov.in/supremecourt/2025/2168/2168_2025_1_24_69374_Judgement_10-Mar-2026.pdf,2026 INSC 308(English),https://api.sci.gov.in/supremecourt/2025/2168/2168_2025_1_24_69374_Judgement_10-Mar-2026.pdf,
HON'BLE MR. JUSTICE JOYMALYA BAGCHI,SUPREME_COURT,2026,C.A. No.-003234-003251 - 2026,"CHENNAI METROPOLITAN DEVELOPMENT AUTHORITY, REP. BY ITS MEMBER SECRETARYVSDHAMALINGAM AND ORS. ETC. ETC.",National,Principal,,,COMPLETED,5450/2015,G. INDIRA- 1856 __ GAGAN GUPTA,HON'BLE THE CHIEF JUSTICE,2026-03-10,4086,https://api.sci.gov.in/supremecourt/2015/5450/5450_2015_1_18_69374_Judgement_10-Mar-2026.pdf,2026 INSC 269(English),https://api.sci.gov.in/supremecourt/2015/5450/5450_2015_1_18_69374_Judgement_10-Mar-2026.pdf,
HON'BLE MR. JUSTICE JOYMALYA BAGCHI,SUPREME_COURT,1984,W.P.(C) No.-013381-013381 - 1984,M.C. MEHTAVSUNION OF INDIA,National,Principal,,,COMPLETED,63426/1984,PETITIONER-IN-PERSON __,HON'BLE THE CHIEF JUSTICE,2026-03-11,15410,https://api.sci.gov.in/supremecourt/1984/63426/63426_1984_1_47_69168_Judgement_11-Mar-2026.pdf,2026 INSC 381(English),https://api.sci.gov.in/supremecourt/1984/63426/63426_1984_1_47_69168_Judgement_11-Mar-2026.pdf,
HON'BLE MR. JUSTICE JOYMALYA BAGCHI,SUPREME_COURT,1985,W.P.(C) No.-004677-004677 - 1985,M.C.MEHTAVSUNION OF INDIA,National,Principal,,,COMPLETED,63996/1985,PETITIONER-IN-PERSON __,HON'BLE THE CHIEF JUSTICE,2026-03-11,15044,https://api.sci.gov.in/supremecourt/1985/63996/63996_1985_1_42_69168_Judgement_11-Mar-2026.pdf,2026 INSC 382(English),https://api.sci.gov.in/supremecourt/1985/63996/63996_1985_1_42_69168_Judgement_11-Mar-2026.pdf,
HON'BLE MR. JUSTICE JOYMALYA BAGCHI,SUPREME_COURT,1985,W.P.(C) No.-013029-013029 - 1985,M.C. MEHTAVSUNION OF INDIA,National,Principal,,,COMPLETED,63998/1985,APPLICANT-IN-PERSON __,HON'BLE THE CHIEF JUSTICE,2026-03-12,15045,https://api.sci.gov.in/supremecourt/1985/63998/63998_1985_1_44_69169_Judgement_12-Mar-2026.pdf,2026 INSC 383(English),https://api.sci.gov.in/supremecourt/1985/63998/63998_1985_1_44_69169_Judgement_12-Mar-2026.pdf,
HON'BLE MR. JUSTICE JOYMALYA BAGCHI,SUPREME_COURT,2025,W.P.(Crl.) No.-000169-000169 - 2025,PILA PAHAN@ PEELA PAHANVSTHE STATE OF JHARKHAND,National,Principal,,,COMPLETED,18465/2025,FAUZIA SHAKIL- 2429 __,HON'BLE THE CHIEF JUSTICE,2026-05-29,513,https://api.sci.gov.in/supremecourt/2025/18465/18465_2025_1_1501_71672_Judgement_29-May-2026.pdf,2026 INSC 604(English),https://api.sci.gov.in/supremecourt/2025/18465/18465_2025_1_1501_71672_Judgement_29-May-2026.pdf,
HON'BLE MR. JUSTICE JOYMALYA BAGCHI,SUPREME_COURT,2022,C.A. No.-000629-000629 - 2022,JARNAIL SINGH VSLACHHMI NARAIN GUPTA .,National,Principal,,,COMPLETED,34614/2011,CHANDRA BHUSHAN PRASAD- 1864 __ N. ANNAPOORANI- 1142,,2022-01-28,4045,https://api.sci.gov.in/supremecourt_vernacular/2011/34614/34614_2011_35_1501_32956_Judgement_28-Jan-2022_PUN.pdf,2022 INSC 105(ਪੰਜਾਬੀ),https://api.sci.gov.in//pdfdate/index1.php?dt=2022-01-28&dno=346142011&filename=supremecourt_vernacular/2011/34614/34614_2011_35_1501_32956_Judgement_28-Jan-2022_PUN.pdf,
HON'BLE MR. JUSTICE JOYMALYA BAGCHI,SUPREME_COURT,2025,W.P.(C) No.-000640-000640 - 2025,ASSOCIATION FOR DEMOCRATIC REFORMSVSELECTION COMMISSION OF INDIA,National,Principal,,,COMPLETED,35785/2025,PRASHANT BHUSHAN- 515 __,HON'BLE THE CHIEF JUSTICE,2026-05-27,511,https://api.sci.gov.in/supremecourt/2025/35785/35785_2025_1_1501_71617_Judgement_27-May-2026.pdf,2026 INSC 564(English),https://api.sci.gov.in/supremecourt/2025/35785/35785_2025_1_1501_71617_Judgement_27-May-2026.pdf,
HON'BLE MR. JUSTICE JOYMALYA BAGCHI,SUPREME_COURT,2026,C.A. No.-008271-008271 - 2026,GOPALA AGRI FARMS PVT. LTD.VSTHE STATE OF HARYANA,National,Principal,,,COMPLETED,60376/2024,VIKAS VERMA- 3771 __,HON'BLE THE CHIEF JUSTICE,2026-05-29,879,https://api.sci.gov.in/supremecourt/2024/60376/60376_2024_1_1502_71672_Judgement_29-May-2026.pdf,2026 INSC 593(English),https://api.sci.gov.in/supremecourt/2024/60376/60376_2024_1_1502_71672_Judgement_29-May-2026.pdf,
HON'BLE MR. JUSTICE JOYMALYA BAGCHI,SUPREME_COURT,2026,W.P.(Crl.) No.-000057-000057 - 2026,AMIT KATYALVSUNION OF INDIA,National,Principal,,,COMPLETED,3816/2026,BINA GUPTA- 109 __,HON'BLE MR. JUSTICE JOYMALYA BAGCHI,2026-07-14,194,https://api.sci.gov.in/supremecourt/2026/3816/3816_2026_1_1501_71991_Judgement_14-Jul-2026.pdf,2026 INSC 702(English),https://api.sci.gov.in/supremecourt/2026/3816/3816_2026_1_1501_71991_Judgement_14-Jul-2026.pdf,
HON'BLE MR. JUSTICE JOYMALYA BAGCHI,SUPREME_COURT,2012,C.A. No.-003145-003146 - 2012,THE STATE OF HARYANAVSM/S JAI DURGAA FINVEST P.LTD.,National,Principal,,,COMPLETED,6209/2011,AKSHAY AMRITANSHU- 3121 __ LALITA KAUSHIK- 832,HON'BLE MRS. JUSTICE V. MOHANA,2026-07-13,5672,https://api.sci.gov.in/supremecourt/2011/6209/6209_2011_1_1501_71990_Judgement_13-Jul-2026.pdf,2026 INSC 678(English),https://api.sci.gov.in/supremecourt/2011/6209/6209_2011_1_1501_71990_Judgement_13-Jul-2026.pdf,
HON'BLE MR. JUSTICE JOYMALYA BAGCHI,SUPREME_COURT,2026,C.A. No.-011992-011992 - 2026,SUNDER SINGHVSM/S SATISH KUMAR GARG AND COMPANY,National,Principal,,,COMPLETED,14442/2021,TARUN GUPTA- 1917 __,HON'BLE THE CHIEF JUSTICE,2026-07-29,2035,https://api.sci.gov.in/supremecourt/2021/14442/14442_2021_1_10_72186_Judgement_29-Jul-2026.pdf,2026 INSC 855(English),https://api.sci.gov.in/supremecourt/2021/14442/14442_2021_1_10_72186_Judgement_29-Jul-2026.pdf,
HON'BLE MR. JUSTICE JOYMALYA BAGCHI,SUPREME_COURT,2026,MA-001998 - 2026,IN RE: ORDER DATED 17.03.2025 PASSED BY THE HIGH COURT OF JUDICATURE AT ALLAHABAD IN CRIMINAL REVISION NO. 1449/2024 AND ANCILLARY ISSUES,National,Principal,,,COMPLETED,39905/2026,BY COURTS MOTION __,HON'BLE THE CHIEF JUSTICE,2026-07-14,194,https://api.sci.gov.in/supremecourt/2026/39905/39905_2026_1_33_71991_Judgement_14-Jul-2026.pdf,2026 INSC 783(English),https://api.sci.gov.in/supremecourt/2026/39905/39905_2026_1_33_71991_Judgement_14-Jul-2026.pdf,
HON'BLE MR. JUSTICE JOYMALYA BAGCHI,SUPREME_COURT,2023,W.P.(C) No.-001394 - 2023,VANASHAKTIVSUNION OF INDIA,National,Principal,,,COMPLETED,50009/2023,VANSHDEEP DALMIA- 2650 __,HON'BLE MR. JUSTICE JOYMALYA BAGCHI,2026-07-29,1305,https://api.sci.gov.in/supremecourt/2023/50009/50009_2023_1_1501_72722_Judgement_29-Jul-2026.pdf,2026 INSC 761(English),https://api.sci.gov.in/supremecourt/2023/50009/50009_2023_1_1501_72722_Judgement_29-Jul-2026.pdf,
HON'BLE MR. JUSTICE JOYMALYA BAGCHI,SUPREME_COURT,2002,C.A. No.-000897-000897 - 2002,STATE OF U.P.VSJAI BIR SINGH,National,Principal,,,COMPLETED,9099/2001,SUDEEP KUMAR- 2779 __,HON'BLE THE CHIEF JUSTICE,2026-08-20,9362,https://api.sci.gov.in/supremecourt/2001/9099/9099_2001_1_1501_73712_Judgement_20-Aug-2026.pdf,2026 INSC 897(English),https://api.sci.gov.in/supremecourt/2001/9099/9099_2001_1_1501_73712_Judgement_20-Aug-2026.pdf,
HON'BLE MR. JUSTICE JOYMALYA BAGCHI,SUPREME_COURT,2026,C.A. No.-013134-013134 - 2026,OWNERS AND PARTIES INTERESTED IN M.V. NEREUS PROGRESSVSOM FREIGHT FORWARDERS LTD.,National,Principal,,,COMPLETED,41409/2026,S. LAKSHMI IYER- 3879 __,HON'BLE THE CHIEF JUSTICE,2026-09-25,267,https://api.sci.gov.in/supremecourt/2026/41409/41409_2026_1_1501_74439_Judgement_25-Sep-2026.pdf,2026 INSC 1055(English),https://api.sci.gov.in/supremecourt/2026/41409/41409_2026_1_1501_74439_Judgement_25-Sep-2026.pdf,
HON'BLE MR. JUSTICE JOYMALYA BAGCHI,SUPREME_COURT,2025,C.A. No.-012993-012994 - 2025,RAS AL KHAIMAH INVESTMENT AUTHORITYVSMATRIX PHARMACORP PRIVATE LIMITED,National,Principal,,,COMPLETED,51073/2025,RISHABH KAPUR- 3149 __,HON'BLE MRS. JUSTICE V. MOHANA,2026-09-01,608,https://api.sci.gov.in/supremecourt/2025/51073/51073_2025_1_1501_73861_Judgement_01-Sep-2026.pdf,2026 INSC 932(English),https://api.sci.gov.in/supremecourt/2025/51073/51073_2025_1_1501_73861_Judgement_01-Sep-2026.pdf,
HON'BLE MR. JUSTICE N.V. ANJARIA,SUPREME_COURT,2026,Crl.A. No.-000140-000140 - 2026,C.S. PRASADVSC.SATYAKUMAR,National,Principal,,,COMPLETED,358/2025,G. SIVABALAMURUGAN- 2197 __,HON'BLE MR. JUSTICE PRASHANT KUMAR MISHRA,2026-01-08,372,https://api.sci.gov.in/supremecourt/2025/358/358_2025_17_1501_67236_Judgement_08-Jan-2026.pdf,2026 INSC 39(English),https://api.sci.gov.in/supremecourt/2025/358/358_2025_17_1501_67236_Judgement_08-Jan-2026.pdf,
HON'BLE MR. JUSTICE N.V. ANJARIA,SUPREME_COURT,2026,Crl.A. No.-000541-000541 - 2026,USMAN ALIVSSTATE OF UTTAR PRADESH,National,Principal,,,COMPLETED,11312/2025,TALHA ABDUL RAHMAN- 2467 __,HON'BLE MR. JUSTICE PRASHANT KUMAR MISHRA,2026-01-30,394,https://api.sci.gov.in/supremecourt/2025/11312/11312_2025_15_1501_67830_Judgement_30-Jan-2026.pdf,2026 INSC 98(English),https://api.sci.gov.in/supremecourt/2025/11312/11312_2025_15_1501_67830_Judgement_30-Jan-2026.pdf,
HON'BLE MR. JUSTICE N.V. ANJARIA,SUPREME_COURT,2026,Crl.A. No.-000141-000141 - 2026,SUMIT BANSALVSM/S MGI DEVELOPERS AND PROMOTERS,National,Principal,,,COMPLETED,36370/2025,NAMIT SURI- 3223 __,HON'BLE MR. JUSTICE PRASHANT KUMAR MISHRA,2026-01-08,372,https://api.sci.gov.in/supremecourt/2025/36370/36370_2025_17_1502_67236_Judgement_08-Jan-2026.pdf,2026 INSC 40(English),https://api.sci.gov.in/supremecourt/2025/36370/36370_2025_17_1502_67236_Judgement_08-Jan-2026.pdf,
HON'BLE MR. JUSTICE N.V. ANJARIA,SUPREME_COURT,2026,Crl.A. No.-000446-000446 - 2026,ABHIJIT PANDEYVSTHE STATE OF MADHYA PRADESH,National,Principal,,,COMPLETED,59871/2025,DHAWESH PAHUJA- 3642 __,HON'BLE MR. JUSTICE PRASHANT KUMAR MISHRA,2026-01-23,387,https://api.sci.gov.in/supremecourt/2025/59871/59871_2025_16_1501_67699_Judgement_23-Jan-2026.pdf,2026 INSC 83(English),https://api.sci.gov.in/supremecourt/2025/59871/59871_2025_16_1501_67699_Judgement_23-Jan-2026.pdf,
HON'BLE MR. JUSTICE N.V. ANJARIA,SUPREME_COURT,2011,Crl.A. No.-001533-001533 - 2011,SHRIKRISHNAVSTHE STATE OF MADHYA PRADESH,National,Principal,,,COMPLETED,70886/2009,AFTAB ALI KHAN- 1596 __ C. D. SINGH,HON'BLE MR. JUSTICE PRASHANT KUMAR MISHRA,2026-01-09,6217,https://api.sci.gov.in/supremecourt/2009/70886/70886_2009_17_1501_67306_Judgement_09-Jan-2026.pdf,2026 INSC 45(English),https://api.sci.gov.in/supremecourt/2009/70886/70886_2009_17_1501_67306_Judgement_09-Jan-2026.pdf,
HON'BLE MR. JUSTICE N.V. ANJARIA,SUPREME_COURT,2025,SMW(Crl) No.-000001-000001 - 2025,IN RE: ORDER DATED 17.03.2025 PASSED BY THE HIGH COURT OF JUDICATURE AT ALLAHABAD IN CRIMINAL REVISION NO. 1449/2024 AND ANCILLARY ISSUES,National,Principal,,,COMPLETED,15681/2025,BY COURTS MOTION __,HON'BLE THE CHIEF JUSTICE,2026-02-10,405,https://api.sci.gov.in/supremecourt/2025/15681/15681_2025_1_22_68511_Judgement_10-Feb-2026.pdf,2026 INSC 165(English),https://api.sci.gov.in/supremecourt/2025/15681/15681_2025_1_22_68511_Judgement_10-Feb-2026.pdf,
HON'BLE MR. JUSTICE N.V. ANJARIA,SUPREME_COURT,2023,C.A. No.-006588 - 2023,VINIT BAHRIVSM/S MGF DEVELOPERS LTD.,National,Principal,,,COMPLETED,23952/2023,KRISHNAMOHAN K.- 2561 __,HON'BLE MR. JUSTICE PRASHANT KUMAR MISHRA,2026-02-04,1130,https://api.sci.gov.in/supremecourt/2023/23952/23952_2023_17_1501_68201_Judgement_04-Feb-2026.pdf,2026 INSC 114(English),https://api.sci.gov.in/supremecourt/2023/23952/23952_2023_17_1501_68201_Judgement_04-Feb-2026.pdf,
HON'BLE MR. JUSTICE N.V. ANJARIA,SUPREME_COURT,2026,C.A. No.-000739-000739 - 2026,P.SURESHVSD.KALAIVANI,National,Principal,,,COMPLETED,40491/2025,ABDULLA NASEEH V.T.- 3410 __,HON'BLE MR. JUSTICE N.V. ANJARIA,2026-02-03,398,https://api.sci.gov.in/supremecourt/2025/40491/40491_2025_17_1501_67966_Judgement_03-Feb-2026.pdf,2026 INSC 121(English),https://api.sci.gov.in/supremecourt/2025/40491/40491_2025_17_1501_67966_Judgement_03-Feb-2026.pdf,
HON'BLE MR. JUSTICE N.V. ANJARIA,SUPREME_COURT,2016,C.A. No.-007181-007182 - 2016,OGEPPA(D) THR LRS.VSSAHEBGOUDA (D) THR LRS.,National,Principal,,,COMPLETED,41172/2012,ANKUR S. KULKARNI- 1685 __ T. V. RATNAM- 751,HON'BLE MR. JUSTICE PRASHANT KUMAR MISHRA,2026-02-25,5169,https://api.sci.gov.in/supremecourt/2012/41172/41172_2012_17_1501_69009_Judgement_25-Feb-2026.pdf,2026 INSC 191(English),https://api.sci.gov.in/supremecourt/2012/41172/41172_2012_17_1501_69009_Judgement_25-Feb-2026.pdf,
HON'BLE MR. JUSTICE N.V. ANJARIA,SUPREME_COURT,2025,Crl.A. No.-005357-005357 - 2025,NEELU @ NILESH KOSHTIVSTHE STATE OF MADHYA PRADESH,National,Principal,,,COMPLETED,60168/2024,E. R. SUMATHY- 1584 __,HON'BLE MR. JUSTICE PRASHANT KUMAR MISHRA,2026-02-20,781,https://api.sci.gov.in/supremecourt/2024/60168/60168_2024_15_1501_68630_Judgement_20-Feb-2026.pdf,2026 INSC 173(English),https://api.sci.gov.in/supremecourt/2024/60168/60168_2024_15_1501_68630_Judgement_20-Feb-2026.pdf,
HON'BLE MR. JUSTICE N.V. ANJARIA,SUPREME_COURT,2026,C.A. No.-003279-003279 - 2026,THE STATE OF MADHYA PRADESHVSRAJKUMAR YADAV,National,Principal,,,COMPLETED,10340/2024,SARAD KUMAR SINGHANIA- 1594 __,HON'BLE MR. JUSTICE N.V. ANJARIA,2026-03-11,800,https://api.sci.gov.in/supremecourt/2024/10340/10340_2024_17_1501_69252_Judgement_11-Mar-2026.pdf,2026 INSC 225(English),https://api.sci.gov.in/supremecourt/2024/10340/10340_2024_17_1501_69252_Judgement_11-Mar-2026.pdf,
HON'BLE MR. JUSTICE N.V. ANJARIA,SUPREME_COURT,2026,C.A. No.-003255-003255 - 2026,MUDDAM RAJU YADAVVSB. RAJA SHANKER(D) THRU LRS.,National,Principal,,,COMPLETED,10911/2024,KRISHNA KUMAR SINGH- 2265 __,HON'BLE MR. JUSTICE PRASHANT KUMAR MISHRA,2026-03-10,799,https://api.sci.gov.in/supremecourt/2024/10911/10911_2024_16_1501_69155_Judgement_10-Mar-2026.pdf,2026 INSC 214(English),https://api.sci.gov.in/supremecourt/2024/10911/10911_2024_16_1501_69155_Judgement_10-Mar-2026.pdf,
HON'BLE MR. JUSTICE N.V. ANJARIA,SUPREME_COURT,2026,C.A. No.-003585-003587 - 2026,PREM PORWAL AND ORS. ETC.VSJAGDEESH CHANDRA PRAJAPATI AND ORS.,National,Principal,,,COMPLETED,17821/2015,DIVYAKANT LAHOTI- 2188 __,HON'BLE MR. JUSTICE N.V. ANJARIA,2026-03-19,4095,https://api.sci.gov.in/supremecourt/2015/17821/17821_2015_2_18_69589_Judgement_19-Mar-2026.pdf,2026 INSC 435(English),https://api.sci.gov.in/supremecourt/2015/17821/17821_2015_2_18_69589_Judgement_19-Mar-2026.pdf,
HON'BLE MR. JUSTICE N.V. ANJARIA,SUPREME_COURT,2026,Crl.A. No.-001580-001580 - 2026,CHINTHADA ANANDVSSTATE OF ANDHRA PRADESH,National,Principal,,,COMPLETED,26891/2025,SHASHIBHUSHAN P. ADGAONKAR- 2012 __,HON'BLE MR. JUSTICE PRASHANT KUMAR MISHRA,2026-03-24,447,https://api.sci.gov.in/supremecourt/2025/26891/26891_2025_16_1501_69653_Judgement_24-Mar-2026.pdf,2026 INSC 283(English),https://api.sci.gov.in/supremecourt/2025/26891/26891_2025_16_1501_69653_Judgement_24-Mar-2026.pdf,
HON'BLE MR. JUSTICE N.V. ANJARIA,SUPREME_COURT,2026,C.A. No.-003446-003446 - 2026,CHARAN PREET SINGHVSMUNICIPAL CORPORATION CHANDIGARH,National,Principal,,,COMPLETED,31544/2025,R. H. A. SIKANDER- 3227 __,HON'BLE MR. JUSTICE PRASHANT KUMAR MISHRA,2026-03-17,440,https://api.sci.gov.in/supremecourt/2025/31544/31544_2025_17_1501_69393_Judgement_17-Mar-2026.pdf,2026 INSC 248(English),https://api.sci.gov.in/supremecourt/2025/31544/31544_2025_17_1501_69393_Judgement_17-Mar-2026.pdf,
HON'BLE MR. JUSTICE N.V. ANJARIA,SUPREME_COURT,2026,Crl.A. No.-001480-001480 - 2026,AYYUB MALIKVSSTATE OF UTTARAKHAND,National,Principal,,,COMPLETED,40344/2025,ASHISH KUMAR UPADHYAY- 3828 __,HON'BLE MR. JUSTICE N.V. ANJARIA,2026-03-19,442,https://api.sci.gov.in/supremecourt/2025/40344/40344_2025_2_13_69589_Judgement_19-Mar-2026.pdf,2026 INSC 331(English),https://api.sci.gov.in/supremecourt/2025/40344/40344_2025_2_13_69589_Judgement_19-Mar-2026.pdf,
HON'BLE MR. JUSTICE N.V. ANJARIA,SUPREME_COURT,2026,Crl.A. No.-001263-001263 - 2026,MANOJ KUMAR MUTTAVSTHE STATE OF ANDHRA PRADESH,National,Principal,,,COMPLETED,72006/2025,PANKHURI BHARDWAJ- 3711 __ GUNTUR PRAMOD KUMAR- 2788,HON'BLE MR. JUSTICE PRASHANT KUMAR MISHRA,2026-03-10,433,https://api.sci.gov.in/supremecourt/2025/72006/72006_2025_16_1502_69155_Judgement_10-Mar-2026.pdf,2026 INSC 215(English),https://api.sci.gov.in/supremecourt/2025/72006/72006_2025_16_1502_69155_Judgement_10-Mar-2026.pdf,
HON'BLE MR. JUSTICE N.V. ANJARIA,SUPREME_COURT,2026,C.A. No.-004342-004343 - 2026,POONAM DWIVEDIVSSTATE OF U.P,National,Principal,,,COMPLETED,5089/2023,PARUL SHUKLA- 2473 __,HON'BLE MR. JUSTICE MANOJ MISRA,2026-04-10,1195,https://api.sci.gov.in/supremecourt/2023/5089/5089_2023_14_1501_70075_Judgement_10-Apr-2026.pdf,2026 INSC 351(English),https://api.sci.gov.in/supremecourt/2023/5089/5089_2023_14_1501_70075_Judgement_10-Apr-2026.pdf,
HON'BLE MR. JUSTICE N.V. ANJARIA,SUPREME_COURT,2026,C.A. No.-004686-004686 - 2026,UNION OF INDIAVSSIR SOBHA SINGH AND SONS PVT. LTD.,National,Principal,,,COMPLETED,9198/2022,SUDARSHAN LAMBA- 3667 __,HON'BLE MR. JUSTICE PRASHANT KUMAR MISHRA,2026-04-22,1572,https://api.sci.gov.in/supremecourt/2022/9198/9198_2022_15_1502_70402_Judgement_22-Apr-2026.pdf,2026 INSC 406(English),https://api.sci.gov.in/supremecourt/2022/9198/9198_2022_15_1502_70402_Judgement_22-Apr-2026.pdf,
HON'BLE MR. JUSTICE N.V. ANJARIA,SUPREME_COURT,2026,C.A. No.-004350-004351 - 2026,KAMAL PRASAD DUBEYVSTHE STATE OF MADHYA PRADESH,National,Principal,,,COMPLETED,10215/2020,RUCHI GUPTA- 3112 __,HON'BLE MR. JUSTICE N.V. ANJARIA,2026-04-10,2291,https://api.sci.gov.in/supremecourt/2020/10215/10215_2020_14_1503_70075_Judgement_10-Apr-2026.pdf,2026 INSC 353(English),https://api.sci.gov.in/supremecourt/2020/10215/10215_2020_14_1503_70075_Judgement_10-Apr-2026.pdf,
HON'BLE MR. JUSTICE N.V. ANJARIA,SUPREME_COURT,2026,Crl.A. No.-001782-001782 - 2026,GAUTAM SATNAMIVSTHE STATE OF CHHATTISGARH,National,Principal,,,COMPLETED,10293/2021,SATYAPAL KHUSHAL CHAND PASI __,HON'BLE MR. JUSTICE PRASHANT KUMAR MISHRA,2026-04-07,1922,https://api.sci.gov.in/supremecourt/2021/10293/10293_2021_16_1501_69838_Judgement_07-Apr-2026.pdf,2026 INSC 325(English),https://api.sci.gov.in/supremecourt/2021/10293/10293_2021_16_1501_69838_Judgement_07-Apr-2026.pdf,
HON'BLE MR. JUSTICE N.V. ANJARIA,SUPREME_COURT,2026,C.A. No.-004347-004348 - 2026,THE STATE OF KERALAVSM. VIJAYAKUMAR,National,Principal,,,COMPLETED,12601/2023,C. K. SASI- 1323 __,HON'BLE MR. JUSTICE MANOJ MISRA,2026-04-10,1195,https://api.sci.gov.in/supremecourt/2023/12601/12601_2023_14_1502_70075_Judgement_10-Apr-2026.pdf,2026 INSC 352(English),https://api.sci.gov.in/supremecourt/2023/12601/12601_2023_14_1502_70075_Judgement_10-Apr-2026.pdf,
HON'BLE MR. JUSTICE N.V. ANJARIA,SUPREME_COURT,2026,C.A. No.-004684-004684 - 2026,UNCHGAON VILLAGE PANCHAYATVSKOLHAPUR MUNICIPAL CORPORATION,National,Principal,,,COMPLETED,13645/2018,S.M. JADHAV AND COMPANY- 2158 __,HON'BLE MR. JUSTICE PRASHANT KUMAR MISHRA,2026-04-22,3033,https://api.sci.gov.in/supremecourt/2018/13645/13645_2018_15_1501_70402_Judgement_22-Apr-2026.pdf,2026 INSC 405(English),https://api.sci.gov.in/supremecourt/2018/13645/13645_2018_15_1501_70402_Judgement_22-Apr-2026.pdf,
HON'BLE MR. JUSTICE N.V. ANJARIA,SUPREME_COURT,2019,Crl.A. No.-001807-001807 - 2019,SIVAKUMARVSSTATE REP BY THE INSPECTOR OF POLICE,National,Principal,,,COMPLETED,17615/2019,M.P. PARTHIBAN- 2667 __,HON'BLE MR. JUSTICE MANOJ MISRA,2026-04-06,2652,https://api.sci.gov.in/supremecourt/2019/17615/17615_2019_14_1501_69954_Judgement_06-Apr-2026.pdf,2026 INSC 318(English),https://api.sci.gov.in/supremecourt/2019/17615/17615_2019_14_1501_69954_Judgement_06-Apr-2026.pdf,
HON'BLE MR. JUSTICE N.V. ANJARIA,SUPREME_COURT,2026,C.A. No.-004279-004279 - 2026,K. G. SESHADRIVSTHE TRUSTEES OF STATE BANK OF INDIA,National,Principal,,,COMPLETED,19366/2022,RAKESH K. SHARMA- 1113 __,HON'BLE MR. JUSTICE PRASHANT KUMAR MISHRA,2026-04-08,1558,https://api.sci.gov.in/supremecourt/2022/19366/19366_2022_16_1501_69956_Judgement_08-Apr-2026.pdf,2026 INSC 333(English),https://api.sci.gov.in/supremecourt/2022/19366/19366_2022_16_1501_69956_Judgement_08-Apr-2026.pdf,
HON'BLE MR. JUSTICE N.V. ANJARIA,SUPREME_COURT,2026,C.A. No.-004633-004633 - 2026,BABU SINGHVSCONSOLIDATION OFFICER,National,Principal,,,COMPLETED,21870/2019,ANKUR YADAV- 2487 __,HON'BLE MR. JUSTICE PRASHANT KUMAR MISHRA,2026-04-21,2667,https://api.sci.gov.in/supremecourt/2019/21870/21870_2019_14_1501_70342_Judgement_21-Apr-2026.pdf,2026 INSC 395(English),https://api.sci.gov.in/supremecourt/2019/21870/21870_2019_14_1501_70342_Judgement_21-Apr-2026.pdf,
HON'BLE MR. JUSTICE N.V. ANJARIA,SUPREME_COURT,2025,C.A. No.-014669-014669 - 2025,BIKRAM CHAND RANAVSHIMACHAL PRADESH ROAD TRANSPORT CORPORATION,National,Principal,,,COMPLETED,25542/2022,KARAN BHARIHOKE- 2371 __,HON'BLE MR. JUSTICE PRASHANT KUMAR MISHRA,2026-04-07,1557,https://api.sci.gov.in/supremecourt/2022/25542/25542_2022_16_1502_69838_Judgement_07-Apr-2026.pdf,2026 INSC 326(English),https://api.sci.gov.in/supremecourt/2022/25542/25542_2022_16_1502_69838_Judgement_07-Apr-2026.pdf,
HON'BLE MR. JUSTICE N.V. ANJARIA,SUPREME_COURT,2026,Crl.A. No.-001831-001832 - 2026,ROMA AHUJAVSTHE STATE,National,Principal,,,COMPLETED,29366/2025,SHIVANI VIJ- 3678 __,HON'BLE MR. JUSTICE N.V. ANJARIA,2026-04-09,463,https://api.sci.gov.in/supremecourt/2025/29366/29366_2025_16_1501_69957_Judgement_09-Apr-2026.pdf,2026 INSC 336(English),https://api.sci.gov.in/supremecourt/2025/29366/29366_2025_16_1501_69957_Judgement_09-Apr-2026.pdf,
HON'BLE MR. JUSTICE N.V. ANJARIA,SUPREME_COURT,2013,C.A. No.-009330-009331 - 2013,SADACHARI SINGH TOMARVSUNION OF INDIA,National,Principal,,,COMPLETED,41470/2012,PRASHANT BHUSHAN- 515 __,HON'BLE MR. JUSTICE PRASHANT KUMAR MISHRA,2026-04-28,5231,https://api.sci.gov.in/supremecourt/2012/41470/41470_2012_15_1501_70597_Judgement_28-Apr-2026.pdf,2026 INSC 427(English),https://api.sci.gov.in/supremecourt/2012/41470/41470_2012_15_1501_70597_Judgement_28-Apr-2026.pdf,
HON'BLE MR. JUSTICE N.V. ANJARIA,SUPREME_COURT,2026,C.A. No.-004617-004618 - 2026,STATE OF UTTAR PRADESHVSAJAY KUMAR MALIK,National,Principal,,,COMPLETED,46099/2024,RUCHIRA GOEL- 2477 __,HON'BLE MR. JUSTICE AHSANUDDIN AMANULLAH,2026-04-20,840,https://api.sci.gov.in/supremecourt/2024/46099/46099_2024_13_1501_70363_Judgement_20-Apr-2026.pdf,2026 INSC 394(English),https://api.sci.gov.in/supremecourt/2024/46099/46099_2024_13_1501_70363_Judgement_20-Apr-2026.pdf,
HON'BLE MR. JUSTICE N.V. ANJARIA,SUPREME_COURT,2026,Crl.A. No.-001753-001753 - 2026,DR. S. BALAGOPALVSSTATE OF TAMIL NADU,National,Principal,,,COMPLETED,46501/2023,T. R. B. SIVAKUMAR- 1987 __,HON'BLE MR. JUSTICE MANOJ MISRA,2026-04-06,1191,https://api.sci.gov.in/supremecourt/2023/46501/46501_2023_14_1502_69954_Judgement_06-Apr-2026.pdf,2026 INSC 319(English),https://api.sci.gov.in/supremecourt/2023/46501/46501_2023_14_1502_69954_Judgement_06-Apr-2026.pdf,
HON'BLE MR. JUSTICE N.V. ANJARIA,SUPREME_COURT,2026,Crl.A. No.-001833-001833 - 2026,HEM RAJVSSTATE OF HIMACHAL PRADESH,National,Principal,,,COMPLETED,61426/2025,AJAY MARWAH- 2312 __,HON'BLE MR. JUSTICE PRASHANT KUMAR MISHRA,2026-04-08,462,https://api.sci.gov.in/supremecourt/2025/61426/61426_2025_16_1502_69956_Judgement_08-Apr-2026.pdf,2026 INSC 332(English),https://api.sci.gov.in/supremecourt/2025/61426/61426_2025_16_1502_69956_Judgement_08-Apr-2026.pdf,
HON'BLE MR. JUSTICE N.V. ANJARIA,SUPREME_COURT,2026,Crl.A. No.-002446-002446 - 2026,GUNJAN @ GIRIJA KUMARIVSSTATE (NCT OF DELHI),National,Principal,,,COMPLETED,27865/2025,AVADH BIHARI KAUSHIK- 2140 __,HON'BLE MR. JUSTICE N.V. ANJARIA,2026-05-11,495,https://api.sci.gov.in/supremecourt/2025/27865/27865_2025_15_1501_71008_Judgement_11-May-2026.pdf,2026 INSC 468(English),https://api.sci.gov.in/supremecourt/2025/27865/27865_2025_15_1501_71008_Judgement_11-May-2026.pdf,
HON'BLE MR. JUSTICE N.V. ANJARIA,SUPREME_COURT,2026,Crl.A. No.-002506-002506 - 2026,TALARI NARESHVSTHE STATE OF TELANGANA,National,Principal,,,COMPLETED,38501/2025,D. BHARATHI REDDY- 1115 __ DEVINA SEHGAL- 2691,HON'BLE MR. JUSTICE N.V. ANJARIA,2026-05-13,497,https://api.sci.gov.in/supremecourt/2025/38501/38501_2025_15_1501_71084_Judgement_13-May-2026.pdf,2026 INSC 486(English),https://api.sci.gov.in/supremecourt/2025/38501/38501_2025_15_1501_71084_Judgement_13-May-2026.pdf,
HON'BLE MR. JUSTICE N.V. ANJARIA,SUPREME_COURT,2026,Crl.A. No.-002849-002849 - 2026,M/S MANSI FINANCE (CHENNAI) LTD.VSM. LALITHA,National,Principal,,,COMPLETED,43847/2024,N. SAI VINOD- 2942 __,HON'BLE MR. JUSTICE PRASHANT KUMAR MISHRA,2026-05-26,876,https://api.sci.gov.in/supremecourt/2024/43847/43847_2024_16_1501_71570_Judgement_26-May-2026.pdf,2026 INSC 547(English),https://api.sci.gov.in/supremecourt/2024/43847/43847_2024_16_1501_71570_Judgement_26-May-2026.pdf,
HON'BLE MR. JUSTICE N.V. ANJARIA,SUPREME_COURT,2026,Crl.A. No.-002472-002472 - 2026,K RANGANAYAKULUVSTHE STATE OF TELANGANA,National,Principal,,,COMPLETED,60957/2024,SHEKHAR KUMAR- 1549 __,HON'BLE MR. JUSTICE PRASHANT KUMAR MISHRA,2026-05-12,862,https://api.sci.gov.in/supremecourt/2024/60957/60957_2024_14_31_71057_Judgement_12-May-2026.pdf,2026 INSC 555(English),https://api.sci.gov.in/supremecourt/2024/60957/60957_2024_14_31_71057_Judgement_12-May-2026.pdf,
HON'BLE MR. JUSTICE N.V. ANJARIA,SUPREME_COURT,2026,Crl.A. No.-002537-002537 - 2026,ALKA AGRAWALVSSTATE OF MAHARASHTRA,National,Principal,,,COMPLETED,64809/2025,NAVEEN HEGDE- 3739 __,HON'BLE MR. JUSTICE N.V. ANJARIA,2026-05-15,499,https://api.sci.gov.in/supremecourt/2025/64809/64809_2025_16_1501_71186_Judgement_15-May-2026.pdf,2026 INSC 489(English),https://api.sci.gov.in/supremecourt/2025/64809/64809_2025_16_1501_71186_Judgement_15-May-2026.pdf,
HON'BLE MR. JUSTICE N.V. ANJARIA,SUPREME_COURT,2026,Crl.A. No.-002850-002850 - 2026,SAURABH AGRAWALVSSTATE OF UTTAR PRADESH,National,Principal,,,COMPLETED,66996/2025,SADHANA SANDHU- 1929 __,HON'BLE MR. JUSTICE PRASHANT KUMAR MISHRA,2026-05-26,510,https://api.sci.gov.in/supremecourt/2025/66996/66996_2025_16_1502_71570_Judgement_26-May-2026.pdf,2026 INSC 548(English),https://api.sci.gov.in/supremecourt/2025/66996/66996_2025_16_1502_71570_Judgement_26-May-2026.pdf,
HON'BLE MR. JUSTICE N.V. ANJARIA,SUPREME_COURT,2026,Crl.A. No.-002902-002902 - 2026,MAHAMMAD HANIF JAINUM KHALIFAVSTHE STATE OF KARNATAKA,National,Principal,,,COMPLETED,68587/2025,DESHPANDE CHINMAY ARVIND- 3878 __,HON'BLE MR. JUSTICE N.V. ANJARIA,2026-05-27,511,https://api.sci.gov.in/supremecourt/2025/68587/68587_2025_16_1501_71631_Judgement_27-May-2026.pdf,2026 INSC 565(English),https://api.sci.gov.in/supremecourt/2025/68587/68587_2025_16_1501_71631_Judgement_27-May-2026.pdf,
HON'BLE MR. JUSTICE N.V. ANJARIA,SUPREME_COURT,2026,C.A. No.-008714-008714 - 2026,SHANKAR DUTTVSUNITED INDIA INSURANCE CO. LTD.,National,Principal,,,COMPLETED,19683/2021,VIJAY KUMAR __,HON'BLE MR. JUSTICE N.V. ANJARIA,2026-06-24,2000,https://api.sci.gov.in/supremecourt/2021/19683/19683_2021_6_1501_71885_Judgement_24-Jun-2026.pdf,2026 INSC 656(English),https://api.sci.gov.in/supremecourt/2021/19683/19683_2021_6_1501_71885_Judgement_24-Jun-2026.pdf,
HON'BLE MR. JUSTICE N.V. ANJARIA,SUPREME_COURT,2015,C.A. No.-002471-002473 - 2015,COMMISSIONER OF SERVICE TAX MUMBAIVSM/S BHARAT PETROLEUM CORPORATION LTD. ETC.,National,Principal,,,COMPLETED,149/2015,GURMEET SINGH MAKKER- 2357 __,HON'BLE MR. JUSTICE N.V. ANJARIA,2026-07-20,4218,https://api.sci.gov.in/supremecourt/2015/149/149_2015_15_1501_72214_Judgement_20-Jul-2026.pdf,2026 INSC 723(English),https://api.sci.gov.in/supremecourt/2015/149/149_2015_15_1501_72214_Judgement_20-Jul-2026.pdf,
HON'BLE MR. JUSTICE N.V. ANJARIA,SUPREME_COURT,2026,Crl.A. No.-003094-003094 - 2026,SHAURYA SUNIL KUMAR SINGHVSCENTRAL BUREAU OF INVESTIGATION,National,Principal,,,COMPLETED,13835/2026,VIDHI PANKAJ THAKER- 3668 __,HON'BLE MR. JUSTICE SANJAY KAROL,2026-07-01,181,https://api.sci.gov.in/supremecourt/2026/13835/13835_2026_4_1507_71905_Judgement_01-Jul-2026.pdf,2026 INSC 666(English),https://api.sci.gov.in/supremecourt/2026/13835/13835_2026_4_1507_71905_Judgement_01-Jul-2026.pdf,
HON'BLE MR. JUSTICE N.V. ANJARIA,SUPREME_COURT,2010,C.A. No.-004359-004359 - 2010,TELECOM REGULATORY AUTH.OF INDIAVSM/S POLIMER CABLE NETWORK .,National,Principal,,,COMPLETED,14912/2010,SANJAY KAPUR- 1202 __,HON'BLE MR. JUSTICE S.V.N. BHATTI,2026-07-24,6048,https://api.sci.gov.in/supremecourt/2010/14912/14912_2010_14_1501_72346_Judgement_24-Jul-2026.pdf,2026 INSC 742(English),https://api.sci.gov.in/supremecourt/2010/14912/14912_2010_14_1501_72346_Judgement_24-Jul-2026.pdf,
HON'BLE MR. JUSTICE N.V. ANJARIA,SUPREME_COURT,2026,Crl.A. No.-003093-003093 - 2026,PARVEEN KUMAR@ PARVEEN CHAUHANVSSTATE OF HARYANA,National,Principal,,,COMPLETED,21885/2026,SUNIL KUMAR VERMA- 1530 __,HON'BLE MR. JUSTICE SANJAY KAROL,2026-07-01,181,https://api.sci.gov.in/supremecourt/2026/21885/21885_2026_4_1508_71905_Judgement_01-Jul-2026.pdf,2026 INSC 667(English),https://api.sci.gov.in/supremecourt/2026/21885/21885_2026_4_1508_71905_Judgement_01-Jul-2026.pdf,
HON'BLE MR. JUSTICE N.V. ANJARIA,SUPREME_COURT,2026,C.A. No.-008739-008739 - 2026,KRISHNA KUMAR OJHAVSJITENDRA CHAUDHARY,National,Principal,,,COMPLETED,22669/2025,ANISHA UPADHYAY- 2397 __,HON'BLE MR. JUSTICE SANJAY KAROL,2026-07-01,546,https://api.sci.gov.in/supremecourt/2025/22669/22669_2025_4_1503_71905_Judgement_01-Jul-2026.pdf,2026 INSC 662(English),https://api.sci.gov.in/supremecourt/2025/22669/22669_2025_4_1503_71905_Judgement_01-Jul-2026.pdf,
HON'BLE MR. JUSTICE N.V. ANJARIA,SUPREME_COURT,2018,C.A. No.-003954-003954 - 2018,STATE OF U.P..VSZAFAR ALI,National,Principal,,,COMPLETED,26445/2012,NAMIT SAXENA- 2887 __ K. S. RANA- 1129,HON'BLE MR. JUSTICE S.V.N. BHATTI,2026-07-28,5322,https://api.sci.gov.in/supremecourt/2012/26445/26445_2012_16_1501_72735_Judgement_28-Jul-2026.pdf,2026 INSC 753(English),https://api.sci.gov.in/supremecourt/2012/26445/26445_2012_16_1501_72735_Judgement_28-Jul-2026.pdf,
HON'BLE MR. JUSTICE N.V. ANJARIA,SUPREME_COURT,2026,C.A. No.-004400-004400 - 2026,MALKIT SINGHVSSTATE OF U.T. CHANDIGARH,National,Principal,,,COMPLETED,39485/2025,GORANG GOYAL- 4019 __,HON'BLE MR. JUSTICE SANJAY KAROL,2026-07-01,546,https://api.sci.gov.in/supremecourt/2025/39485/39485_2025_4_1504_71905_Judgement_01-Jul-2026.pdf,2026 INSC 663(English),https://api.sci.gov.in/supremecourt/2025/39485/39485_2025_4_1504_71905_Judgement_01-Jul-2026.pdf,
HON'BLE MR. JUSTICE N.V. ANJARIA,SUPREME_COURT,2026,Crl.A. No.-003092-003092 - 2026,NEERAJ GUPTAVSPARDEEP KUMAR BANSAL,National,Principal,,,COMPLETED,40089/2019,RAKHI RAY- 1329 __,HON'BLE MR. JUSTICE SANJAY KAROL,2026-07-01,2738,https://api.sci.gov.in/supremecourt/2019/40089/40089_2019_4_1501_71905_Judgement_01-Jul-2026.pdf,2026 INSC 660(English),https://api.sci.gov.in/supremecourt/2019/40089/40089_2019_4_1501_71905_Judgement_01-Jul-2026.pdf,
HON'BLE MR. JUSTICE N.V. ANJARIA,SUPREME_COURT,2026,C.A. No.-008735-008735 - 2026,RASHMIREKHA TRIPATHYVSTHE BRANCH MANAGER (LEGAL CLAIMS) SHRIRAM GENERAL INSURANCE COMPANY LTD.,National,Principal,,,COMPLETED,48910/2024,KEDAR NATH TRIPATHY- 1749 __,HON'BLE MR. JUSTICE SANJAY KAROL,2026-07-01,912,https://api.sci.gov.in/supremecourt/2024/48910/48910_2024_4_1502_71905_Judgement_01-Jul-2026.pdf,2026 INSC 661(English),https://api.sci.gov.in/supremecourt/2024/48910/48910_2024_4_1502_71905_Judgement_01-Jul-2026.pdf,
HON'BLE MR. JUSTICE N.V. ANJARIA,SUPREME_COURT,2026,C.A. No.-008738-008738 - 2026,SHOBHA VASANT BHOIRVSSONI @ VANDANA GURUMUKHDAS JAGIASI,National,Principal,,,COMPLETED,50608/2025,SAHIL TAGOTRA- 2520 __,HON'BLE MR. JUSTICE SANJAY KAROL,2026-07-01,546,https://api.sci.gov.in/supremecourt/2025/50608/50608_2025_4_1505_71905_Judgement_01-Jul-2026.pdf,2026 INSC 664(English),https://api.sci.gov.in/supremecourt/2025/50608/50608_2025_4_1505_71905_Judgement_01-Jul-2026.pdf,
HON'BLE MR. JUSTICE N.V. ANJARIA,SUPREME_COURT,2026,Crl.A. No.-003095-003095 - 2026,CHANDRIKABE N KISHOR DAFDAVSSTATE OF GUJARAT,National,Principal,,,COMPLETED,57217/2025,NAMIT SAXENA- 2887 __,HON'BLE MR. JUSTICE SANJAY KAROL,2026-07-01,546,https://api.sci.gov.in/supremecourt/2025/57217/57217_2025_4_1506_71905_Judgement_01-Jul-2026.pdf,2026 INSC 665(English),https://api.sci.gov.in/supremecourt/2025/57217/57217_2025_4_1506_71905_Judgement_01-Jul-2026.pdf,
HON'BLE MR. JUSTICE N.V. ANJARIA,SUPREME_COURT,2026,C.A. No.-010586-010588 - 2026,PARBATSINH DOLATSANG DODIYAVSRAMESHBHAI HARJIBHAI MAKWANA,National,Principal,,,COMPLETED,1054/2024,UDAYADITYA BANERJEE- 2468 __,HON'BLE MR. JUSTICE S.V.N. BHATTI,2026-08-20,962,https://api.sci.gov.in/supremecourt/2024/1054/1054_2024_16_1501_73527_Judgement_20-Aug-2026.pdf,2026 INSC 898(English),https://api.sci.gov.in/supremecourt/2024/1054/1054_2024_16_1501_73527_Judgement_20-Aug-2026.pdf,
HON'BLE MR. JUSTICE N.V. ANJARIA,SUPREME_COURT,2026,C.A. No.-010031-010033 - 2026,K. BHARATHAMMAVSBANDARU SAKKU BAI,National,Principal,,,COMPLETED,3611/2024,BIJOY KUMAR JAIN- 92 __,HON'BLE MR. JUSTICE N.V. ANJARIA,2026-08-04,946,https://api.sci.gov.in/supremecourt/2024/3611/3611_2024_16_1501_73013_Judgement_04-Aug-2026.pdf,2026 INSC 795(English),https://api.sci.gov.in/supremecourt/2024/3611/3611_2024_16_1501_73013_Judgement_04-Aug-2026.pdf,
HON'BLE MR. JUSTICE N.V. ANJARIA,SUPREME_COURT,2012,C.A. No.-003334-003336 - 2012,"THE DIRECTOR OF INCOME TAX, INTERNATIONAL TAXATIONVSM/S STAR CRUISES (INDIA) P. LTD.",National,Principal,,,COMPLETED,3826/2012,SUDARSHAN LAMBA- 3667 __ MEERA MATHUR- 1247,HON'BLE MR. JUSTICE S.V.N. BHATTI,2026-07-30,5324,https://api.sci.gov.in/supremecourt/2012/3826/3826_2012_16_1501_72717_Judgement_30-Jul-2026.pdf,2026 INSC 771(English),https://api.sci.gov.in/supremecourt/2012/3826/3826_2012_16_1501_72717_Judgement_30-Jul-2026.pdf,
HON'BLE MR. JUSTICE N.V. ANJARIA,SUPREME_COURT,2026,C.A. No.-010172-010173 - 2026,CHOWDAPPAVSHANUMANTHARAYAPPA,National,Principal,,,COMPLETED,10525/2026,JAYASREE NARASIMHAN- 2601 __,HON'BLE MR. JUSTICE S.V.N. BHATTI,2026-08-06,217,https://api.sci.gov.in/supremecourt/2026/10525/10525_2026_16_1501_73015_Judgement_06-Aug-2026.pdf,2026 INSC 816(English),https://api.sci.gov.in/supremecourt/2026/10525/10525_2026_16_1501_73015_Judgement_06-Aug-2026.pdf,
HON'BLE MR. JUSTICE N.V. ANJARIA,SUPREME_COURT,2012,W.P.(C) No.-000193-000193 - 2012,R.K. YADAVVSUNION OF INDIA,National,Principal,,,COMPLETED,13668/2012,RANBIR SINGH YADAV- 959 __ SHREEKANT NEELAPPA TERDAL- 909,HON'BLE MR. JUSTICE N.V. ANJARIA,2026-08-12,5337,https://api.sci.gov.in/supremecourt/2012/13668/13668_2012_16_1501_73269_Judgement_12-Aug-2026.pdf,2026 INSC 848(English),https://api.sci.gov.in/supremecourt/2012/13668/13668_2012_16_1501_73269_Judgement_12-Aug-2026.pdf,
HON'BLE MR. JUSTICE N.V. ANJARIA,SUPREME_COURT,2010,C.A. No.-005939-005941 - 2010,COMMISSIONER OF CENTRAL EXCISE HYDERABAD IV COMMISSIONERVSM/S XEROX INDIA LTD. AND ORS.,National,Principal,,,COMPLETED,16733/2010,GURMEET SINGH MAKKER- 2357 __,HON'BLE MR. JUSTICE S.V.N. BHATTI,2026-08-05,6060,https://api.sci.gov.in/supremecourt/2010/16733/16733_2010_16_1501_73014_Judgement_05-Aug-2026.pdf,2026 INSC 805(English),https://api.sci.gov.in/supremecourt/2010/16733/16733_2010_16_1501_73014_Judgement_05-Aug-2026.pdf,
HON'BLE MR. JUSTICE N.V. ANJARIA,SUPREME_COURT,2026,C.A. No.-010755-010758 - 2026,"REENAVSTHE MANAGING DIRECTOR, KARNATAKA STATE ROAD TRANSPORT CORPORATION",National,Principal,,,COMPLETED,23864/2025,PETITIONER-IN-PERSON __,HON'BLE MR. JUSTICE S.V.N. BHATTI,2026-08-19,595,https://api.sci.gov.in/supremecourt/2025/23864/23864_2025_16_1501_73526_Judgement_19-Aug-2026.pdf,2026 INSC 889(English),https://api.sci.gov.in/supremecourt/2025/23864/23864_2025_16_1501_73526_Judgement_19-Aug-2026.pdf,
HON'BLE MR. JUSTICE N.V. ANJARIA,SUPREME_COURT,2026,C.A. No.-010738-010738 - 2026,SAMEEM BEGUMVSK. VENKAT SWAMY,National,Principal,,,COMPLETED,25709/2023,KEDAR NATH TRIPATHY- 1749 __,HON'BLE MR. JUSTICE N.V. ANJARIA,2026-08-14,1321,https://api.sci.gov.in/supremecourt/2023/25709/25709_2023_14_1501_73333_Judgement_14-Aug-2026.pdf,2026 INSC 864(English),https://api.sci.gov.in/supremecourt/2023/25709/25709_2023_14_1501_73333_Judgement_14-Aug-2026.pdf,
HON'BLE MR. JUSTICE N.V. ANJARIA,SUPREME_COURT,2026,C.A. No.-010696-010697 - 2026,SHIVAPPAVSSHANTAVVA,National,Principal,,,COMPLETED,35854/2026,SUPREETA SHARANAGOUDA- 2263 __,HON'BLE MR. JUSTICE S.V.N. BHATTI,2026-08-13,224,https://api.sci.gov.in/supremecourt/2026/35854/35854_2026_16_1501_73270_Judgement_13-Aug-2026.pdf,2026 INSC 857(English),https://api.sci.gov.in/supremecourt/2026/35854/35854_2026_16_1501_73270_Judgement_13-Aug-2026.pdf,
HON'BLE MR. JUSTICE N.V. ANJARIA,SUPREME_COURT,2026,C.A. No.-010250-010252 - 2026,"LACHCHAPPA VSSPECIAL LAND ACQUISITION OFFICER, UKP, BAGALKOT .",National,Principal,,,COMPLETED,41642/2016,SURBHI MEHTA- 2177 __,HON'BLE MR. JUSTICE S.V.N. BHATTI,2026-08-07,3871,https://api.sci.gov.in/supremecourt/2016/41642/41642_2016_15_1501_72951_Judgement_07-Aug-2026.pdf,2026 INSC 815(English),https://api.sci.gov.in/supremecourt/2016/41642/41642_2016_15_1501_72951_Judgement_07-Aug-2026.pdf,
HON'BLE MR. JUSTICE N.V. ANJARIA,SUPREME_COURT,2026,C.A. No.-011223-011223 - 2026,NEELAM SHARMAVSAMITA PASSAN,National,Principal,,,COMPLETED,49139/2025,R. C. KAUSHIK- 561 __,HON'BLE MR. JUSTICE N.V. ANJARIA,2026-08-21,597,https://api.sci.gov.in/supremecourt/2025/49139/49139_2025_14_1501_73619_Judgement_21-Aug-2026.pdf,2026 INSC 913(English),https://api.sci.gov.in/supremecourt/2025/49139/49139_2025_14_1501_73619_Judgement_21-Aug-2026.pdf,
HON'BLE MR. JUSTICE N.V. ANJARIA,SUPREME_COURT,2013,C.A. No.-009190-009190 - 2013,ASST. COMMISSIOER OF INCOME TAX .VSOMAXE LTD.,National,Principal,,,COMPLETED,1751/2013,__ KAVITA JHA,HON'BLE MR. JUSTICE S.V.N. BHATTI,2026-09-16,5006,https://api.sci.gov.in/supremecourt/2013/1751/1751_2013_13_1501_74326_Judgement_16-Sep-2026.pdf,2026 INSC 1000(English),https://api.sci.gov.in/supremecourt/2013/1751/1751_2013_13_1501_74326_Judgement_16-Sep-2026.pdf,
HON'BLE MR. JUSTICE N.V. ANJARIA,SUPREME_COURT,2013,C.A. No.-005099-005099 - 2013,DAKSCHINANCHAL VIDYUT VITRAN NIGAM LTD.VSVIDUT LOKPAL U.P.,National,Principal,,,COMPLETED,14138/2012,RAKESH UTTAMCHANDRA UPADHYAY- 1169 __,HON'BLE MR. JUSTICE S.V.N. BHATTI,2026-09-10,5366,https://api.sci.gov.in/supremecourt/2012/14138/14138_2012_15_1501_74172_Judgement_10-Sep-2026.pdf,2026 INSC 985(English),https://api.sci.gov.in/supremecourt/2012/14138/14138_2012_15_1501_74172_Judgement_10-Sep-2026.pdf,
HON'BLE MR. JUSTICE N.V. ANJARIA,SUPREME_COURT,2026,C.A. No.-012085-012085 - 2026,RELIANCE GENERAL INSURANCE COMPANY LIMITEDVSPRIYANKA DAS,National,Principal,,,COMPLETED,14603/2019,PRERNA MEHTA- 1799 __,HON'BLE MR. JUSTICE S.V.N. BHATTI,2026-09-03,2802,https://api.sci.gov.in/supremecourt/2019/14603/14603_2019_15_1501_73974_Judgement_03-Sep-2026.pdf,2026 INSC 950(English),https://api.sci.gov.in/supremecourt/2019/14603/14603_2019_15_1501_73974_Judgement_03-Sep-2026.pdf,
HON'BLE MR. JUSTICE N.V. ANJARIA,SUPREME_COURT,2026,C.A. No.-013096-013096 - 2026,MIHIR PRAKASH BAJORIAVSVIDUSHI JAIN BAJORIA,National,Principal,,,COMPLETED,20643/2026,E. C. AGRAWALA- 177 __,HON'BLE MR. JUSTICE N.V. ANJARIA,2026-09-22,264,https://api.sci.gov.in/supremecourt/2026/20643/20643_2026_15_1502_74545_Judgement_22-Sep-2026.pdf,2026 INSC 1034(English),https://api.sci.gov.in/supremecourt/2026/20643/20643_2026_15_1502_74545_Judgement_22-Sep-2026.pdf,
HON'BLE MR. JUSTICE N.V. ANJARIA,SUPREME_COURT,2019,C.A. No.-000660-000660 - 2019,GANAPATI (DEAD) BY HIS LRSVSPRABHAKAR,National,Principal,,,COMPLETED,38579/2012,E. R. SUMATHY- 1584 __,HON'BLE MR. JUSTICE S.V.N. BHATTI,2026-09-22,5378,https://api.sci.gov.in/supremecourt/2012/38579/38579_2012_15_1501_74545_Judgement_22-Sep-2026.pdf,2026 INSC 1033(English),https://api.sci.gov.in/supremecourt/2012/38579/38579_2012_15_1501_74545_Judgement_22-Sep-2026.pdf,
HON'BLE MR. JUSTICE N.V. ANJARIA,SUPREME_COURT,2013,C.A. No.-000143-000144 - 2013,"ORIENT CRAFTS LTD.VSC.I.T., NEW DELHI",National,Principal,,,COMPLETED,38943/2012,BHARGAVA V. DESAI- 97 __,HON'BLE MR. JUSTICE S.V.N. BHATTI,2026-09-18,5374,https://api.sci.gov.in/supremecourt/2012/38943/38943_2012_13_1501_74401_Judgement_18-Sep-2026.pdf,2026 INSC 1018(English),https://api.sci.gov.in/supremecourt/2012/38943/38943_2012_13_1501_74401_Judgement_18-Sep-2026.pdf,
HON'BLE MR. JUSTICE N.V. ANJARIA,SUPREME_COURT,2026,Crl.A. No.-004414-004415 - 2026,DEEPAK IN JCVSSTATE GOVT. OF NCT DELHI,National,Principal,,,COMPLETED,59000/2025,PULKIT PRAKASH- 3524 __,HON'BLE MR. JUSTICE S.V.N. BHATTI,2026-09-17,624,https://api.sci.gov.in/supremecourt/2025/59000/59000_2025_14_1501_74327_Judgement_17-Sep-2026.pdf,2026 INSC 1008(English),https://api.sci.gov.in/supremecourt/2025/59000/59000_2025_14_1501_74327_Judgement_17-Sep-2026.pdf,
HON'BLE MR. JUSTICE VIJAY BISHNOI,SUPREME_COURT,2016,C.A. No.-005185-005192 - 2016,UNION OF INDIAVSHEAVY VEHICLES FACTORY EMPLOYEES UNION,National,Principal,,,COMPLETED,9613/2012,MUKESH KUMAR MARORIA- 2324 __ VIJAY KUMAR,HON'BLE MR. JUSTICE RAJESH BINDAL,2026-01-20,5133,https://api.sci.gov.in/supremecourt/2012/9613/9613_2012_15_1501_67599_Judgement_20-Jan-2026.pdf,2026 INSC 74(English),https://api.sci.gov.in/supremecourt/2012/9613/9613_2012_15_1501_67599_Judgement_20-Jan-2026.pdf,
HON'BLE MR. JUSTICE VIJAY BISHNOI,SUPREME_COURT,2025,C.A. No.-014250-014250 - 2025,STATE OF UTTAR PRADESHVSBHAWANA MISHRA,National,Principal,,,COMPLETED,17736/2025,SAKSHI KAKKAR- 2481 __,HON'BLE MR. JUSTICE RAJESH BINDAL,2026-01-08,372,https://api.sci.gov.in/supremecourt/2025/17736/17736_2025_15_1501_67280_Judgement_08-Jan-2026.pdf,2026 INSC 38(English),https://api.sci.gov.in/supremecourt/2025/17736/17736_2025_15_1501_67280_Judgement_08-Jan-2026.pdf,
HON'BLE MR. JUSTICE VIJAY BISHNOI,SUPREME_COURT,2025,T.P.(Crl.) No.-000338 - 2025,NEHA LALVSABHISHEK KUMAR,National,Principal,,,COMPLETED,18841/2025,KUMAR MIHIR- 2116 __,HON'BLE MR. JUSTICE RAJESH BINDAL,2026-01-20,384,https://api.sci.gov.in/supremecourt/2025/18841/18841_2025_15_1502_67599_Judgement_20-Jan-2026.pdf,2026 INSC 73(English),https://api.sci.gov.in/supremecourt/2025/18841/18841_2025_15_1502_67599_Judgement_20-Jan-2026.pdf,
HON'BLE MR. JUSTICE VIJAY BISHNOI,SUPREME_COURT,2022,C.A. No.-000629-000629 - 2022,JARNAIL SINGH VSLACHHMI NARAIN GUPTA .,National,Principal,,,COMPLETED,34614/2011,CHANDRA BHUSHAN PRASAD- 1864 __ N. ANNAPOORANI- 1142,,2022-01-28,4045,https://api.sci.gov.in/supremecourt_vernacular/2011/34614/34614_2011_35_1501_32956_Judgement_28-Jan-2022_PUN.pdf,2022 INSC 105(ਪੰਜਾਬੀ),https://api.sci.gov.in//pdfdate/index1.php?dt=2022-01-28&dno=346142011&filename=supremecourt_vernacular/2011/34614/34614_2011_35_1501_32956_Judgement_28-Jan-2022_PUN.pdf,
HON'BLE MR. JUSTICE VIJAY BISHNOI,SUPREME_COURT,2026,C.A. No.-000574-000575 - 2026,JAGDEEP CHOWGULEVSSHEELA CHOWGULE,National,Principal,,,COMPLETED,55611/2024,SURBHI KAPOOR- 3277 __,HON'BLE MR. JUSTICE PAMIDIGHANTAM SRI NARASIMHA,2026-01-29,759,https://api.sci.gov.in/supremecourt/2024/55611/55611_2024_6_1501_68028_Judgement_29-Jan-2026.pdf,2026 INSC 92(English),https://api.sci.gov.in/supremecourt/2024/55611/55611_2024_6_1501_68028_Judgement_29-Jan-2026.pdf,
HON'BLE MR. JUSTICE VIJAY BISHNOI,SUPREME_COURT,2026,Crl.A. No.-000687-000687 - 2026,PRAMOD KUMARVSTHE STATE OF UTTAR PRADESH,National,Principal,,,COMPLETED,743/2024,DIVYESH PRATAP SINGH- 2543 __,HON'BLE MR. JUSTICE RAJESH BINDAL,2026-02-04,765,https://api.sci.gov.in/supremecourt/2024/743/743_2024_15_1502_68235_Judgement_04-Feb-2026.pdf,2026 INSC 120(English),https://api.sci.gov.in/supremecourt/2024/743/743_2024_15_1502_68235_Judgement_04-Feb-2026.pdf,
HON'BLE MR. JUSTICE VIJAY BISHNOI,SUPREME_COURT,2026,Crl.A. No.-000885-000885 - 2026,BALMUKUND SINGH GAUTAMVSSTATE OF MADHYA PRADESH,National,Principal,,,COMPLETED,17445/2024,DIVYAKANT LAHOTI- 2188 __,HON'BLE MR. JUSTICE RAJESH BINDAL,2026-02-13,774,https://api.sci.gov.in/supremecourt/2024/17445/17445_2024_15_1501_68382_Judgement_13-Feb-2026.pdf,2026 INSC 157(English),https://api.sci.gov.in/supremecourt/2024/17445/17445_2024_15_1501_68382_Judgement_13-Feb-2026.pdf,
HON'BLE MR. JUSTICE VIJAY BISHNOI,SUPREME_COURT,2023,C.A. No.-003318 - 2023,ITC LIMITEDVSAASHNA ROY,National,Principal,,,COMPLETED,18169/2023,DUA ASSOCIATES- 1537 __,HON'BLE MR. JUSTICE RAJESH BINDAL,2026-02-06,1132,https://api.sci.gov.in/supremecourt/2023/18169/18169_2023_13_1501_67959_Judgement_06-Feb-2026.pdf,2026 INSC 135(English),https://api.sci.gov.in/supremecourt/2023/18169/18169_2023_13_1501_67959_Judgement_06-Feb-2026.pdf,
HON'BLE MR. JUSTICE VIJAY BISHNOI,SUPREME_COURT,2026,Crl.A. No.-000949-000949 - 2026,PARAMESHWARIVSTHE STATE OF TAMIL NADU,National,Principal,,,COMPLETED,22962/2021,A VELAN- 3181 __,HON'BLE MR. JUSTICE VIJAY BISHNOI,2026-02-17,1873,https://api.sci.gov.in/supremecourt/2021/22962/22962_2021_3_1501_68776_Judgement_17-Feb-2026.pdf,2026 INSC 164(English),https://api.sci.gov.in/supremecourt/2021/22962/22962_2021_3_1501_68776_Judgement_17-Feb-2026.pdf,
HON'BLE MR. JUSTICE VIJAY BISHNOI,SUPREME_COURT,2016,C.A. No.-011302-011303 - 2016,RUPESH KUMAR MEENAVSUNION OF INDIA,National,Principal,,,COMPLETED,37367/2011,S. K. VERMA- 675 __ ARVIND KUMAR SHARMA- 1133,HON'BLE MR. JUSTICE RAJESH BINDAL,2026-02-04,5513,https://api.sci.gov.in/supremecourt/2011/37367/37367_2011_15_1501_68235_Judgement_04-Feb-2026.pdf,2026 INSC 119(English),https://api.sci.gov.in/supremecourt/2011/37367/37367_2011_15_1501_68235_Judgement_04-Feb-2026.pdf,
HON'BLE MR. JUSTICE VIJAY BISHNOI,SUPREME_COURT,2026,C.A. No.-000862-000862 - 2026,M. THANIGIVELUVSTAMIL NADU ELECTRICITY BOARD TAMIL NADU ELECTRICITY BOARD,National,Principal,,,COMPLETED,53318/2024,PREETIKA DWIVEDI- 2078 __,HON'BLE MR. JUSTICE RAJESH BINDAL,2026-03-11,800,https://api.sci.gov.in/supremecourt/2024/53318/53318_2024_15_1501_69231_Judgement_11-Mar-2026.pdf,2026 INSC 229(English),https://api.sci.gov.in/supremecourt/2024/53318/53318_2024_15_1501_69231_Judgement_11-Mar-2026.pdf,
HON'BLE MR. JUSTICE VIJAY BISHNOI,SUPREME_COURT,2012,C.A. No.-007796-007796 - 2012,ASPINWALL AND CO. LTD.VSTHE INSPECTING ASSISTANT COMMR.,National,Principal,,,COMPLETED,4003/2012,K J JOHN AND CO- 1287 __ M. T. GEORGE- 859,HON'BLE MR. JUSTICE RAJESH BINDAL,2026-04-13,5216,https://api.sci.gov.in/supremecourt/2012/4003/4003_2012_15_1501_70057_Judgement_13-Apr-2026.pdf,2026 INSC 359(English),https://api.sci.gov.in/supremecourt/2012/4003/4003_2012_15_1501_70057_Judgement_13-Apr-2026.pdf,
HON'BLE MR. JUSTICE VIJAY BISHNOI,SUPREME_COURT,2024,Crl.A. No.-001864-001864 - 2024,ANAND JAKKAPPA PUJARI @ GADDADARVSTHE STATE OF KARNATAKA,National,Principal,,,COMPLETED,5361/2022,ANKOLEKAR GURUDATTA- 1677 __,HON'BLE MR. JUSTICE J.B. PARDIWALA,2026-04-27,1577,https://api.sci.gov.in/supremecourt/2022/5361/5361_2022_7_1501_70535_Judgement_27-Apr-2026.pdf,2026 INSC 417(English),https://api.sci.gov.in/supremecourt/2022/5361/5361_2022_7_1501_70535_Judgement_27-Apr-2026.pdf,
HON'BLE MR. JUSTICE VIJAY BISHNOI,SUPREME_COURT,2026,Crl.A. No.-001924-001924 - 2026,DHANANJAY RATHIVSRUCHIKA RATHI,National,Principal,,,COMPLETED,5607/2026,S. S. JAUHAR- 661 __,HON'BLE MR. JUSTICE VIJAY BISHNOI,2026-04-13,102,https://api.sci.gov.in/supremecourt/2026/5607/5607_2026_15_1502_70057_Judgement_13-Apr-2026.pdf,2026 INSC 360(English),https://api.sci.gov.in/supremecourt/2026/5607/5607_2026_15_1502_70057_Judgement_13-Apr-2026.pdf,
HON'BLE MR. JUSTICE VIJAY BISHNOI,SUPREME_COURT,2015,W.P.(C) No.-000392-000392 - 2015,"BHARTIYA MAZDOOR SANGH, UTTAR PRADESH AND ANOTHERVSTHE STATE OF UTTAR PRADESH",National,Principal,,,COMPLETED,19639/2015,SATYA MITRA- 1852 __,HON'BLE MR. JUSTICE RAJESH BINDAL,2026-04-15,4122,https://api.sci.gov.in/supremecourt/2015/19639/19639_2015_2_1501_70164_Judgement_15-Apr-2026.pdf,2026 INSC 364(English),https://api.sci.gov.in/supremecourt/2015/19639/19639_2015_2_1501_70164_Judgement_15-Apr-2026.pdf,
HON'BLE MR. JUSTICE VIJAY BISHNOI,SUPREME_COURT,2026,Crl.A. No.-002351-002352 - 2026,AMAN SINGHVSTHE STATE OF BIHAR,National,Principal,,,COMPLETED,24574/2026,RAVI SHARMA- 3026 __,HON'BLE MR. JUSTICE SANDEEP MEHTA,2026-04-27,116,https://api.sci.gov.in/supremecourt/2026/24574/24574_2026_2_301_70717_Judgement_27-Apr-2026.pdf,2026 INSC 424(English),https://api.sci.gov.in/supremecourt/2026/24574/24574_2026_2_301_70717_Judgement_27-Apr-2026.pdf,
HON'BLE MR. JUSTICE VIJAY BISHNOI,SUPREME_COURT,2026,C.A. No.-007458-007458 - 2026,PADAM MEHTAVSTHE STATE OF RAJASTHAN,National,Principal,,,COMPLETED,1090/2025,D. K. DEVESH- 2275 __,HON'BLE MR. JUSTICE VIKRAM NATH,2026-05-12,496,https://api.sci.gov.in/supremecourt/2025/1090/1090_2025_2_1502_71114_Judgement_12-May-2026.pdf,2026 INSC 476(English),https://api.sci.gov.in/supremecourt/2025/1090/1090_2025_2_1502_71114_Judgement_12-May-2026.pdf,
HON'BLE MR. JUSTICE VIJAY BISHNOI,SUPREME_COURT,2014,C.A. No.-006859-006859 - 2014,PARVATHI NAIRTHI (DEAD)VSLAXMI NAIRTHY (DEAD) THROUGH LRS.,National,Principal,,,COMPLETED,7342/2013,BINA GUPTA- 109 __,HON'BLE MR. JUSTICE VIJAY BISHNOI,2026-05-21,4888,https://api.sci.gov.in/supremecourt/2013/7342/7342_2013_17_1501_71553_Judgement_21-May-2026.pdf,2026 INSC 521(English),https://api.sci.gov.in/supremecourt/2013/7342/7342_2013_17_1501_71553_Judgement_21-May-2026.pdf,
HON'BLE MR. JUSTICE VIJAY BISHNOI,SUPREME_COURT,2026,C.A. No.-008190-008190 - 2026,SARLA DEVIVSRELIANCE GENERAL INSURANCE COMPANY LIMITED,National,Principal,,,COMPLETED,17230/2018,SATISH KUMAR- 1822 __,HON'BLE MR. JUSTICE VIJAY BISHNOI,2026-05-26,3067,https://api.sci.gov.in/supremecourt/2018/17230/17230_2018_7_1501_71562_Judgement_26-May-2026.pdf,2026 INSC 575(English),https://api.sci.gov.in/supremecourt/2018/17230/17230_2018_7_1501_71562_Judgement_26-May-2026.pdf,
HON'BLE MR. JUSTICE VIJAY BISHNOI,SUPREME_COURT,2019,Crl.A. No.-000491-000492 - 2019,SHAHJAD ALI@ALI UR REHMANVSTHE STATE OF UTTARAKHAND,National,Principal,,,COMPLETED,25480/2018,SANJAY KUMAR DUBEY- 2228 __,HON'BLE MR. JUSTICE SANDEEP MEHTA,2026-05-06,3047,https://api.sci.gov.in/supremecourt/2018/25480/25480_2018_2_31_70872_Judgement_06-May-2026.pdf,2026 INSC 557(English),https://api.sci.gov.in/supremecourt/2018/25480/25480_2018_2_31_70872_Judgement_06-May-2026.pdf,
HON'BLE MR. JUSTICE VIJAY BISHNOI,SUPREME_COURT,2026,C.A. No.-007861-007862 - 2026,SOUMYA RANJAN PANDA VSSUBHALAXMI DASH,National,Principal,,,COMPLETED,41698/2015,AJAY SHARMA __,HON'BLE MR. JUSTICE VIKRAM NATH,2026-05-14,4151,https://api.sci.gov.in/supremecourt/2015/41698/41698_2015_2_1501_71076_Judgement_14-May-2026.pdf,2026 INSC 488(English),https://api.sci.gov.in/supremecourt/2015/41698/41698_2015_2_1501_71076_Judgement_14-May-2026.pdf,
HON'BLE MR. JUSTICE VIJAY BISHNOI,SUPREME_COURT,2026,C.A. No.-007459-007459 - 2026,MOHINDER KAUR (D) THR. L.R.VSBRIJ LAL ARORA,National,Principal,,,COMPLETED,43777/2019,RAJAT MITTAL- 2644 __,HON'BLE MR. JUSTICE VIKRAM NATH,2026-05-12,2688,https://api.sci.gov.in/supremecourt/2019/43777/43777_2019_2_1503_71114_Judgement_12-May-2026.pdf,2026 INSC 477(English),https://api.sci.gov.in/supremecourt/2019/43777/43777_2019_2_1503_71114_Judgement_12-May-2026.pdf,
HON'BLE MR. JUSTICE VIJAY BISHNOI,SUPREME_COURT,2026,C.A. No.-007457-007457 - 2026,ANN SAURABH DUTTVSSAURABH IQBAL BAHADUR DUTT,National,Principal,,,COMPLETED,46233/2024,JESAL WAHI- 2166 __,HON'BLE MR. JUSTICE VIKRAM NATH,2026-05-12,862,https://api.sci.gov.in/supremecourt/2024/46233/46233_2024_2_1501_71114_Judgement_12-May-2026.pdf,2026 INSC 475(English),https://api.sci.gov.in/supremecourt/2024/46233/46233_2024_2_1501_71114_Judgement_12-May-2026.pdf,
HON'BLE MR. JUSTICE VIJAY BISHNOI,SUPREME_COURT,2026,C.A. No.-008845-008846 - 2026,MANASH KAMAL BEZBORUAHVSM/S BOKAHOLA TEA COMPANY PRIVATE LIMITED,National,Principal,,,COMPLETED,7469/2026,KMNP LAW AOR- 2424 __,HON'BLE MR. JUSTICE MANOJ MISRA,2026-07-14,194,https://api.sci.gov.in/supremecourt/2026/7469/7469_2026_11_1501_72011_Judgement_14-Jul-2026.pdf,2026 INSC 701(English),https://api.sci.gov.in/supremecourt/2026/7469/7469_2026_11_1501_72011_Judgement_14-Jul-2026.pdf,
HON'BLE MR. JUSTICE VIJAY BISHNOI,SUPREME_COURT,2013,Crl.A. No.-001148-001148 - 2013,DIDAR SINGH @ DARIVSTHE STATE OF HARYANA,National,Principal,,,COMPLETED,12783/2013,SATYENDRA KUMAR- 1401 __ VISHWA PAL SINGH- 1391,HON'BLE MR. JUSTICE MANOJ MISRA,2026-07-14,4942,https://api.sci.gov.in/supremecourt/2013/12783/12783_2013_11_107_72164_Judgement_14-Jul-2026.pdf,2026 INSC 726(English),https://api.sci.gov.in/supremecourt/2013/12783/12783_2013_11_107_72164_Judgement_14-Jul-2026.pdf,
HON'BLE MR. JUSTICE VIJAY BISHNOI,SUPREME_COURT,2026,Crl.A. No.-003690-003690 - 2026,MANJULA KAPOORVSTHE STATE OF HIMACHAL PRADESH,National,Principal,,,COMPLETED,34306/2016,ASHWANI KUMAR DUBEY- 1797 __,HON'BLE MR. JUSTICE MANOJ MISRA,2026-07-29,3862,https://api.sci.gov.in/supremecourt/2016/34306/34306_2016_11_12_72755_Judgement_29-Jul-2026.pdf,2026 INSC 789(English),https://api.sci.gov.in/supremecourt/2016/34306/34306_2016_11_12_72755_Judgement_29-Jul-2026.pdf,
HON'BLE MR. JUSTICE VIJAY BISHNOI,SUPREME_COURT,2026,Crl.A. No.-003884-003885 - 2026,GOPI @ SAHAYA PURUNOVSTHE STATE,National,Principal,,,COMPLETED,50265/2025,VAIRAWAN A.S- 3408 __,HON'BLE MR. JUSTICE MANOJ MISRA,2026-08-18,594,https://api.sci.gov.in/supremecourt/2025/50265/50265_2025_11_1501_73534_Judgement_18-Aug-2026.pdf,2026 INSC 880(English),https://api.sci.gov.in/supremecourt/2025/50265/50265_2025_11_1501_73534_Judgement_18-Aug-2026.pdf,
HON'BLE MR. JUSTICE VIJAY BISHNOI,SUPREME_COURT,2026,Crl.A. No.-003895-003895 - 2026,PATEL JOSHNABEN PRAVINKUMAR PATELVSSTATE OF GUJARAT,National,Principal,,,COMPLETED,60343/2025,SOMESH CHANDRA JHA- 2403 __,HON'BLE MR. JUSTICE MANOJ MISRA,2026-08-18,594,https://api.sci.gov.in/supremecourt/2025/60343/60343_2025_11_11_73434_Judgement_18-Aug-2026.pdf,2026 INSC 886(English),https://api.sci.gov.in/supremecourt/2025/60343/60343_2025_11_11_73434_Judgement_18-Aug-2026.pdf,
HON'BLE MR. JUSTICE VIJAY BISHNOI,SUPREME_COURT,2026,C.A. No.-012597-012597 - 2026,UTTAR PRADESH SUBORDINATE SERVICE SELECTION COMMISSIONVSASHOK YADAV,National,Principal,,,COMPLETED,20026/2026,TALHA ABDUL RAHMAN- 2467 __,HON'BLE MR. JUSTICE MANOJ MISRA,2026-09-09,251,https://api.sci.gov.in/supremecourt/2026/20026/20026_2026_10_8_74161_Judgement_09-Sep-2026.pdf,2026 INSC 991(English),https://api.sci.gov.in/supremecourt/2026/20026/20026_2026_10_8_74161_Judgement_09-Sep-2026.pdf,
HON'BLE MR. JUSTICE VIJAY BISHNOI,SUPREME_COURT,2018,Crl.A. No.-000067-000067 - 2018,THE STATE OF HIMACHAL PRADESHVSVARINDER VERMA@JATTI,National,Principal,,,COMPLETED,28658/2015,KETAN PAUL- 2967 __ RABIN MAJUMDER- 1825,HON'BLE MR. JUSTICE MANOJ MISRA,2026-09-17,4277,https://api.sci.gov.in/supremecourt/2015/28658/28658_2015_9_104_74351_Judgement_17-Sep-2026.pdf,2026 INSC 1028(English),https://api.sci.gov.in/supremecourt/2015/28658/28658_2015_9_104_74351_Judgement_17-Sep-2026.pdf,
HON'BLE MR. JUSTICE VIJAY BISHNOI,SUPREME_COURT,2019,Crl.A. No.-000166-000166 - 2019,THE STATE OF HIMACHAL PRADESHVSANCHLA @ CHANCHLA,National,Principal,,,COMPLETED,4240/2015,VIKRANT NARAYAN VASUDEVA- 2329 __,HON'BLE MR. JUSTICE MANOJ MISRA,2026-10-01,4291,https://api.sci.gov.in/supremecourt/2015/4240/4240_2015_9_1501_74862_Judgement_01-Oct-2026.pdf,2026 INSC 1074(English),https://api.sci.gov.in/supremecourt/2015/4240/4240_2015_9_1501_74862_Judgement_01-Oct-2026.pdf,
HON'BLE MR. JUSTICE ATUL S. CHANDURKAR,SUPREME_COURT,2026,C.A. No.-000051-000051 - 2026,UNION OF INDIAVSG. KIRAN,National,Principal,,,COMPLETED,2019/2020,GURMEET SINGH MAKKER- 2357 __,HON'BLE MR. JUSTICE J.K. MAHESHWARI,2026-01-06,2197,https://api.sci.gov.in/supremecourt/2020/2019/2019_2020_3_1501_67228_Judgement_06-Jan-2026.pdf,2026 INSC 15(English),https://api.sci.gov.in/supremecourt/2020/2019/2019_2020_3_1501_67228_Judgement_06-Jan-2026.pdf,
HON'BLE MR. JUSTICE ATUL S. CHANDURKAR,SUPREME_COURT,2024,C.A. No.-012892-012893 - 2024,M/S SAISUDHIR ENERGY LTDVSM/S NTPC VIDYUT VYAPAR NIGAM LTD,National,Principal,,,COMPLETED,4501/2018,SAHIL RAVEEN- 4102 __,HON'BLE MR. JUSTICE ATUL S. CHANDURKAR,2026-01-30,2951,https://api.sci.gov.in/supremecourt/2018/4501/4501_2018_3_1501_67778_Judgement_30-Jan-2026.pdf,2026 INSC 103(English),https://api.sci.gov.in/supremecourt/2018/4501/4501_2018_3_1501_67778_Judgement_30-Jan-2026.pdf,
HON'BLE MR. JUSTICE ATUL S. CHANDURKAR,SUPREME_COURT,2021,Crl.A. No.-000532-000532 - 2021,MUNNI DEVIVSTHE STATE OF UTTAR PRADESH,National,Principal,,,COMPLETED,12118/2021,ABHIJIT BANERJEE- 3017 __,HON'BLE MR. JUSTICE ATUL S. CHANDURKAR,2026-01-29,1854,https://api.sci.gov.in/supremecourt/2021/12118/12118_2021_3_108_68045_Judgement_29-Jan-2026.pdf,2026 INSC 136(English),https://api.sci.gov.in/supremecourt/2021/12118/12118_2021_3_108_68045_Judgement_29-Jan-2026.pdf,
HON'BLE MR. JUSTICE ATUL S. CHANDURKAR,SUPREME_COURT,2026,C.A. No.-000053-000053 - 2026,KADIRKHAN AHMEDKHAN PATHANVSTHE MAHARASHTRA STATE WAREHOUSING CORPORATION,National,Principal,,,COMPLETED,15562/2021,ANJANI KUMAR JHA- 37 __,HON'BLE MR. JUSTICE J.K. MAHESHWARI,2026-01-06,1831,https://api.sci.gov.in/supremecourt/2021/15562/15562_2021_3_1502_67228_Judgement_06-Jan-2026.pdf,2026 INSC 16(English),https://api.sci.gov.in/supremecourt/2021/15562/15562_2021_3_1502_67228_Judgement_06-Jan-2026.pdf,
HON'BLE MR. JUSTICE ATUL S. CHANDURKAR,SUPREME_COURT,2026,C.A. No.-002481-002488 - 2026,THE STATE OF RAJASTHANVSNAMONARAYAN SHARMA,National,Principal,,,COMPLETED,20873/2020,S.. UDAYA KUMAR SAGAR- 1132 __,HON'BLE MR. JUSTICE J.K. MAHESHWARI,2026-01-28,2219,https://api.sci.gov.in/supremecourt/2020/20873/20873_2020_3_15_67776_Judgement_28-Jan-2026.pdf,2026 INSC 179(English),https://api.sci.gov.in/supremecourt/2020/20873/20873_2020_3_15_67776_Judgement_28-Jan-2026.pdf,
HON'BLE MR. JUSTICE ATUL S. CHANDURKAR,SUPREME_COURT,2026,C.A. No.-000054-000054 - 2026,ABHAY KUMAR PATELVSTHE STATE OF BIHAR,National,Principal,,,COMPLETED,34981/2023,MANOJ KUMAR SRIVASTAVA- 3060 __,HON'BLE MR. JUSTICE J.K. MAHESHWARI,2026-01-06,1101,https://api.sci.gov.in/supremecourt/2023/34981/34981_2023_3_1503_67228_Judgement_06-Jan-2026.pdf,2026 INSC 24(English),https://api.sci.gov.in/supremecourt/2023/34981/34981_2023_3_1503_67228_Judgement_06-Jan-2026.pdf,
HON'BLE MR. JUSTICE ATUL S. CHANDURKAR,SUPREME_COURT,2026,Crl.A. No.-000147-000147 - 2026,YERRAM VIJAY KUMARVSTHE STATE OF TELANGANA,National,Principal,,,COMPLETED,37216/2024,DHARMAPRABHAS LAW ASSOCIATES- 2718 __,HON'BLE MR. JUSTICE J.K. MAHESHWARI,2026-01-09,739,https://api.sci.gov.in/supremecourt/2024/37216/37216_2024_3_1501_67319_Judgement_09-Jan-2026.pdf,2026 INSC 42(English),https://api.sci.gov.in/supremecourt/2024/37216/37216_2024_3_1501_67319_Judgement_09-Jan-2026.pdf,
HON'BLE MR. JUSTICE ATUL S. CHANDURKAR,SUPREME_COURT,2023,C.A. No.-001725-001731 - 2023,THE STATE OF HARYANAVSKRISHAN KUMAR,National,Principal,,,COMPLETED,39988/2022,SAMAR VIJAY SINGH- 2093 __,HON'BLE MR. JUSTICE J.K. MAHESHWARI,2026-01-13,1473,https://api.sci.gov.in/supremecourt/2022/39988/39988_2022_3_1501_67433_Judgement_13-Jan-2026.pdf,2026 INSC 63(English),https://api.sci.gov.in/supremecourt/2022/39988/39988_2022_3_1501_67433_Judgement_13-Jan-2026.pdf,
HON'BLE MR. JUSTICE ATUL S. CHANDURKAR,SUPREME_COURT,2026,Crl.A. No.-000116-000116 - 2026,ROSHINI DEVIVSTHE STATE OF TELANGANA,National,Principal,,,COMPLETED,64604/2025,DEVI VENKATA SRIKAR PAGADALA- 4142 __ DEVINA SEHGAL- 2691,HON'BLE MR. JUSTICE J.K. MAHESHWARI,2026-01-08,372,https://api.sci.gov.in/supremecourt/2025/64604/64604_2025_3_45_67234_Judgement_08-Jan-2026.pdf,2026 INSC 41(English),https://api.sci.gov.in/supremecourt/2025/64604/64604_2025_3_45_67234_Judgement_08-Jan-2026.pdf,
HON'BLE MR. JUSTICE ATUL S. CHANDURKAR,SUPREME_COURT,2025,Crl.A. No.-003105-003105 - 2025,GHANSHYAM MANDALVSTHE STATE OF BIHAR (NOW JHARKHAND),National,Principal,,,COMPLETED,23975/2019,ABHAY KUMAR- 1572 __,HON'BLE MR. JUSTICE ATUL S. CHANDURKAR,2026-02-25,2612,https://api.sci.gov.in/supremecourt/2019/23975/23975_2019_3_1501_69021_Judgement_25-Feb-2026.pdf,2026 INSC 194(English),https://api.sci.gov.in/supremecourt/2019/23975/23975_2019_3_1501_69021_Judgement_25-Feb-2026.pdf,
HON'BLE MR. JUSTICE ATUL S. CHANDURKAR,SUPREME_COURT,2026,C.A. No.-000797-000797 - 2026,PRIYANKA KUMARIVSTHE STATE OF BIHAR,National,Principal,,,COMPLETED,30148/2022,RIZWAN AHMAD- 3316 __,HON'BLE MR. JUSTICE RAJESH BINDAL,2026-02-18,1509,https://api.sci.gov.in/supremecourt/2022/30148/30148_2022_14_1501_68768_Judgement_18-Feb-2026.pdf,2026 INSC 167(English),https://api.sci.gov.in/supremecourt/2022/30148/30148_2022_14_1501_68768_Judgement_18-Feb-2026.pdf,
HON'BLE MR. JUSTICE ATUL S. CHANDURKAR,SUPREME_COURT,2022,C.A. No.-000629-000629 - 2022,JARNAIL SINGH VSLACHHMI NARAIN GUPTA .,National,Principal,,,COMPLETED,34614/2011,CHANDRA BHUSHAN PRASAD- 1864 __ N. ANNAPOORANI- 1142,,2022-01-28,4045,https://api.sci.gov.in/supremecourt_vernacular/2011/34614/34614_2011_35_1501_32956_Judgement_28-Jan-2022_PUN.pdf,2022 INSC 105(ਪੰਜਾਬੀ),https://api.sci.gov.in//pdfdate/index1.php?dt=2022-01-28&dno=346142011&filename=supremecourt_vernacular/2011/34614/34614_2011_35_1501_32956_Judgement_28-Jan-2022_PUN.pdf,
HON'BLE MR. JUSTICE ATUL S. CHANDURKAR,SUPREME_COURT,2026,C.A. No.-001702-001702 - 2026,AHSANVSSHAMBHU LAL VAISHNAV,National,Principal,,,COMPLETED,35711/2025,ARJUN GARG- 1807 __,HON'BLE MR. JUSTICE ATUL S. CHANDURKAR,2026-02-17,412,https://api.sci.gov.in/supremecourt/2025/35711/35711_2025_13_44_68786_Judgement_17-Feb-2026.pdf,2026 INSC 354(English),https://api.sci.gov.in/supremecourt/2025/35711/35711_2025_13_44_68786_Judgement_17-Feb-2026.pdf,
HON'BLE MR. JUSTICE ATUL S. CHANDURKAR,SUPREME_COURT,2026,C.A. No.-001610-001610 - 2026,PAWAN KUMARVSUNION OF INDIA,National,Principal,,,COMPLETED,41650/2019,PRASHANT SHUKLA LAW CHAMBERS- 3645 __,HON'BLE MR. JUSTICE ATUL S. CHANDURKAR,2026-02-13,2600,https://api.sci.gov.in/supremecourt/2019/41650/41650_2019_3_1501_68371_Judgement_13-Feb-2026.pdf,2026 INSC 156(English),https://api.sci.gov.in/supremecourt/2019/41650/41650_2019_3_1501_68371_Judgement_13-Feb-2026.pdf,
HON'BLE MR. JUSTICE ATUL S. CHANDURKAR,SUPREME_COURT,2024,C.A. No.-013860-013860 - 2024,MANOHAR LALVSCOMMISSIONER OF POLICE,National,Principal,,,COMPLETED,28177/2023,SANDEEP CHOUDHARY- 3131 __,HON'BLE MR. JUSTICE J.K. MAHESHWARI,2026-03-12,1166,https://api.sci.gov.in/supremecourt/2023/28177/28177_2023_3_1501_69234_Judgement_12-Mar-2026.pdf,2026 INSC 234(English),https://api.sci.gov.in/supremecourt/2023/28177/28177_2023_3_1501_69234_Judgement_12-Mar-2026.pdf,
HON'BLE MR. JUSTICE ATUL S. CHANDURKAR,SUPREME_COURT,2026,C.A. No.-003277-003278 - 2026,MUNICIPAL CORPORATION OF GREATER MUMBAIVSM/S R.V. ANDERSON ASSOCIATES LIMITED,National,Principal,,,COMPLETED,46184/2025,ASHA GOPALAN NAIR- 1197 __,HON'BLE MR. JUSTICE J.K. MAHESHWARI,2026-03-11,434,https://api.sci.gov.in/supremecourt/2025/46184/46184_2025_3_1501_69233_Judgement_11-Mar-2026.pdf,2026 INSC 228(English),https://api.sci.gov.in/supremecourt/2025/46184/46184_2025_3_1501_69233_Judgement_11-Mar-2026.pdf,
HON'BLE MR. JUSTICE ATUL S. CHANDURKAR,SUPREME_COURT,2026,C.A. No.-006677-006677 - 2026,VINAY RAGHUNATH DESHMUKHVSNATWARLAL SHAMJI GADA,National,Principal,,,COMPLETED,9439/2025,SHASHIBHUSHAN P. ADGAONKAR- 2012 __,HON'BLE MR. JUSTICE J.K. MAHESHWARI,2026-04-24,478,https://api.sci.gov.in/supremecourt/2025/9439/9439_2025_3_1501_70488_Judgement_24-Apr-2026.pdf,2026 INSC 416(English),https://api.sci.gov.in/supremecourt/2025/9439/9439_2025_3_1501_70488_Judgement_24-Apr-2026.pdf,
HON'BLE MR. JUSTICE ATUL S. CHANDURKAR,SUPREME_COURT,2023,C.A. No.-005942-005942 - 2023,HIMAKSHIVSRAHUL VERMA,National,Principal,,,COMPLETED,11443/2021,NATASHA DALMIA- 2873 __,HON'BLE MR. JUSTICE J.K. MAHESHWARI,2026-04-20,1935,https://api.sci.gov.in/supremecourt/2021/11443/11443_2021_3_1501_70287_Judgement_20-Apr-2026.pdf,2026 INSC 391(English),https://api.sci.gov.in/supremecourt/2021/11443/11443_2021_3_1501_70287_Judgement_20-Apr-2026.pdf,
HON'BLE MR. JUSTICE ATUL S. CHANDURKAR,SUPREME_COURT,2020,C.A. No.-000375-000375 - 2020,UCO BANKVSSK SHRIVASTAVA,National,Principal,,,COMPLETED,13524/2019,__ RESPONDENT-IN-PERSON,HON'BLE MR. JUSTICE J.K. MAHESHWARI,2026-04-07,2653,https://api.sci.gov.in/supremecourt/2019/13524/13524_2019_3_1501_69826_Judgement_07-Apr-2026.pdf,2026 INSC 328(English),https://api.sci.gov.in/supremecourt/2019/13524/13524_2019_3_1501_69826_Judgement_07-Apr-2026.pdf,
HON'BLE MR. JUSTICE ATUL S. CHANDURKAR,SUPREME_COURT,2026,C.A. No.-004480-004480 - 2026,MARIA MARTINSVSNOEL ZUZARTE,National,Principal,,,COMPLETED,18167/2025,SURBHI KAPOOR- 3277 __,HON'BLE MR. JUSTICE ATUL S. CHANDURKAR,2026-04-16,470,https://api.sci.gov.in/supremecourt/2025/18167/18167_2025_3_1501_70128_Judgement_16-Apr-2026.pdf,2026 INSC 376(English),https://api.sci.gov.in/supremecourt/2025/18167/18167_2025_3_1501_70128_Judgement_16-Apr-2026.pdf,
HON'BLE MR. JUSTICE ATUL S. CHANDURKAR,SUPREME_COURT,2026,Crl.A. No.-001783-001783 - 2026,RENUKAVSTHE STATE OF MAHARASHTRA,National,Principal,,,COMPLETED,19283/2023,RANJEETA ROHATGI- 1723 __,HON'BLE MR. JUSTICE J.K. MAHESHWARI,2026-04-07,1192,https://api.sci.gov.in/supremecourt/2023/19283/19283_2023_3_1502_69826_Judgement_07-Apr-2026.pdf,2026 INSC 327(English),https://api.sci.gov.in/supremecourt/2023/19283/19283_2023_3_1502_69826_Judgement_07-Apr-2026.pdf,
HON'BLE MR. JUSTICE ATUL S. CHANDURKAR,SUPREME_COURT,2026,Crl.A. No.-001893-001893 - 2026,MILIND S/O ASHRUBA DHANVEVSTHE STATE OF MAHARASHTRA,National,Principal,,,COMPLETED,21041/2024,AMOL B. KARANDE- 2114 __,HON'BLE MR. JUSTICE J.K. MAHESHWARI,2026-04-10,830,https://api.sci.gov.in/supremecourt/2024/21041/21041_2024_3_1501_69987_Judgement_10-Apr-2026.pdf,2026 INSC 355(English),https://api.sci.gov.in/supremecourt/2024/21041/21041_2024_3_1501_69987_Judgement_10-Apr-2026.pdf,
HON'BLE MR. JUSTICE ATUL S. CHANDURKAR,SUPREME_COURT,2026,C.A. No.-006827-006827 - 2026,UNION TERRITORY OF JAMMU AND KASHMIRVSSABA WANI,National,Principal,,,COMPLETED,21277/2023,PASHUPATHI NATH RAZDAN- 2054 __,HON'BLE MR. JUSTICE J.K. MAHESHWARI,2026-04-30,1215,https://api.sci.gov.in/supremecourt/2023/21277/21277_2023_3_1501_70689_Judgement_30-Apr-2026.pdf,2026 INSC 439(English),https://api.sci.gov.in/supremecourt/2023/21277/21277_2023_3_1501_70689_Judgement_30-Apr-2026.pdf,
HON'BLE MR. JUSTICE ATUL S. CHANDURKAR,SUPREME_COURT,2026,C.A. No.-004308-004309 - 2026,THE STATE OF UTTARAKHANDVSSARITA SINGH,National,Principal,,,COMPLETED,21937/2021,SUDARSHAN SINGH RAWAT- 1661 __,HON'BLE MR. JUSTICE J.K. MAHESHWARI,2026-04-09,1924,https://api.sci.gov.in/supremecourt/2021/21937/21937_2021_3_1502_69876_Judgement_09-Apr-2026.pdf,2026 INSC 337(English),https://api.sci.gov.in/supremecourt/2021/21937/21937_2021_3_1502_69876_Judgement_09-Apr-2026.pdf,
HON'BLE MR. JUSTICE ATUL S. CHANDURKAR,SUPREME_COURT,2026,Crl.A. No.-002294-002294 - 2026,PAWAN KHERAVSSTATE OF ASSAM,National,Principal,,,COMPLETED,25523/2026,PRIYANSHA SHARMA- 3751 __,HON'BLE MR. JUSTICE J.K. MAHESHWARI,2026-04-30,119,https://api.sci.gov.in/supremecourt/2026/25523/25523_2026_3_62_70689_Judgement_30-Apr-2026.pdf,2026 INSC 437(English),https://api.sci.gov.in/supremecourt/2026/25523/25523_2026_3_62_70689_Judgement_30-Apr-2026.pdf,
HON'BLE MR. JUSTICE ATUL S. CHANDURKAR,SUPREME_COURT,2026,Crl.A. No.-002217-002217 - 2026,SURENDRA @ SUNDAVSTHE STATE OF UTTAR PRADESH,National,Principal,,,COMPLETED,28783/2023,SANJAI KUMAR PATHAK- 1548 __,HON'BLE MR. JUSTICE J.K. MAHESHWARI,2026-04-13,1198,https://api.sci.gov.in/supremecourt/2023/28783/28783_2023_3_43_70046_Judgement_13-Apr-2026.pdf,2026 INSC 414(English),https://api.sci.gov.in/supremecourt/2023/28783/28783_2023_3_43_70046_Judgement_13-Apr-2026.pdf,
HON'BLE MR. JUSTICE ATUL S. CHANDURKAR,SUPREME_COURT,2024,C.A. No.-001996-001996 - 2024,MADAN SINGHVSTHE STATE OF HARYANA,National,Principal,,,COMPLETED,32194/2018,HARESH RAICHURA- 1082 __,HON'BLE MR. JUSTICE ATUL S. CHANDURKAR,2026-04-16,3027,https://api.sci.gov.in/supremecourt/2018/32194/32194_2018_6_1501_70359_Judgement_16-Apr-2026.pdf,2026 INSC 379(English),https://api.sci.gov.in/supremecourt/2018/32194/32194_2018_6_1501_70359_Judgement_16-Apr-2026.pdf,
HON'BLE MR. JUSTICE ATUL S. CHANDURKAR,SUPREME_COURT,2026,C.A. No.-006812-006812 - 2026,RELIANCE EMINENT TRADING AND COMMERICAL PVT LTDVSDELHI DEVELOPMENT AUTHORITY,National,Principal,,,COMPLETED,43295/2025,K. R. SASIPRABHU- 895 __,HON'BLE MR. JUSTICE J.K. MAHESHWARI,2026-04-29,483,https://api.sci.gov.in/supremecourt/2025/43295/43295_2025_3_1501_70604_Judgement_29-Apr-2026.pdf,2026 INSC 436(English),https://api.sci.gov.in/supremecourt/2025/43295/43295_2025_3_1501_70604_Judgement_29-Apr-2026.pdf,
HON'BLE MR. JUSTICE ATUL S. CHANDURKAR,SUPREME_COURT,2026,Crl.A. No.-001966-001966 - 2026,BALAJI JAISWALVSSTATE OF CHHATTISGARH,National,Principal,,,COMPLETED,46178/2025,AMRITA SARKAR- 3148 __,HON'BLE MR. JUSTICE ATUL S. CHANDURKAR,2026-04-16,470,https://api.sci.gov.in/supremecourt/2025/46178/46178_2025_3_1502_70128_Judgement_16-Apr-2026.pdf,2026 INSC 375(English),https://api.sci.gov.in/supremecourt/2025/46178/46178_2025_3_1502_70128_Judgement_16-Apr-2026.pdf,
HON'BLE MR. JUSTICE ATUL S. CHANDURKAR,SUPREME_COURT,2026,Crl.A. No.-002010-002010 - 2026,JUVENILE DELINQUENTVSSTATE OF U.P,National,Principal,,,COMPLETED,53088/2025,S. C. BIRLA- 686 __,HON'BLE MR. JUSTICE J.K. MAHESHWARI,2026-04-06,460,https://api.sci.gov.in/supremecourt/2025/53088/53088_2025_3_1_69769_Judgement_06-Apr-2026.pdf,2026 INSC 387(English),https://api.sci.gov.in/supremecourt/2025/53088/53088_2025_3_1_69769_Judgement_06-Apr-2026.pdf,
HON'BLE MR. JUSTICE ATUL S. CHANDURKAR,SUPREME_COURT,2025,SMW(C) No.-000009-000009 - 2025,IN RE: PHALODI ACCIDENTVSNATIONAL HIGHWAYS AUTHORITY OF INDIA,National,Principal,,,COMPLETED,63765/2025,BY COURTS MOTION __,HON'BLE MR. JUSTICE J.K. MAHESHWARI,2026-04-13,467,https://api.sci.gov.in/supremecourt/2025/63765/63765_2025_3_42_70046_Judgement_13-Apr-2026.pdf,2026 INSC 388(English),https://api.sci.gov.in/supremecourt/2025/63765/63765_2025_3_42_70046_Judgement_13-Apr-2026.pdf,
HON'BLE MR. JUSTICE ATUL S. CHANDURKAR,SUPREME_COURT,2026,C.A. No.-004307-004307 - 2026,MAHARASHTRA STATE ELECTRICITY DISTRIBUTION COMPANY LTD (MSEDCL)VSR Z MALPANI,National,Principal,,,COMPLETED,70109/2025,SAMIR MALIK- 2534 __,HON'BLE MR. JUSTICE J.K. MAHESHWARI,2026-04-09,463,https://api.sci.gov.in/supremecourt/2025/70109/70109_2025_3_1501_69876_Judgement_09-Apr-2026.pdf,2026 INSC 342(English),https://api.sci.gov.in/supremecourt/2025/70109/70109_2025_3_1501_69876_Judgement_09-Apr-2026.pdf,
HON'BLE MR. JUSTICE ATUL S. CHANDURKAR,SUPREME_COURT,2018,C.A. No.-010877-010877 - 2018,MADHYA PRADESH ROAD DEVELOPMENT CORPORATION LTD. MANAGING DIRECTORVSM/S JABALPUR CORRIDOR PVT. LTD. MANAGING DIRECTOR,National,Principal,,,COMPLETED,1389/2017,MISHRA SAURABH __,HON'BLE MR. JUSTICE J.K. MAHESHWARI,2026-05-29,3435,https://api.sci.gov.in/supremecourt/2017/1389/1389_2017_3_1502_71678_Judgement_29-May-2026.pdf,2026 INSC 590(English),https://api.sci.gov.in/supremecourt/2017/1389/1389_2017_3_1502_71678_Judgement_29-May-2026.pdf,
HON'BLE MR. JUSTICE ATUL S. CHANDURKAR,SUPREME_COURT,2026,Crl.A. No.-002466-002466 - 2026,SHRIKANT OJHAVSSTATE OF UP,National,Principal,,,COMPLETED,9250/2026,NITIN SALUJA- 2868 __,HON'BLE MR. JUSTICE J.K. MAHESHWARI,2026-05-12,131,https://api.sci.gov.in/supremecourt/2026/9250/9250_2026_3_1501_71046_Judgement_12-May-2026.pdf,2026 INSC 482(English),https://api.sci.gov.in/supremecourt/2026/9250/9250_2026_3_1501_71046_Judgement_12-May-2026.pdf,
HON'BLE MR. JUSTICE ATUL S. CHANDURKAR,SUPREME_COURT,2026,Crl.A. No.-002622-002622 - 2026,MAHADEVANNA D.M.VSSTATE OF KARNATAKA,National,Principal,,,COMPLETED,10450/2022,HARISHA S.R.- 2761 __,HON'BLE MR. JUSTICE J.K. MAHESHWARI,2026-05-18,1598,https://api.sci.gov.in/supremecourt/2022/10450/10450_2022_3_1501_71252_Judgement_18-May-2026.pdf,2026 INSC 504(English),https://api.sci.gov.in/supremecourt/2022/10450/10450_2022_3_1501_71252_Judgement_18-May-2026.pdf,
HON'BLE MR. JUSTICE ATUL S. CHANDURKAR,SUPREME_COURT,2011,C.A. No.-002536-002536 - 2011,DR. INDIRA SARANATHVSUNION OF INDIA,National,Principal,,,COMPLETED,11704/2009,PRATEEK K CHADHA- 2651 __ AMRISH KUMAR- 2986,HON'BLE MR. JUSTICE ATUL S. CHANDURKAR,2026-05-26,6354,https://api.sci.gov.in/supremecourt/2009/11704/11704_2009_3_1502_71558_Judgement_26-May-2026.pdf,2026 INSC 553(English),https://api.sci.gov.in/supremecourt/2009/11704/11704_2009_3_1502_71558_Judgement_26-May-2026.pdf,
HON'BLE MR. JUSTICE ATUL S. CHANDURKAR,SUPREME_COURT,2026,MA-001276 - 2026,FAKIR MAMAD SULEMAN SAMEJAVSADANI PROTS AND SPECIAL ECONOMIC ZONE LTD,National,Principal,,,COMPLETED,13088/2026,ABHIMANUE SHRESTHA- 2304 __,HON'BLE MR. JUSTICE J.K. MAHESHWARI,2026-05-12,131,https://api.sci.gov.in/supremecourt/2026/13088/13088_2026_3_1502_71046_Judgement_12-May-2026.pdf,2026 INSC 483(English),https://api.sci.gov.in/supremecourt/2026/13088/13088_2026_3_1502_71046_Judgement_12-May-2026.pdf,
HON'BLE MR. JUSTICE ATUL S. CHANDURKAR,SUPREME_COURT,2021,C.A. No.-002881 - 2021,NEETU SOLVENTSVSVINEET NAGAR,National,Principal,,,COMPLETED,16264/2021,TARUN GUPTA- 1917 __,HON'BLE MR. JUSTICE J.K. MAHESHWARI,2026-05-06,1951,https://api.sci.gov.in/supremecourt/2021/16264/16264_2021_3_1502_70801_Judgement_06-May-2026.pdf,2026 INSC 455(English),https://api.sci.gov.in/supremecourt/2021/16264/16264_2021_3_1502_70801_Judgement_06-May-2026.pdf,
HON'BLE MR. JUSTICE ATUL S. CHANDURKAR,SUPREME_COURT,2016,C.A. No.-003910-003910 - 2016,STATE OF UTTAR PRADESH THROUGH PRINCIPAL SECRETARY (INSTITUTIONAL FINANCE)VSRELIANCE INDUSTRIES LTD.,National,Principal,,,COMPLETED,16616/2013,BHAKTI VARDHAN SINGH- 2454 __,HON'BLE MR. JUSTICE J.K. MAHESHWARI,2026-05-15,4882,https://api.sci.gov.in/supremecourt/2013/16616/16616_2013_3_1501_71174_Judgement_15-May-2026.pdf,2026 INSC 491(English),https://api.sci.gov.in/supremecourt/2013/16616/16616_2013_3_1501_71174_Judgement_15-May-2026.pdf,
HON'BLE MR. JUSTICE ATUL S. CHANDURKAR,SUPREME_COURT,2026,Crl.A. No.-002382-002383 - 2026,JAYESH KANNAVSTHE ASSISTANT COMMISSIONER LAW AND ORDER (WEST),National,Principal,,,COMPLETED,19684/2023,A. LAKSHMINARAYANAN- 2310 __,HON'BLE MR. JUSTICE J.K. MAHESHWARI,2026-05-07,1222,https://api.sci.gov.in/supremecourt/2023/19684/19684_2023_3_25_70896_Judgement_07-May-2026.pdf,2026 INSC 615(English),https://api.sci.gov.in/supremecourt/2023/19684/19684_2023_3_25_70896_Judgement_07-May-2026.pdf,
HON'BLE MR. JUSTICE ATUL S. CHANDURKAR,SUPREME_COURT,2026,C.A. No.-008264-008264 - 2026,ASHOKVSPADAM CHAND,National,Principal,,,COMPLETED,21964/2025,PRASHANT SHUKLA LAW CHAMBERS- 3645 __,HON'BLE MR. JUSTICE J.K. MAHESHWARI,2026-05-29,513,https://api.sci.gov.in/supremecourt/2025/21964/21964_2025_3_1503_71678_Judgement_29-May-2026.pdf,2026 INSC 591(English),https://api.sci.gov.in/supremecourt/2025/21964/21964_2025_3_1503_71678_Judgement_29-May-2026.pdf,
HON'BLE MR. JUSTICE ATUL S. CHANDURKAR,SUPREME_COURT,2020,Crl.A. No.-000669 - 2020,"YATIN NARENDRA OZAVSSUO MOTU, HIGH COURT OF GUJARAT",National,Principal,,,COMPLETED,22060/2020,PURVISH JITENDRA MALKAN __,HON'BLE MR. JUSTICE J.K. MAHESHWARI,2026-05-11,2322,https://api.sci.gov.in/supremecourt/2020/22060/22060_2020_3_1501_70987_Judgement_11-May-2026.pdf,2026 INSC 470(English),https://api.sci.gov.in/supremecourt/2020/22060/22060_2020_3_1501_70987_Judgement_11-May-2026.pdf,
HON'BLE MR. JUSTICE ATUL S. CHANDURKAR,SUPREME_COURT,2026,C.A. No.-008036-008036 - 2026,BRIHANMUMBAI MUNICIPAL CORPORATIONVSVIJAY NAGAR APARTMENTS,National,Principal,,,COMPLETED,22437/2024,TAS LAW- 3363 __,HON'BLE MR. JUSTICE J.K. MAHESHWARI,2026-05-20,870,https://api.sci.gov.in/supremecourt/2024/22437/22437_2024_3_1501_71302_Judgement_20-May-2026.pdf,2026 INSC 517(English),https://api.sci.gov.in/supremecourt/2024/22437/22437_2024_3_1501_71302_Judgement_20-May-2026.pdf,
HON'BLE MR. JUSTICE ATUL S. CHANDURKAR,SUPREME_COURT,2026,C.A. No.-007055-007055 - 2026,HANSRAJVSMUKESH NATH,National,Principal,,,COMPLETED,24731/2024,ADITYA SINGH- 2073 __,HON'BLE MR. JUSTICE ATUL S. CHANDURKAR,2026-05-06,856,https://api.sci.gov.in/supremecourt/2024/24731/24731_2024_3_1501_70801_Judgement_06-May-2026.pdf,2026 INSC 454(English),https://api.sci.gov.in/supremecourt/2024/24731/24731_2024_3_1501_70801_Judgement_06-May-2026.pdf,
HON'BLE MR. JUSTICE ATUL S. CHANDURKAR,SUPREME_COURT,2026,C.A. No.-007996-007996 - 2026,MANOJ KUMAR RAWATVSSTATE OF UP,National,Principal,,,COMPLETED,29057/2025,MANISH VASHISHTHA- 2051 __,HON'BLE MR. JUSTICE J.K. MAHESHWARI,2026-05-19,503,https://api.sci.gov.in/supremecourt/2025/29057/29057_2025_3_1501_71277_Judgement_19-May-2026.pdf,2026 INSC 508(English),https://api.sci.gov.in/supremecourt/2025/29057/29057_2025_3_1501_71277_Judgement_19-May-2026.pdf,
HON'BLE MR. JUSTICE ATUL S. CHANDURKAR,SUPREME_COURT,2026,C.A. No.-006893-006894 - 2026,KUMUD LALLVSSURESH CHANDRA ROY (DEAD) THR LRS,National,Principal,,,COMPLETED,38299/2018,NIRANJANA SINGH __,HON'BLE MR. JUSTICE J.K. MAHESHWARI,2026-05-04,3045,https://api.sci.gov.in/supremecourt/2018/38299/38299_2018_3_1501_70747_Judgement_04-May-2026.pdf,2026 INSC 443(English),https://api.sci.gov.in/supremecourt/2018/38299/38299_2018_3_1501_70747_Judgement_04-May-2026.pdf,
HON'BLE MR. JUSTICE ATUL S. CHANDURKAR,SUPREME_COURT,2017,C.A. No.-004814-004814 - 2017,"GENERAL MANAGER, BANK OF BARODAVSASHOK KUMAR SINGH .",National,Principal,,,COMPLETED,41167/2015,RAJESH KUMAR GAUTAM- 2540 __,HON'BLE MR. JUSTICE J.K. MAHESHWARI,2026-05-29,4166,https://api.sci.gov.in/supremecourt/2015/41167/41167_2015_3_1501_71678_Judgement_29-May-2026.pdf,2026 INSC 589(English),https://api.sci.gov.in/supremecourt/2015/41167/41167_2015_3_1501_71678_Judgement_29-May-2026.pdf,
HON'BLE MR. JUSTICE ATUL S. CHANDURKAR,SUPREME_COURT,2026,C.A. No.-008463-008465 - 2026,REENA KUMARIVSPRAVEER KUMAR,National,Principal,,,COMPLETED,44255/2018,MRIGANK PRABHAKAR- 2507 __,HON'BLE MR. JUSTICE J.K. MAHESHWARI,2026-05-27,3068,https://api.sci.gov.in/supremecourt/2018/44255/44255_2018_3_52_71619_Judgement_27-May-2026.pdf,2026 INSC 642(English),https://api.sci.gov.in/supremecourt/2018/44255/44255_2018_3_52_71619_Judgement_27-May-2026.pdf,
HON'BLE MR. JUSTICE ATUL S. CHANDURKAR,SUPREME_COURT,2026,C.A. No.-008218-008218 - 2026,M/S TARINI PRASAD MOHANTYVSM/S SUNFLAG IRON AND STEEL COMPANY LTD.,National,Principal,,,COMPLETED,50059/2025,DIVYAKANT LAHOTI- 2188 __,HON'BLE MR. JUSTICE J.K. MAHESHWARI,2026-05-27,511,https://api.sci.gov.in/supremecourt/2025/50059/50059_2025_3_1501_71619_Judgement_27-May-2026.pdf,2026 INSC 566(English),https://api.sci.gov.in/supremecourt/2025/50059/50059_2025_3_1501_71619_Judgement_27-May-2026.pdf,
HON'BLE MR. JUSTICE ATUL S. CHANDURKAR,SUPREME_COURT,2026,C.A. No.-008268-008268 - 2026,ARJUN DASSVSTHE STATE OF ANDHRA PRADESH,National,Principal,,,COMPLETED,59422/2025,CHRISTI JAIN- 2313 __,HON'BLE MR. JUSTICE J.K. MAHESHWARI,2026-05-29,513,https://api.sci.gov.in/supremecourt/2025/59422/59422_2025_3_1504_71678_Judgement_29-May-2026.pdf,2026 INSC 592(English),https://api.sci.gov.in/supremecourt/2025/59422/59422_2025_3_1504_71678_Judgement_29-May-2026.pdf,
HON'BLE MR. JUSTICE ATUL S. CHANDURKAR,SUPREME_COURT,2026,SLP(C) No.-005432 - 2026,M/S SHIVARE ROADLINES PVT LTDVSMADHYA PRADESH ELECTRICITY BOARD,National,Principal,,,COMPLETED,71088/2025,ANIL KUMAR- 1649 __,HON'BLE MR. JUSTICE ATUL S. CHANDURKAR,2026-05-26,510,https://api.sci.gov.in/supremecourt/2025/71088/71088_2025_3_1501_71558_Judgement_26-May-2026.pdf,2026 INSC 556(English),https://api.sci.gov.in/supremecourt/2025/71088/71088_2025_3_1501_71558_Judgement_26-May-2026.pdf,
HON'BLE MR. JUSTICE ATUL S. CHANDURKAR,SUPREME_COURT,2024,Crl.A. No.-003743-003743 - 2024,SPECIAL POLICE ESTABLISHMENTVSKAMTA PRASAD MISHRA,National,Principal,,,COMPLETED,9255/2022,__,HON'BLE MR. JUSTICE ATUL S. CHANDURKAR,2026-06-15,1626,https://api.sci.gov.in/supremecourt/2022/9255/9255_2022_3_1502_71783_Judgement_15-Jun-2026.pdf,2026 INSC 644(English),https://api.sci.gov.in/supremecourt/2022/9255/9255_2022_3_1502_71783_Judgement_15-Jun-2026.pdf,
HON'BLE MR. JUSTICE ATUL S. CHANDURKAR,SUPREME_COURT,2026,C.A. No.-008626-008626 - 2026,S. SENTHIL KUMARAN BOSEVSTHE STATE OF TAMIL NADU,National,Principal,,,COMPLETED,13171/2024,M.P. PARTHIBAN- 2667 __,HON'BLE MR. JUSTICE ATUL S. CHANDURKAR,2026-06-15,896,https://api.sci.gov.in/supremecourt/2024/13171/13171_2024_3_1501_71783_Judgement_15-Jun-2026.pdf,2026 INSC 645(English),https://api.sci.gov.in/supremecourt/2024/13171/13171_2024_3_1501_71783_Judgement_15-Jun-2026.pdf,
HON'BLE MR. JUSTICE ATUL S. CHANDURKAR,SUPREME_COURT,2017,C.A. No.-019552-019553 - 2017,RAJAT KUMAR AND ORS ETC ETCVSS D ADARASH JAIN KANYA MAHA VIDYALAYA SADHAURA AND ANR ETC ETC,National,Principal,,,COMPLETED,13748/2017,SANGEETA KUMAR- 725 __,HON'BLE MR. JUSTICE ATUL S. CHANDURKAR,2026-06-19,3456,https://api.sci.gov.in/supremecourt/2017/13748/13748_2017_3_1502_71787_Judgement_19-Jun-2026.pdf,2026 INSC 648(English),https://api.sci.gov.in/supremecourt/2017/13748/13748_2017_3_1502_71787_Judgement_19-Jun-2026.pdf,
HON'BLE MR. JUSTICE ATUL S. CHANDURKAR,SUPREME_COURT,2026,W.P.(C) No.-000766-000766 - 2026,MEENAKSHI NATARAJANVSELECTION COMMISSION OF INDIA,National,Principal,,,COMPLETED,36330/2026,PRIYANSHA SHARMA- 3751 __,HON'BLE MR. JUSTICE PRASHANT KUMAR MISHRA,2026-06-12,162,https://api.sci.gov.in/supremecourt/2026/36330/36330_2026_6_53_71738_Judgement_12-Jun-2026.pdf,2026 INSC 643(English),https://api.sci.gov.in/supremecourt/2026/36330/36330_2026_6_53_71738_Judgement_12-Jun-2026.pdf,
HON'BLE MR. JUSTICE ATUL S. CHANDURKAR,SUPREME_COURT,2025,C.A. No.-004665-004666 - 2025,MANIYAR ILIYAZ @ SHAIK RIYAZVSP. AYYAPPAN,National,Principal,,,COMPLETED,42514/2024,SUPREETA SHARANAGOUDA- 2263 __,HON'BLE MR. JUSTICE PAMIDIGHANTAM SRI NARASIMHA,2026-06-19,900,https://api.sci.gov.in/supremecourt/2024/42514/42514_2024_3_1501_71888_Judgement_19-Jun-2026.pdf,2026 INSC 647(English),https://api.sci.gov.in/supremecourt/2024/42514/42514_2024_3_1501_71888_Judgement_19-Jun-2026.pdf,
HON'BLE MR. JUSTICE ATUL S. CHANDURKAR,SUPREME_COURT,2026,C.A. No.-009050-009050 - 2026,NAKHAT SINGHVSUNION OF INDIA,National,Principal,,,COMPLETED,6576/2024,DEEPAK GOEL- 1780 __,HON'BLE MR. JUSTICE UJJAL BHUYAN,2026-07-29,940,https://api.sci.gov.in/supremecourt/2024/6576/6576_2024_15_1501_72652_Judgement_29-Jul-2026.pdf,2026 INSC 758(English),https://api.sci.gov.in/supremecourt/2024/6576/6576_2024_15_1501_72652_Judgement_29-Jul-2026.pdf,
HON'BLE MR. JUSTICE ATUL S. CHANDURKAR,SUPREME_COURT,2026,Crl.A. No.-003374-003374 - 2026,SATYA NARAYAN MEHERVSSTATE OF ODISHA,National,Principal,,,COMPLETED,21206/2026,RENUKA SAHU- 3066 __,HON'BLE MR. JUSTICE UJJAL BHUYAN,2026-07-28,208,https://api.sci.gov.in/supremecourt/2026/21206/21206_2026_15_1501_72651_Judgement_28-Jul-2026.pdf,2026 INSC 1013(English),https://api.sci.gov.in/supremecourt/2026/21206/21206_2026_15_1501_72651_Judgement_28-Jul-2026.pdf,
HON'BLE MR. JUSTICE ATUL S. CHANDURKAR,SUPREME_COURT,2026,C.A. No.-009049-009049 - 2026,RASILABENVSDINESH DEUMAL HARANI,National,Principal,,,COMPLETED,32864/2024,NACHIKETA JOSHI __,HON'BLE MR. JUSTICE UJJAL BHUYAN,2026-07-21,932,https://api.sci.gov.in/supremecourt/2024/32864/32864_2024_14_1502_72339_Judgement_21-Jul-2026.pdf,2026 INSC 1016(English),https://api.sci.gov.in/supremecourt/2024/32864/32864_2024_14_1502_72339_Judgement_21-Jul-2026.pdf,
HON'BLE MR. JUSTICE ATUL S. CHANDURKAR,SUPREME_COURT,2015,Crl.A. No.-001365-001365 - 2015,PRABHAKAR YESHWANT MASRAMVSSOU TULA NAMDEORAO JAIPURKAR,National,Principal,,,COMPLETED,38386/2012,ANAGHA S. DESAI- 1588 __,HON'BLE MR. JUSTICE UJJAL BHUYAN,2026-07-21,5315,https://api.sci.gov.in/supremecourt/2012/38386/38386_2012_14_1501_72339_Judgement_21-Jul-2026.pdf,2026 INSC 724(English),https://api.sci.gov.in/supremecourt/2012/38386/38386_2012_14_1501_72339_Judgement_21-Jul-2026.pdf,
HON'BLE MR. JUSTICE ATUL S. CHANDURKAR,SUPREME_COURT,2015,Crl.A. No.-001307-001307 - 2015,STATE OF HIMACHAL PRADESHVSMOTI RAM,National,Principal,,,COMPLETED,42200/2014,ABHINAV MUKERJI __,HON'BLE MR. JUSTICE UJJAL BHUYAN,2026-07-24,4587,https://api.sci.gov.in/supremecourt/2014/42200/42200_2014_13_1501_72342_Judgement_24-Jul-2026.pdf,2026 INSC 1012(English),https://api.sci.gov.in/supremecourt/2014/42200/42200_2014_13_1501_72342_Judgement_24-Jul-2026.pdf,
HON'BLE MR. JUSTICE ATUL S. CHANDURKAR,SUPREME_COURT,2026,SLP(C) No.-029517-029517 - 2026,K. SUMAN CHANDRAVSUNION OF INDIA,National,Principal,,,COMPLETED,5679/2024,MANISH KUMAR SARAN- 1528 __,HON'BLE MR. JUSTICE UJJAL BHUYAN,2026-08-20,962,https://api.sci.gov.in/supremecourt/2024/5679/5679_2024_15_1501_73742_Judgement_20-Aug-2026.pdf,2026 INSC 893(English),https://api.sci.gov.in/supremecourt/2024/5679/5679_2024_15_1501_73742_Judgement_20-Aug-2026.pdf,
HON'BLE MR. JUSTICE ATUL S. CHANDURKAR,SUPREME_COURT,2017,Crl.A. No.-002120-002120 - 2017,THE STATE OF ANDHRA PRADESH HOME DEPARTMENTVSPONTHATI SIVA RAMI REDDY,National,Principal,,,COMPLETED,6413/2016,GUNTUR PRAMOD KUMAR- 2788 __,HON'BLE MR. JUSTICE ATUL S. CHANDURKAR,2026-08-10,3874,https://api.sci.gov.in/supremecourt/2016/6413/6413_2016_14_1501_73113_Judgement_10-Aug-2026.pdf,2026 INSC 820(English),https://api.sci.gov.in/supremecourt/2016/6413/6413_2016_14_1501_73113_Judgement_10-Aug-2026.pdf,
HON'BLE MR. JUSTICE ATUL S. CHANDURKAR,SUPREME_COURT,2015,Crl.A. No.-001177-001177 - 2015,RAFIKMIYA AHMEDMIYA MALEKVSSTATE OF GUJARAT,National,Principal,,,COMPLETED,8036/2015,DIVYESH PRATAP SINGH- 2543 __ HEMANTIKA WAHI- 226,HON'BLE MR. JUSTICE UJJAL BHUYAN,2026-08-19,4248,https://api.sci.gov.in/supremecourt/2015/8036/8036_2015_15_1501_73506_Judgement_19-Aug-2026.pdf,2026 INSC 890(English),https://api.sci.gov.in/supremecourt/2015/8036/8036_2015_15_1501_73506_Judgement_19-Aug-2026.pdf,
HON'BLE MR. JUSTICE ATUL S. CHANDURKAR,SUPREME_COURT,2026,C.A. No.-010930-010931 - 2026,HEMANT KUMARVSTHE STATE OF HARYANA AND ORS. ETC.,National,Principal,,,COMPLETED,15281/2023,PREETIKA DWIVEDI- 2078 __,HON'BLE MR. JUSTICE UJJAL BHUYAN,2026-08-18,1325,https://api.sci.gov.in/supremecourt/2023/15281/15281_2023_15_1501_73505_Judgement_18-Aug-2026.pdf,2026 INSC 878(English),https://api.sci.gov.in/supremecourt/2023/15281/15281_2023_15_1501_73505_Judgement_18-Aug-2026.pdf,
HON'BLE MR. JUSTICE ATUL S. CHANDURKAR,SUPREME_COURT,2026,C.A. No.-011944-011945 - 2026,R.J.GAJENDRA KUMARVSTHE GOVERNMENT OF TAMIL NADU,National,Principal,,,COMPLETED,22592/2025,SHYAM GOPAL- 3604 __,HON'BLE MR. JUSTICE UJJAL BHUYAN,2026-08-22,598,https://api.sci.gov.in/supremecourt/2025/22592/22592_2025_11_1501_73701_Judgement_22-Aug-2026.pdf,2026 INSC 911(English),https://api.sci.gov.in/supremecourt/2025/22592/22592_2025_11_1501_73701_Judgement_22-Aug-2026.pdf,
HON'BLE MR. JUSTICE ATUL S. CHANDURKAR,SUPREME_COURT,2026,C.A. No.-007067-007067 - 2026,GAYATREE PATTNAIK FOR SHREEJITA PATTNAIKVSARUNDHATI SAHOO,National,Principal,,,COMPLETED,30363/2023,SHAKTI KANTA PATTANAIK- 2781 __,HON'BLE MR. JUSTICE UJJAL BHUYAN,2026-08-03,1310,https://api.sci.gov.in/supremecourt/2023/30363/30363_2023_15_1501_72864_Judgement_03-Aug-2026.pdf,2026 INSC 785(English),https://api.sci.gov.in/supremecourt/2023/30363/30363_2023_15_1501_72864_Judgement_03-Aug-2026.pdf,
HON'BLE MR. JUSTICE ATUL S. CHANDURKAR,SUPREME_COURT,2016,Crl.A. No.-001052-001052 - 2016,RAM SINGHVSTHE STATE OF HIMACHAL PRADESH,National,Principal,,,COMPLETED,32875/2016,SANJAY JAIN- 1299 __ VARINDER KUMAR SHARMA- 1237,HON'BLE MR. JUSTICE UJJAL BHUYAN,2026-08-11,3875,https://api.sci.gov.in/supremecourt/2016/32875/32875_2016_14_1501_73243_Judgement_11-Aug-2026.pdf,2026 INSC 830(English),https://api.sci.gov.in/supremecourt/2016/32875/32875_2016_14_1501_73243_Judgement_11-Aug-2026.pdf,
HON'BLE MR. JUSTICE ATUL S. CHANDURKAR,SUPREME_COURT,2026,C.A. No.-010045-010045 - 2026,G. SATHYANARAYANA BOTHRAVSM.D. LOKESWARI,National,Principal,,,COMPLETED,35592/2025,BALAJI SRINIVASAN- 1546 __,HON'BLE MR. JUSTICE UJJAL BHUYAN,2026-08-22,598,https://api.sci.gov.in/supremecourt/2025/35592/35592_2025_11_1502_73701_Judgement_22-Aug-2026.pdf,2026 INSC 912(English),https://api.sci.gov.in/supremecourt/2025/35592/35592_2025_11_1502_73701_Judgement_22-Aug-2026.pdf,
HON'BLE MR. JUSTICE ATUL S. CHANDURKAR,SUPREME_COURT,2026,C.A. No.-009923-009924 - 2026,BASSANNA SINCE DECEASED BY LRS.VSBHIMANNA ETC. ETC.,National,Principal,,,COMPLETED,37174/2022,ANIRUDH SANGANERIA- 2385 __,HON'BLE MR. JUSTICE UJJAL BHUYAN,2026-08-12,1684,https://api.sci.gov.in/supremecourt/2022/37174/37174_2022_15_1501_73244_Judgement_12-Aug-2026.pdf,2026 INSC 838(English),https://api.sci.gov.in/supremecourt/2022/37174/37174_2022_15_1501_73244_Judgement_12-Aug-2026.pdf,
HON'BLE MR. JUSTICE ATUL S. CHANDURKAR,SUPREME_COURT,2026,C.A. No.-010693-010694 - 2026,SHRI PRAKASH NARAIN SHARMA DEAD THROUGH LRS.VSM/S. BURMAH SHELL COOPERATIVE HOUSING SOCIETY (REGD) THROUGH MANAGING COMMITTEE MEMBER SH. P. JINDAL,National,Principal,,,COMPLETED,1715/2011,T. V. RATNAM- 751 __,HON'BLE MR. JUSTICE UJJAL BHUYAN,2026-08-31,5721,https://api.sci.gov.in/supremecourt/2011/1715/1715_2011_13_1501_73831_Judgement_31-Aug-2026.pdf,2026 INSC 927(English),https://api.sci.gov.in/supremecourt/2011/1715/1715_2011_13_1501_73831_Judgement_31-Aug-2026.pdf,
HON'BLE MR. JUSTICE ATUL S. CHANDURKAR,SUPREME_COURT,2015,Crl.A. No.-000203-000203 - 2015,PARAMJIT SINGH BEDIVSSTATE OF PUNJAB,National,Principal,,,COMPLETED,2388/2014,DELHI LAW CHAMBERS- 1508 __ KULDIP SINGH- 1389,HON'BLE MR. JUSTICE UJJAL BHUYAN,2026-09-25,4650,https://api.sci.gov.in/supremecourt/2014/2388/2388_2014_13_1501_74675_Judgement_25-Sep-2026.pdf,2026 INSC 1054(English),https://api.sci.gov.in/supremecourt/2014/2388/2388_2014_13_1501_74675_Judgement_25-Sep-2026.pdf,
HON'BLE MR. JUSTICE ATUL S. CHANDURKAR,SUPREME_COURT,2026,C.A. No.-012611-012611 - 2026,SHEO KUMAR SINGHVSM/S SHARDA EDUCATIONAL SOCIETY,National,Principal,,,COMPLETED,11829/2025,MAYANK PANDEY- 2297 __,HON'BLE MR. JUSTICE UJJAL BHUYAN,2026-09-09,616,https://api.sci.gov.in/supremecourt/2025/11829/11829_2025_14_4_74169_Judgement_09-Sep-2026.pdf,2026 INSC 1011(English),https://api.sci.gov.in/supremecourt/2025/11829/11829_2025_14_4_74169_Judgement_09-Sep-2026.pdf,
HON'BLE MR. JUSTICE ATUL S. CHANDURKAR,SUPREME_COURT,2017,C.A. No.-008167 - 2017,V. SUMITRA REDDY VSK. RANGANADHA REDDY .,National,Principal,,,COMPLETED,16737/2012,ANANGA BHATTACHARYYA- 1705 __ K. SHIVRAJ CHOUDHURI- 1307,HON'BLE MR. JUSTICE UJJAL BHUYAN,2026-09-09,5365,https://api.sci.gov.in/supremecourt/2012/16737/16737_2012_14_1501_74031_Judgement_09-Sep-2026.pdf,2026 INSC 979(English),https://api.sci.gov.in/supremecourt/2012/16737/16737_2012_14_1501_74031_Judgement_09-Sep-2026.pdf,
HON'BLE MR. JUSTICE ATUL S. CHANDURKAR,SUPREME_COURT,2026,C.A. No.-010706-010706 - 2026,K RASHIKVSNATIONAL INSURANCE COMPANY LTD.,National,Principal,,,COMPLETED,23029/2026,NARENDER KUMAR VERMA- 2103 __,HON'BLE MR. JUSTICE UJJAL BHUYAN,2026-09-16,258,https://api.sci.gov.in/supremecourt/2026/23029/23029_2026_12_1501_74352_Judgement_16-Sep-2026.pdf,2026 INSC 996(English),https://api.sci.gov.in/supremecourt/2026/23029/23029_2026_12_1501_74352_Judgement_16-Sep-2026.pdf,
HON'BLE MR. JUSTICE ATUL S. CHANDURKAR,SUPREME_COURT,2013,C.A. No.-001052-001052 - 2013,M/S SAUDI ARABIAN AIRLINESVSUNION OF INDIA,National,Principal,,,COMPLETED,29166/2010,P. V. DINESH __,HON'BLE MR. JUSTICE UJJAL BHUYAN,2026-09-01,6087,https://api.sci.gov.in/supremecourt/2010/29166/29166_2010_14_1501_73848_Judgement_01-Sep-2026.pdf,2026 INSC 933(English),https://api.sci.gov.in/supremecourt/2010/29166/29166_2010_14_1501_73848_Judgement_01-Sep-2026.pdf,
HON'BLE MR. JUSTICE ATUL S. CHANDURKAR,SUPREME_COURT,2016,Crl.A. No.-001108-001108 - 2016,SANJAY KUMARVSSTATE OF HIMACHAL PRADESH,National,Principal,,,COMPLETED,31331/2016,P. D. SHARMA- 494 __ VARINDER KUMAR SHARMA- 1237,HON'BLE MR. JUSTICE UJJAL BHUYAN,2026-09-03,3898,https://api.sci.gov.in/supremecourt/2016/31331/31331_2016_14_1501_73972_Judgement_03-Sep-2026.pdf,2026 INSC 948(English),https://api.sci.gov.in/supremecourt/2016/31331/31331_2016_14_1501_73972_Judgement_03-Sep-2026.pdf,
HON'BLE MR. JUSTICE ATUL S. CHANDURKAR,SUPREME_COURT,2026,Crl.A. No.-004234-004234 - 2026,JASKARAN JEET SINGH DEOLVSSTATE OF PUNJAB,National,Principal,,,COMPLETED,35041/2026,YOGINDER HANDOO- 1909 __,HON'BLE MR. JUSTICE UJJAL BHUYAN,2026-09-21,263,https://api.sci.gov.in/supremecourt/2026/35041/35041_2026_14_1501_74476_Judgement_21-Sep-2026.pdf,2026 INSC 1022(English),https://api.sci.gov.in/supremecourt/2026/35041/35041_2026_14_1501_74476_Judgement_21-Sep-2026.pdf,
HON'BLE MR. JUSTICE ATUL S. CHANDURKAR,SUPREME_COURT,2014,Crl.A. No.-002137-002137 - 2014,JASWINDER SINGH (DEAD THROUGH LRS.)VSSTATE OF PUNJAB,National,Principal,,,COMPLETED,39943/2013,ANIS AHMED KHAN __ KULDIP SINGH- 1389,HON'BLE MR. JUSTICE UJJAL BHUYAN,2026-09-22,5012,https://api.sci.gov.in/supremecourt/2013/39943/39943_2013_14_1501_74552_Judgement_22-Sep-2026.pdf,2026 INSC 1031(English),https://api.sci.gov.in/supremecourt/2013/39943/39943_2013_14_1501_74552_Judgement_22-Sep-2026.pdf,
HON'BLE MR. JUSTICE ATUL S. CHANDURKAR,SUPREME_COURT,2026,C.A. No.-012951-012951 - 2026,SUKHABHAI NANJIBHAI MAKWANAVSUNION OF INDIA,National,Principal,,,COMPLETED,46964/2025,PRASHANT RAWAT- 4125 __,HON'BLE MR. JUSTICE ATUL S. CHANDURKAR,2026-09-25,632,https://api.sci.gov.in/supremecourt/2025/46964/46964_2025_13_1502_74675_Judgement_25-Sep-2026.pdf,2026 INSC 1056(English),https://api.sci.gov.in/supremecourt/2025/46964/46964_2025_13_1502_74675_Judgement_25-Sep-2026.pdf,
HON'BLE MR. JUSTICE ATUL S. CHANDURKAR,SUPREME_COURT,2026,Crl.A. No.-004092-004092 - 2026,ANTONETTO J D SOUZAVSALDILA BRAGANZA,National,Principal,,,COMPLETED,54804/2024,NAVIN PRAKASH- 990 __,HON'BLE MR. JUSTICE ATUL S. CHANDURKAR,2026-09-22,995,https://api.sci.gov.in/supremecourt/2024/54804/54804_2024_14_1502_74552_Judgement_22-Sep-2026.pdf,2026 INSC 1032(English),https://api.sci.gov.in/supremecourt/2024/54804/54804_2024_14_1502_74552_Judgement_22-Sep-2026.pdf,
HON'BLE MR. JUSTICE ATUL S. CHANDURKAR,SUPREME_COURT,2018,Crl.A. No.-000107-000107 - 2018,SANTOSH GURUNGVSTHE STATE OF SIKKIM,National,Principal,,,COMPLETED,41647/2017,SANGEETA KUMAR- 725 __,HON'BLE MR. JUSTICE ATUL S. CHANDURKAR,2026-10-01,3560,https://api.sci.gov.in/supremecourt/2017/41647/41647_2017_13_1501_74866_Judgement_01-Oct-2026.pdf,2026 INSC 1073(English),https://api.sci.gov.in/supremecourt/2017/41647/41647_2017_13_1501_74866_Judgement_01-Oct-2026.pdf,
HON'BLE MR. JUSTICE ALOK ARADHE,SUPREME_COURT,2026,C.A. No.-000438-000438 - 2026,VIRAJ IMPEX PVT. LTD.VSUNION OF INDIA,National,Principal,,,COMPLETED,2376/2019,ASHWANI KUMAR- 1341 __,HON'BLE MR. JUSTICE ALOK ARADHE,2026-01-21,2577,https://api.sci.gov.in/supremecourt/2019/2376/2376_2019_6_1501_67610_Judgement_21-Jan-2026.pdf,2026 INSC 80(English),https://api.sci.gov.in/supremecourt/2019/2376/2376_2019_6_1501_67610_Judgement_21-Jan-2026.pdf,
HON'BLE MR. JUSTICE ALOK ARADHE,SUPREME_COURT,2017,SLP(C) No.-010105-010105 - 2017,DINESH BIWAJI ASHTIKARVSSTATE OF MAHARASHTRA,National,Principal,,,COMPLETED,8696/2017,VARINDER KUMAR SHARMA- 1237 __,HON'BLE MR. JUSTICE PAMIDIGHANTAM SRI NARASIMHA,2026-01-13,3299,https://api.sci.gov.in/supremecourt/2017/8696/8696_2017_6_1501_67436_Judgement_13-Jan-2026.pdf,2026 INSC 56(English),https://api.sci.gov.in/supremecourt/2017/8696/8696_2017_6_1501_67436_Judgement_13-Jan-2026.pdf,
HON'BLE MR. JUSTICE ALOK ARADHE,SUPREME_COURT,2024,C.A. No.-009701 - 2024,UV ASSET RECONSTRUCTION COMPANY LIMITEDVSELECTROSTEEL CASTINGS LIMITED,National,Principal,,,COMPLETED,11108/2024,ROHAN BATRA- 2936 __,HON'BLE MR. JUSTICE ALOK ARADHE,2026-01-06,736,https://api.sci.gov.in/supremecourt/2024/11108/11108_2024_6_1501_67227_Judgement_06-Jan-2026.pdf,2026 INSC 14(English),https://api.sci.gov.in/supremecourt/2024/11108/11108_2024_6_1501_67227_Judgement_06-Jan-2026.pdf,
HON'BLE MR. JUSTICE ALOK ARADHE,SUPREME_COURT,2026,C.A. No.-000344-000344 - 2026,GUJARAT PUBLIC SERVICE COMMISSIONVSGNANESHWARY DUSHYANTKUMAR SHAH,National,Principal,,,COMPLETED,54046/2025,ANSHUMAN SRIVASTAVA- 2946 __,HON'BLE MR. JUSTICE ALOK ARADHE,2026-01-19,383,https://api.sci.gov.in/supremecourt/2025/54046/54046_2025_6_1501_67570_Judgement_19-Jan-2026.pdf,2026 INSC 70(English),https://api.sci.gov.in/supremecourt/2025/54046/54046_2025_6_1501_67570_Judgement_19-Jan-2026.pdf,
HON'BLE MR. JUSTICE ALOK ARADHE,SUPREME_COURT,2026,Crl.A. No.-000047-000047 - 2026,ARVIND DHAMVSDIRECTORATE OF ENFORCEMENT,National,Principal,,,COMPLETED,55164/2025,E. C. AGRAWALA- 177 __,HON'BLE MR. JUSTICE ALOK ARADHE,2026-01-06,370,https://api.sci.gov.in/supremecourt/2025/55164/55164_2025_6_1502_67227_Judgement_06-Jan-2026.pdf,2026 INSC 12(English),https://api.sci.gov.in/supremecourt/2025/55164/55164_2025_6_1502_67227_Judgement_06-Jan-2026.pdf,
HON'BLE MR. JUSTICE ALOK ARADHE,SUPREME_COURT,2026,C.A. No.-000696-000696 - 2026,C. VELUSAMYVSK INDHERA,National,Principal,,,COMPLETED,8522/2025,VIJAY KUMAR __,HON'BLE MR. JUSTICE PAMIDIGHANTAM SRI NARASIMHA,2026-02-03,398,https://api.sci.gov.in/supremecourt/2025/8522/8522_2025_6_1501_67912_Judgement_03-Feb-2026.pdf,2026 INSC 112(English),https://api.sci.gov.in/supremecourt/2025/8522/8522_2025_6_1501_67912_Judgement_03-Feb-2026.pdf,
HON'BLE MR. JUSTICE ALOK ARADHE,SUPREME_COURT,2026,C.A. No.-000674-000674 - 2026,RAJIA BEGUMVSBARNALI MUKHERJEE,National,Principal,,,COMPLETED,9620/2021,AVIRAL SAXENA- 2786 __,HON'BLE MR. JUSTICE ALOK ARADHE,2026-02-02,1858,https://api.sci.gov.in/supremecourt/2021/9620/9620_2021_6_1501_67911_Judgement_02-Feb-2026.pdf,2026 INSC 106(English),https://api.sci.gov.in/supremecourt/2021/9620/9620_2021_6_1501_67911_Judgement_02-Feb-2026.pdf,
HON'BLE MR. JUSTICE ALOK ARADHE,SUPREME_COURT,2021,C.A. No.-001810 - 2021,STATE BANK OF INDIAVSUNION OF INDIA,National,Principal,,,COMPLETED,11612/2021,CYRIL AMARCHAND MANGALDAS AOR- 2238 __,HON'BLE MR. JUSTICE PAMIDIGHANTAM SRI NARASIMHA,2026-02-13,1869,https://api.sci.gov.in/supremecourt/2021/11612/11612_2021_6_1501_68374_Judgement_13-Feb-2026.pdf,2026 INSC 153(English),https://api.sci.gov.in/supremecourt/2021/11612/11612_2021_6_1501_68374_Judgement_13-Feb-2026.pdf,
HON'BLE MR. JUSTICE ALOK ARADHE,SUPREME_COURT,2018,C.A. No.-006820-006824 - 2018,UNION OF INDIA THROUGH ITS SECRETARYVSSGT GIRISH KUMAR AND ORS.,National,Principal,,,COMPLETED,21811/2018,__,HON'BLE MR. JUSTICE ALOK ARADHE,2026-02-12,2964,https://api.sci.gov.in/supremecourt/2018/21811/21811_2018_6_1501_68439_Judgement_12-Feb-2026.pdf,2026 INSC 149(English),https://api.sci.gov.in/supremecourt/2018/21811/21811_2018_6_1501_68439_Judgement_12-Feb-2026.pdf,
HON'BLE MR. JUSTICE ALOK ARADHE,SUPREME_COURT,2022,C.A. No.-007140 - 2022,S. RAJENDRANVSTHE DEPUTY COMMISSIONER OF INCOME TAX (BENAMI PROHIBITION),National,Principal,,,COMPLETED,30995/2022,SHIVENDRA SINGH- 2607 __ RAJ BAHADUR YADAV- 2771,HON'BLE MR. JUSTICE PAMIDIGHANTAM SRI NARASIMHA,2026-02-24,1515,https://api.sci.gov.in/supremecourt/2022/30995/30995_2022_6_1501_68838_Judgement_24-Feb-2026.pdf,2026 INSC 187(English),https://api.sci.gov.in/supremecourt/2022/30995/30995_2022_6_1501_68838_Judgement_24-Feb-2026.pdf,
HON'BLE MR. JUSTICE ALOK ARADHE,SUPREME_COURT,2026,C.A. No.-001473-001473 - 2026,MAHENDRA PRASAD AGARWALVSARVIND KUMAR SINGH,National,Principal,,,COMPLETED,34072/2025,SAMAR VIJAY SINGH- 2093 __,HON'BLE MR. JUSTICE PAMIDIGHANTAM SRI NARASIMHA,2026-02-10,405,https://api.sci.gov.in/supremecourt/2025/34072/34072_2025_5_8_68263_Judgement_10-Feb-2026.pdf,2026 INSC 175(English),https://api.sci.gov.in/supremecourt/2025/34072/34072_2025_5_8_68263_Judgement_10-Feb-2026.pdf,
HON'BLE MR. JUSTICE ALOK ARADHE,SUPREME_COURT,2024,C.A. No.-010527-010528 - 2024,SRIGANESH CHANDRASEKARANVSM/S UNISHIRE HOMES LLP,National,Principal,,,COMPLETED,35842/2024,SAHIL TAGOTRA- 2520 __,HON'BLE MR. JUSTICE ALOK ARADHE,2026-02-20,781,https://api.sci.gov.in/supremecourt/2024/35842/35842_2024_5_1501_68600_Judgement_20-Feb-2026.pdf,2026 INSC 172(English),https://api.sci.gov.in/supremecourt/2024/35842/35842_2024_5_1501_68600_Judgement_20-Feb-2026.pdf,
HON'BLE MR. JUSTICE ALOK ARADHE,SUPREME_COURT,2026,C.A. No.-001464-001465 - 2026,ABDUL KHALEKVSTHE STATE OF ASSAM,National,Principal,,,COMPLETED,46846/2025,ADEEL AHMED- 2734 __,HON'BLE MR. JUSTICE ALOK ARADHE,2026-02-10,405,https://api.sci.gov.in/supremecourt/2025/46846/46846_2025_5_1501_68263_Judgement_10-Feb-2026.pdf,2026 INSC 140(English),https://api.sci.gov.in/supremecourt/2025/46846/46846_2025_5_1501_68263_Judgement_10-Feb-2026.pdf,
HON'BLE MR. JUSTICE ALOK ARADHE,SUPREME_COURT,2026,C.A. No.-001613-001614 - 2026,THE TIRUCHIRAPPALLI DISTRICT CRICKET ASSOCIATIONVSANNA NAGAR CRICKET CLUB AND ANR ETC.,National,Principal,,,COMPLETED,50301/2024,PRAGYA BAGHEL- 1841 __,HON'BLE MR. JUSTICE PAMIDIGHANTAM SRI NARASIMHA,2026-02-13,774,https://api.sci.gov.in/supremecourt/2024/50301/50301_2024_6_1502_68374_Judgement_13-Feb-2026.pdf,2026 INSC 154(English),https://api.sci.gov.in/supremecourt/2024/50301/50301_2024_6_1502_68374_Judgement_13-Feb-2026.pdf,
HON'BLE MR. JUSTICE ALOK ARADHE,SUPREME_COURT,2010,C.A. No.-003012-003026 - 2010,THE STATE OF MAHARASHTRAVSRELIANCE INDUSTRIES LTD.,National,Principal,,,COMPLETED,6006/2010,__ K. R. SASIPRABHU- 895,HON'BLE MR. JUSTICE ALOK ARADHE,2026-03-25,5927,https://api.sci.gov.in/supremecourt/2010/6006/6006_2010_6_1503_69614_Judgement_25-Mar-2026.pdf,2026 INSC 296(English),https://api.sci.gov.in/supremecourt/2010/6006/6006_2010_6_1503_69614_Judgement_25-Mar-2026.pdf,
HON'BLE MR. JUSTICE ALOK ARADHE,SUPREME_COURT,2025,C.A. No.-004495 - 2025,SOUTHERN POWER DISTRIBUTION COMPANY OF ANDHRA PRADESH LIMITEDVSGREEN INFRA WIND SOLUTIONS LIMITED,National,Principal,,,COMPLETED,13927/2025,TARUN GUPTA- 1917 __,HON'BLE MR. JUSTICE PAMIDIGHANTAM SRI NARASIMHA,2026-03-25,448,https://api.sci.gov.in/supremecourt/2025/13927/13927_2025_6_1501_69614_Judgement_25-Mar-2026.pdf,2026 INSC 294(English),https://api.sci.gov.in/supremecourt/2025/13927/13927_2025_6_1501_69614_Judgement_25-Mar-2026.pdf,
HON'BLE MR. JUSTICE ALOK ARADHE,SUPREME_COURT,2026,C.A. No.-003647-003669 - 2026,CHAYAVSTHE STATE OF MAHARASHTRA,National,Principal,,,COMPLETED,15877/2025,TOM JOSEPH- 2953 __,HON'BLE MR. JUSTICE ALOK ARADHE,2026-03-23,446,https://api.sci.gov.in/supremecourt/2025/15877/15877_2025_6_1501_69549_Judgement_23-Mar-2026.pdf,2026 INSC 277(English),https://api.sci.gov.in/supremecourt/2025/15877/15877_2025_6_1501_69549_Judgement_23-Mar-2026.pdf,
HON'BLE MR. JUSTICE ALOK ARADHE,SUPREME_COURT,2013,C.A. No.-008743-008743 - 2013,REGISTRAR CANE COOPERATIVE SOCIETIESVSGURDEEP SINGH NARVAL (D) THR. LRS.,National,Principal,,,COMPLETED,29929/2007,ABHISHEK ATREY- 1601 __ T. N. SINGH- 749,HON'BLE MR. JUSTICE ALOK ARADHE,2026-03-10,7008,https://api.sci.gov.in/supremecourt/2007/29929/29929_2007_6_1501_69047_Judgement_10-Mar-2026.pdf,2026 INSC 216(English),https://api.sci.gov.in/supremecourt/2007/29929/29929_2007_6_1501_69047_Judgement_10-Mar-2026.pdf,
HON'BLE MR. JUSTICE ALOK ARADHE,SUPREME_COURT,2026,Crl.A. No.-001499-001499 - 2026,SUJOY GHOSHVSTHE STATE OF JHARKHAND,National,Principal,,,COMPLETED,34046/2025,ANU SHRIVASTAVA- 3439 __,HON'BLE MR. JUSTICE ALOK ARADHE,2026-03-20,443,https://api.sci.gov.in/supremecourt/2025/34046/34046_2025_6_1501_69514_Judgement_20-Mar-2026.pdf,2026 INSC 267(English),https://api.sci.gov.in/supremecourt/2025/34046/34046_2025_6_1501_69514_Judgement_20-Mar-2026.pdf,
HON'BLE MR. JUSTICE ALOK ARADHE,SUPREME_COURT,2017,SLP(C) No.-001127-001127 - 2017,M/S. BHARAT UDYOG LTD. (FORMERLY KNOWN AS M/S. JAI HIND CONTRACTORS PVT. LTD.)VSAMBERNATH MUNICIPAL COUNCIL THROUGH COMMISSIONER,National,Principal,,,COMPLETED,37371/2016,__,HON'BLE MR. JUSTICE PAMIDIGHANTAM SRI NARASIMHA,2026-03-24,3735,https://api.sci.gov.in/supremecourt/2016/37371/37371_2016_6_1501_69613_Judgement_24-Mar-2026.pdf,2026 INSC 288(English),https://api.sci.gov.in/supremecourt/2016/37371/37371_2016_6_1501_69613_Judgement_24-Mar-2026.pdf,
HON'BLE MR. JUSTICE ALOK ARADHE,SUPREME_COURT,2026,C.A. No.-003895-003896 - 2026,STEAG ENERGY SERVICES (INDIA) PVT. LTD.VSGSPC PIPAVAV POWER COMPANY LTD. (GPPC),National,Principal,,,COMPLETED,59737/2025,P. SRINIVASAN- 3793 __,HON'BLE MR. JUSTICE PAMIDIGHANTAM SRI NARASIMHA,2026-03-25,448,https://api.sci.gov.in/supremecourt/2025/59737/59737_2025_6_1502_69614_Judgement_25-Mar-2026.pdf,2026 INSC 295(English),https://api.sci.gov.in/supremecourt/2025/59737/59737_2025_6_1502_69614_Judgement_25-Mar-2026.pdf,
HON'BLE MR. JUSTICE ALOK ARADHE,SUPREME_COURT,2026,C.A. No.-004131-004131 - 2026,RAJIV GADDHVSSUBODH PARKASH,National,Principal,,,COMPLETED,5935/2025,LUBNA NAAZ- 3009 __,HON'BLE MR. JUSTICE ALOK ARADHE,2026-04-01,455,https://api.sci.gov.in/supremecourt/2025/5935/5935_2025_6_1501_69615_Judgement_01-Apr-2026.pdf,2026 INSC 302(English),https://api.sci.gov.in/supremecourt/2025/5935/5935_2025_6_1501_69615_Judgement_01-Apr-2026.pdf,
HON'BLE MR. JUSTICE ALOK ARADHE,SUPREME_COURT,2026,C.A. No.-004654-004654 - 2026,MESSER GRIESHEIM GMBH (NOW CALLED AIR LIQUIDE DEUTSCHLAND GMBH)VSGOYAL MG GASES PRIVATE LIMITED,National,Principal,,,COMPLETED,7022/2023,MOHNA- 1648 __,HON'BLE MR. JUSTICE PAMIDIGHANTAM SRI NARASIMHA,2026-04-21,1206,https://api.sci.gov.in/supremecourt/2023/7022/7022_2023_6_1501_70332_Judgement_21-Apr-2026.pdf,2026 INSC 401(English),https://api.sci.gov.in/supremecourt/2023/7022/7022_2023_6_1501_70332_Judgement_21-Apr-2026.pdf,
HON'BLE MR. JUSTICE ALOK ARADHE,SUPREME_COURT,2026,C.A. No.-004152-004152 - 2026,M/S A. K. G. CONSTRUCTION AND DEVELOPERS PVT. LTDVSSTATE OF JHARKHAND,National,Principal,,,COMPLETED,23491/2025,R. AYYAM PERUMAL- 893 __,HON'BLE MR. JUSTICE PAMIDIGHANTAM SRI NARASIMHA,2026-04-02,456,https://api.sci.gov.in/supremecourt/2025/23491/23491_2025_6_1501_69616_Judgement_02-Apr-2026.pdf,2026 INSC 312(English),https://api.sci.gov.in/supremecourt/2025/23491/23491_2025_6_1501_69616_Judgement_02-Apr-2026.pdf,
HON'BLE MR. JUSTICE ALOK ARADHE,SUPREME_COURT,2026,C.A. No.-007425-007425 - 2026,DINESH KUMARVSSURTA NATH @ SURAT NATH,National,Principal,,,COMPLETED,33700/2023,ANKUR YADAV- 2487 __,HON'BLE MR. JUSTICE PAMIDIGHANTAM SRI NARASIMHA,2026-04-29,1214,https://api.sci.gov.in/supremecourt/2023/33700/33700_2023_6_16_70632_Judgement_29-Apr-2026.pdf,2026 INSC 485(English),https://api.sci.gov.in/supremecourt/2023/33700/33700_2023_6_16_70632_Judgement_29-Apr-2026.pdf,
HON'BLE MR. JUSTICE ALOK ARADHE,SUPREME_COURT,2022,C.A. No.-008247 - 2022,ANJANI TECHNOPLAST LTD.VSSHUBH GAUTAM,National,Principal,,,COMPLETED,35192/2022,MEGHA KARNWAL- 2805 __,HON'BLE MR. JUSTICE PAMIDIGHANTAM SRI NARASIMHA,2026-04-23,1573,https://api.sci.gov.in/supremecourt/2022/35192/35192_2022_6_1501_70385_Judgement_23-Apr-2026.pdf,2026 INSC 410(English),https://api.sci.gov.in/supremecourt/2022/35192/35192_2022_6_1501_70385_Judgement_23-Apr-2026.pdf,
HON'BLE MR. JUSTICE ALOK ARADHE,SUPREME_COURT,2022,C.A. No.-008527 - 2022,STATE BANK OF INDIAVSDOHA BANK Q.P.S.C.,National,Principal,,,COMPLETED,36440/2022,SANJAY KAPUR- 1202 __,HON'BLE MR. JUSTICE ALOK ARADHE,2026-04-28,1578,https://api.sci.gov.in/supremecourt/2022/36440/36440_2022_6_1502_70588_Judgement_28-Apr-2026.pdf,2026 INSC 423(English),https://api.sci.gov.in/supremecourt/2022/36440/36440_2022_6_1502_70588_Judgement_28-Apr-2026.pdf,
HON'BLE MR. JUSTICE ALOK ARADHE,SUPREME_COURT,2026,C.A. No.-004461-004461 - 2026,J AND K ECONOMIC RECONSTRUCTION AGENCYVSRASH BUILDERS INDIA PRIVATE LIMITED,National,Principal,,,COMPLETED,44792/2025,PASHUPATHI NATH RAZDAN- 2054 __,HON'BLE MR. JUSTICE ALOK ARADHE,2026-04-15,469,https://api.sci.gov.in/supremecourt/2025/44792/44792_2025_6_1501_70119_Judgement_15-Apr-2026.pdf,2026 INSC 368(English),https://api.sci.gov.in/supremecourt/2025/44792/44792_2025_6_1501_70119_Judgement_15-Apr-2026.pdf,
HON'BLE MR. JUSTICE ALOK ARADHE,SUPREME_COURT,2026,C.A. No.-004655-004655 - 2026,M/S MARG LIMITEDVSSUSIL LALWANI,National,Principal,,,COMPLETED,46762/2025,MOHD FARAZ ANEES- 3720 __,HON'BLE MR. JUSTICE ALOK ARADHE,2026-04-21,475,https://api.sci.gov.in/supremecourt/2025/46762/46762_2025_6_1502_70332_Judgement_21-Apr-2026.pdf,2026 INSC 402(English),https://api.sci.gov.in/supremecourt/2025/46762/46762_2025_6_1502_70332_Judgement_21-Apr-2026.pdf,
HON'BLE MR. JUSTICE ALOK ARADHE,SUPREME_COURT,2026,SLP(C) No.-015499-015499 - 2026,"LUCKNOW PUBLIC SCHOOL, ELDICOVSTHE STATE OF UTTAR PRADESH",National,Principal,,,COMPLETED,60657/2024,VIVEK SINGH- 1761 __,HON'BLE MR. JUSTICE PAMIDIGHANTAM SRI NARASIMHA,2026-04-28,848,https://api.sci.gov.in/supremecourt/2024/60657/60657_2024_6_1501_70588_Judgement_28-Apr-2026.pdf,2026 INSC 422(English),https://api.sci.gov.in/supremecourt/2024/60657/60657_2024_6_1501_70588_Judgement_28-Apr-2026.pdf,
HON'BLE MR. JUSTICE ALOK ARADHE,SUPREME_COURT,2025,C.A. No.-013158-013159 - 2025,SHANKAR KHANDELWALVSOMKARA ASSET RECONSTRUCTION PVT. LTD.,National,Principal,,,COMPLETED,61442/2025,SHUBHAM JAIN- 3449 __,HON'BLE MR. JUSTICE ALOK ARADHE,2026-04-29,483,https://api.sci.gov.in/supremecourt/2025/61442/61442_2025_6_1501_70614_Judgement_29-Apr-2026.pdf,2026 INSC 429(English),https://api.sci.gov.in/supremecourt/2025/61442/61442_2025_6_1501_70614_Judgement_29-Apr-2026.pdf,
HON'BLE MR. JUSTICE ALOK ARADHE,SUPREME_COURT,2025,C.A. No.-013092-013093 - 2025,K. RAHEJA CORP. PRIVATE LIMITEDVSTHE STATE OF MAHARASHTRA,National,Principal,,,COMPLETED,1019/2015,E. C. AGRAWALA- 177 __,HON'BLE MR. JUSTICE ALOK ARADHE,2026-05-26,4163,https://api.sci.gov.in/supremecourt/2015/1019/1019_2015_6_1502_71561_Judgement_26-May-2026.pdf,2026 INSC 551(English),https://api.sci.gov.in/supremecourt/2015/1019/1019_2015_6_1502_71561_Judgement_26-May-2026.pdf,
HON'BLE MR. JUSTICE ALOK ARADHE,SUPREME_COURT,2026,C.A. No.-000769-000770 - 2026,GUJARAT WATER SUPPLY AND SEWERAGE BOARDVSSARYU PLASTICS PVT. LTD.,National,Principal,,,COMPLETED,4480/2023,SHAMIK SHIRISHBHAI SANJANWALA- 2390 __,HON'BLE MR. JUSTICE ALOK ARADHE,2026-05-26,1241,https://api.sci.gov.in/supremecourt/2023/4480/4480_2023_6_1503_71561_Judgement_26-May-2026.pdf,2026 INSC 552(English),https://api.sci.gov.in/supremecourt/2023/4480/4480_2023_6_1503_71561_Judgement_26-May-2026.pdf,
HON'BLE MR. JUSTICE ALOK ARADHE,SUPREME_COURT,2025,C.A. No.-006388 - 2025,DELHI ELECTRICITY REGULATORY COMMISSIONVSTATA POWER DELHI DISTRIBUTION LTD,National,Principal,,,COMPLETED,19370/2025,DHANANJAY BAIJAL- 2906 __,HON'BLE MR. JUSTICE ALOK ARADHE,2026-05-07,491,https://api.sci.gov.in/supremecourt/2025/19370/19370_2025_6_1503_70796_Judgement_07-May-2026.pdf,2026 INSC 461(English),https://api.sci.gov.in/supremecourt/2025/19370/19370_2025_6_1503_70796_Judgement_07-May-2026.pdf,
HON'BLE MR. JUSTICE ALOK ARADHE,SUPREME_COURT,2010,C.A. No.-008973-008973 - 2010,DR. BAIS SURGICAL AND MEDICAL INSTITUTE PVT. LTD.VSDHANANJAY PANDE,National,Principal,,,COMPLETED,22121/2009,RAMESHWAR PRASAD GOYAL- 1350 __ BINA GUPTA- 109,HON'BLE MR. JUSTICE PAMIDIGHANTAM SRI NARASIMHA,2026-05-04,6332,https://api.sci.gov.in/supremecourt/2009/22121/22121_2009_6_1501_70756_Judgement_04-May-2026.pdf,2026 INSC 447(English),https://api.sci.gov.in/supremecourt/2009/22121/22121_2009_6_1501_70756_Judgement_04-May-2026.pdf,
HON'BLE MR. JUSTICE ALOK ARADHE,SUPREME_COURT,2022,C.A. No.-007184 - 2022,DHANLAXMI BANK LTD.VSMOHAMMED JAVED SULTAN,National,Principal,,,COMPLETED,27803/2022,AMARJIT SINGH BEDI- 1560 __,HON'BLE MR. JUSTICE ALOK ARADHE,2026-05-07,1587,https://api.sci.gov.in/supremecourt/2022/27803/27803_2022_6_1502_70796_Judgement_07-May-2026.pdf,2026 INSC 460(English),https://api.sci.gov.in/supremecourt/2022/27803/27803_2022_6_1502_70796_Judgement_07-May-2026.pdf,
HON'BLE MR. JUSTICE ALOK ARADHE,SUPREME_COURT,2026,C.A. No.-008054-008054 - 2026,VICE CHANCELLOR RAJIV GANDHI NATIONAL AVIATION UNIVERSITYVSJITENDRA SINGH,National,Principal,,,COMPLETED,28156/2024,BHAKTI VARDHAN SINGH- 2454 __,HON'BLE MR. JUSTICE ALOK ARADHE,2026-05-21,871,https://api.sci.gov.in/supremecourt/2024/28156/28156_2024_6_1501_71306_Judgement_21-May-2026.pdf,2026 INSC 520(English),https://api.sci.gov.in/supremecourt/2024/28156/28156_2024_6_1501_71306_Judgement_21-May-2026.pdf,
HON'BLE MR. JUSTICE ALOK ARADHE,SUPREME_COURT,2026,Crl.A. No.-002461-002462 - 2026,NARAYANA HEALTHVSTHE STATE OF WEST BENGAL,National,Principal,,,COMPLETED,28694/2023,SHIVENDRA SINGH- 2607 __,HON'BLE MR. JUSTICE PAMIDIGHANTAM SRI NARASIMHA,2026-05-12,1227,https://api.sci.gov.in/supremecourt/2023/28694/28694_2023_6_1501_71049_Judgement_12-May-2026.pdf,2026 INSC 481(English),https://api.sci.gov.in/supremecourt/2023/28694/28694_2023_6_1501_71049_Judgement_12-May-2026.pdf,
HON'BLE MR. JUSTICE ALOK ARADHE,SUPREME_COURT,2026,C.A. No.-008181-008181 - 2026,ABDUR RAHMANVSUNION OF INDIA,National,Principal,,,COMPLETED,40790/2024,ROHIT KUMAR SINGH- 1658 __,HON'BLE MR. JUSTICE PAMIDIGHANTAM SRI NARASIMHA,2026-05-26,876,https://api.sci.gov.in/supremecourt/2024/40790/40790_2024_6_1501_71561_Judgement_26-May-2026.pdf,2026 INSC 550(English),https://api.sci.gov.in/supremecourt/2024/40790/40790_2024_6_1501_71561_Judgement_26-May-2026.pdf,
HON'BLE MR. JUSTICE ALOK ARADHE,SUPREME_COURT,2026,C.A. No.-007073-007073 - 2026,DURGAPUR STEEL PLANTVSBIDHAN CHANDRA CHOWDHURY,National,Principal,,,COMPLETED,43108/2019,SUNIL KUMAR JAIN- 707 __,HON'BLE MR. JUSTICE ALOK ARADHE,2026-05-07,2683,https://api.sci.gov.in/supremecourt/2019/43108/43108_2019_6_1501_70796_Judgement_07-May-2026.pdf,2026 INSC 459(English),https://api.sci.gov.in/supremecourt/2019/43108/43108_2019_6_1501_70796_Judgement_07-May-2026.pdf,
HON'BLE MR. JUSTICE ALOK ARADHE,SUPREME_COURT,2026,C.A. No.-008388-008388 - 2026,NATIONAL HIGHWAY AUTHORITY OF INDIAVST. YOUNIS,National,Principal,,,COMPLETED,10437/2024,VENKITA SUBRAMONIAM T.R- 1904 __,HON'BLE MR. JUSTICE PAMIDIGHANTAM SRI NARASIMHA,2026-06-02,883,https://api.sci.gov.in/supremecourt/2024/10437/10437_2024_3_1501_71811_Judgement_02-Jun-2026.pdf,2026 INSC 616(English),https://api.sci.gov.in/supremecourt/2024/10437/10437_2024_3_1501_71811_Judgement_02-Jun-2026.pdf,
HON'BLE MR. JUSTICE ALOK ARADHE,SUPREME_COURT,2025,C.A. No.-007667 - 2025,KULSUM NISHAVSSTATE OF U.P,National,Principal,,,COMPLETED,25456/2025,ROHIT AMIT STHALEKAR- 2621 __,HON'BLE MR. JUSTICE ALOK ARADHE,2026-06-02,517,https://api.sci.gov.in/supremecourt/2025/25456/25456_2025_3_1502_71811_Judgement_02-Jun-2026.pdf,2026 INSC 617(English),https://api.sci.gov.in/supremecourt/2025/25456/25456_2025_3_1502_71811_Judgement_02-Jun-2026.pdf,
HON'BLE MR. JUSTICE ALOK ARADHE,SUPREME_COURT,2024,C.A. No.-003070-003070 - 2024,THE STATE OF UTTARAKHANDVSJAGDISH CHANDRA KANDPAL,National,Principal,,,COMPLETED,1189/2020,__,HON'BLE MR. JUSTICE PAMIDIGHANTAM SRI NARASIMHA,2026-07-29,2401,https://api.sci.gov.in/supremecourt/2020/1189/1189_2020_5_1502_72672_Judgement_29-Jul-2026.pdf,2026 INSC 759(English),https://api.sci.gov.in/supremecourt/2020/1189/1189_2020_5_1502_72672_Judgement_29-Jul-2026.pdf,
HON'BLE MR. JUSTICE ALOK ARADHE,SUPREME_COURT,2014,C.A. No.-004081-004081 - 2014,M/S OTIS ELEVATOR CO.(INDIA) LTDVSRASHMI HANDA,National,Principal,,,COMPLETED,6284/2014,S. S. SHROFF- 710 __,HON'BLE MR. JUSTICE PAMIDIGHANTAM SRI NARASIMHA,2026-07-29,4592,https://api.sci.gov.in/supremecourt/2014/6284/6284_2014_5_1501_72672_Judgement_29-Jul-2026.pdf,2026 INSC 756(English),https://api.sci.gov.in/supremecourt/2014/6284/6284_2014_5_1501_72672_Judgement_29-Jul-2026.pdf,
HON'BLE MR. JUSTICE ALOK ARADHE,SUPREME_COURT,2026,C.A. No.-008751-008751 - 2026,AJAY VIJHVSINDIAN BANKS ASSOCIATION,National,Principal,,,COMPLETED,10787/2024,E. C. AGRAWALA- 177 __,HON'BLE MR. JUSTICE PAMIDIGHANTAM SRI NARASIMHA,2026-07-07,918,https://api.sci.gov.in/supremecourt/2024/10787/10787_2024_13_1501_71953_Judgement_07-Jul-2026.pdf,2026 INSC 670(English),https://api.sci.gov.in/supremecourt/2024/10787/10787_2024_13_1501_71953_Judgement_07-Jul-2026.pdf,
HON'BLE MR. JUSTICE ALOK ARADHE,SUPREME_COURT,2023,C.A. No.-002448-002449 - 2023,JASPAL SINGHVSASHWANI KUMAR,National,Principal,,,COMPLETED,32126/2019,ANIS AHMED KHAN __,HON'BLE MR. JUSTICE ALOK ARADHE,2026-07-14,2751,https://api.sci.gov.in/supremecourt/2019/32126/32126_2019_5_1501_71999_Judgement_14-Jul-2026.pdf,2026 INSC 700(English),https://api.sci.gov.in/supremecourt/2019/32126/32126_2019_5_1501_71999_Judgement_14-Jul-2026.pdf,
HON'BLE MR. JUSTICE ALOK ARADHE,SUPREME_COURT,2025,C.A. No.-011950 - 2025,POOJA RAMESH SINGHVSJAMMU AND KASHMIR BANK LTD,National,Principal,,,COMPLETED,52338/2025,VISHESH VIJAY KALRA- 4021 __,HON'BLE MR. JUSTICE PAMIDIGHANTAM SRI NARASIMHA,2026-07-02,547,https://api.sci.gov.in/supremecourt/2025/52338/52338_2025_5_1501_71939_Judgement_02-Jul-2026.pdf,2026 INSC 668(English),https://api.sci.gov.in/supremecourt/2025/52338/52338_2025_5_1501_71939_Judgement_02-Jul-2026.pdf,
HON'BLE MR. JUSTICE ALOK ARADHE,SUPREME_COURT,2002,C.A. No.-000897-000897 - 2002,STATE OF U.P.VSJAI BIR SINGH,National,Principal,,,COMPLETED,9099/2001,SUDEEP KUMAR- 2779 __,HON'BLE THE CHIEF JUSTICE,2026-08-20,9362,https://api.sci.gov.in/supremecourt/2001/9099/9099_2001_1_1501_73712_Judgement_20-Aug-2026.pdf,2026 INSC 897(English),https://api.sci.gov.in/supremecourt/2001/9099/9099_2001_1_1501_73712_Judgement_20-Aug-2026.pdf,
HON'BLE MR. JUSTICE ALOK ARADHE,SUPREME_COURT,2016,C.A. No.-000182-000182 - 2016,SHEELA GEHLOTVSMOHINI HARDAYAL SINGH .,National,Principal,,,COMPLETED,18149/2009,ARUN K. SINHA- 38 __ RAM SWARUP SHARMA,HON'BLE MR. JUSTICE PAMIDIGHANTAM SRI NARASIMHA,2026-08-14,6434,https://api.sci.gov.in/supremecourt/2009/18149/18149_2009_4_1502_73322_Judgement_14-Aug-2026.pdf,2026 INSC 863(English),https://api.sci.gov.in/supremecourt/2009/18149/18149_2009_4_1502_73322_Judgement_14-Aug-2026.pdf,
HON'BLE MR. JUSTICE ALOK ARADHE,SUPREME_COURT,2013,C.A. No.-009228-009231 - 2013,LAKSHMI MOHAN (DEAD) THROUGH LRS.VSM/S. AIRTECH PROJECTS ENGINEERS PVT. LTD.,National,Principal,,,COMPLETED,18156/2013,SHAKUN SHARMA- 1844 __ V. BALACHANDRAN- 784,HON'BLE MR. JUSTICE ALOK ARADHE,2026-08-21,4980,https://api.sci.gov.in/supremecourt/2013/18156/18156_2013_4_1501_73607_Judgement_21-Aug-2026.pdf,2026 INSC 909(English),https://api.sci.gov.in/supremecourt/2013/18156/18156_2013_4_1501_73607_Judgement_21-Aug-2026.pdf,
HON'BLE MR. JUSTICE ALOK ARADHE,SUPREME_COURT,2026,C.A. No.-010601-010606 - 2026,SHRUTI MANAV SHARMAVSSUNANINA SINGH,National,Principal,,,COMPLETED,18253/2026,MOHIT PAUL- 1899 __,HON'BLE MR. JUSTICE ALOK ARADHE,2026-08-12,223,https://api.sci.gov.in/supremecourt/2026/18253/18253_2026_5_1501_73185_Judgement_12-Aug-2026.pdf,2026 INSC 843(English),https://api.sci.gov.in/supremecourt/2026/18253/18253_2026_5_1501_73185_Judgement_12-Aug-2026.pdf,
HON'BLE MR. JUSTICE ALOK ARADHE,SUPREME_COURT,2026,C.A. No.-010906-010906 - 2026,BAPPA BARAIVSUNION OF INDIA,National,Principal,,,COMPLETED,18460/2022,ANAND MISHRA- 2252 __,HON'BLE MR. JUSTICE PAMIDIGHANTAM SRI NARASIMHA,2026-08-18,1690,https://api.sci.gov.in/supremecourt/2022/18460/18460_2022_5_1501_73428_Judgement_18-Aug-2026.pdf,2026 INSC 882(English),https://api.sci.gov.in/supremecourt/2022/18460/18460_2022_5_1501_73428_Judgement_18-Aug-2026.pdf,
HON'BLE MR. JUSTICE ALOK ARADHE,SUPREME_COURT,2020,C.A. No.-004020 - 2020,AMRAVATI MUNICIPAL CORPORATIONVSGANESH DADARAO ANASANE,National,Principal,,,COMPLETED,27032/2020,ANSHULA VIJAY KUMAR GROVER- 2754 __,HON'BLE MR. JUSTICE PAMIDIGHANTAM SRI NARASIMHA,2026-08-04,2407,https://api.sci.gov.in/supremecourt/2020/27032/27032_2020_5_1501_72900_Judgement_04-Aug-2026.pdf,2026 INSC 796(English),https://api.sci.gov.in/supremecourt/2020/27032/27032_2020_5_1501_72900_Judgement_04-Aug-2026.pdf,
HON'BLE MR. JUSTICE ALOK ARADHE,SUPREME_COURT,2024,C.A. No.-009308-009308 - 2024,DELHI TECHNOLOGICAL UNIVERSITYVSB.S. RAWAT,National,Principal,,,COMPLETED,31607/2022,ANKIT ROY- 3248 __,HON'BLE MR. JUSTICE PAMIDIGHANTAM SRI NARASIMHA,2026-08-04,1676,https://api.sci.gov.in/supremecourt/2022/31607/31607_2022_5_1502_72900_Judgement_04-Aug-2026.pdf,2026 INSC 797(English),https://api.sci.gov.in/supremecourt/2022/31607/31607_2022_5_1502_72900_Judgement_04-Aug-2026.pdf,
HON'BLE MR. JUSTICE ALOK ARADHE,SUPREME_COURT,2026,C.A. No.-010723-010723 - 2026,RELIANCE INDUSTRIES LIMITEDVSNTPC LIMITED,National,Principal,,,COMPLETED,42298/2024,PAREKH & CO.- 1370 __,HON'BLE MR. JUSTICE PAMIDIGHANTAM SRI NARASIMHA,2026-08-14,956,https://api.sci.gov.in/supremecourt/2024/42298/42298_2024_4_1501_73322_Judgement_14-Aug-2026.pdf,2026 INSC 862(English),https://api.sci.gov.in/supremecourt/2024/42298/42298_2024_4_1501_73322_Judgement_14-Aug-2026.pdf,
HON'BLE MR. JUSTICE ALOK ARADHE,SUPREME_COURT,2026,C.A. No.-012885-012885 - 2026,UNION OF INDIAVSNC ISAAC (RETD.),National,Principal,,,COMPLETED,129/2025,SHREEKANT NEELAPPA TERDAL- 909 __,HON'BLE MR. JUSTICE PAMIDIGHANTAM SRI NARASIMHA,2026-09-15,622,https://api.sci.gov.in/supremecourt/2025/129/129_2025_4_1501_74249_Judgement_15-Sep-2026.pdf,2026 INSC 993(English),https://api.sci.gov.in/supremecourt/2025/129/129_2025_4_1501_74249_Judgement_15-Sep-2026.pdf,
HON'BLE MR. JUSTICE ALOK ARADHE,SUPREME_COURT,2013,W.P.(C) No.-000123-000123 - 2013,VINIT KUMARVSSTATE OF U.P. THROUGH SECRETARY,National,Principal,,,COMPLETED,5749/2013,__,HON'BLE MR. JUSTICE ALOK ARADHE,2026-09-16,5006,https://api.sci.gov.in/supremecourt/2013/5749/5749_2013_3_1501_74328_Judgement_16-Sep-2026.pdf,2026 INSC 997(English),https://api.sci.gov.in/supremecourt/2013/5749/5749_2013_3_1501_74328_Judgement_16-Sep-2026.pdf,
HON'BLE MR. JUSTICE ALOK ARADHE,SUPREME_COURT,2026,C.A. No.-012525-012525 - 2026,MS GVV CONSTRUCTIONS PVT LTD MANAGING DIRECTORVSTHE UNION OF INDIA,National,Principal,,,COMPLETED,7614/2026,P. MOHITH RAO- 3826 __,HON'BLE MR. JUSTICE ALOK ARADHE,2026-09-08,250,https://api.sci.gov.in/supremecourt/2026/7614/7614_2026_5_1502_74042_Judgement_08-Sep-2026.pdf,2026 INSC 976(English),https://api.sci.gov.in/supremecourt/2026/7614/7614_2026_5_1502_74042_Judgement_08-Sep-2026.pdf,
HON'BLE MR. JUSTICE ALOK ARADHE,SUPREME_COURT,2025,C.A. No.-005351-005352 - 2025,SANDEEP S. GHANDATVSRESERVE BANK OF INDIA,National,Principal,,,COMPLETED,8530/2025,ANANDH KANNAN N.- 2053 __,HON'BLE MR. JUSTICE ALOK ARADHE,2026-09-03,610,https://api.sci.gov.in/supremecourt/2025/8530/8530_2025_5_1503_73954_Judgement_03-Sep-2026.pdf,2026 INSC 955(English),https://api.sci.gov.in/supremecourt/2025/8530/8530_2025_5_1503_73954_Judgement_03-Sep-2026.pdf,
HON'BLE MR. JUSTICE ALOK ARADHE,SUPREME_COURT,2026,C.A. No.-012950-012950 - 2026,HARI DUTTA SHARMAVSSTATE OF U.P.,National,Principal,,,COMPLETED,10952/2026,SHASHANK SINGH- 3052 __,HON'BLE MR. JUSTICE ALOK ARADHE,2026-09-16,258,https://api.sci.gov.in/supremecourt/2026/10952/10952_2026_3_1502_74328_Judgement_16-Sep-2026.pdf,2026 INSC 998(English),https://api.sci.gov.in/supremecourt/2026/10952/10952_2026_3_1502_74328_Judgement_16-Sep-2026.pdf,
HON'BLE MR. JUSTICE ALOK ARADHE,SUPREME_COURT,2021,SLP(C) No.-008442 - 2021,"FISHERMAN CAREVSTHE GOVERNMENT OF INDIA DEPARTMENT OF ANIMAL HUSBANDRY, DAIRYING AND FISHERIES REP. BY ITS SECRETARY",National,Principal,,,COMPLETED,11669/2021,__,HON'BLE MR. JUSTICE PAMIDIGHANTAM SRI NARASIMHA,2026-09-02,2070,https://api.sci.gov.in/supremecourt/2021/11669/11669_2021_5_1501_73953_Judgement_02-Sep-2026.pdf,2026 INSC 937(English),https://api.sci.gov.in/supremecourt/2021/11669/11669_2021_5_1501_73953_Judgement_02-Sep-2026.pdf,
HON'BLE MR. JUSTICE ALOK ARADHE,SUPREME_COURT,2026,C.A. No.-012526-012526 - 2026,NATIONAL SKILL DEVELOPMENT CORPORATIONVSSURYA WIRES PRIVATE LIMITED,National,Principal,,,COMPLETED,13090/2026,ABHINAV AGRAWAL- 2630 __,HON'BLE MR. JUSTICE ALOK ARADHE,2026-09-08,250,https://api.sci.gov.in/supremecourt/2026/13090/13090_2026_5_1503_74042_Judgement_08-Sep-2026.pdf,2026 INSC 977(English),https://api.sci.gov.in/supremecourt/2026/13090/13090_2026_5_1503_74042_Judgement_08-Sep-2026.pdf,
HON'BLE MR. JUSTICE ALOK ARADHE,SUPREME_COURT,2026,SLP(C) No.-010538 - 2026,M/S AMALGAM STEELS AND POWER LTD.VSENERGY WATCHDOG,National,Principal,,,COMPLETED,15483/2026,E. C. AGRAWALA- 177 __,HON'BLE MR. JUSTICE PAMIDIGHANTAM SRI NARASIMHA,2026-09-03,245,https://api.sci.gov.in/supremecourt/2026/15483/15483_2026_5_1502_73954_Judgement_03-Sep-2026.pdf,2026 INSC 954(English),https://api.sci.gov.in/supremecourt/2026/15483/15483_2026_5_1502_73954_Judgement_03-Sep-2026.pdf,
HON'BLE MR. JUSTICE ALOK ARADHE,SUPREME_COURT,2026,C.A. No.-012179-012179 - 2026,THE NATIONAL COUNCIL FOR TEACHERS EDUCATIONVSASSOCIATION OF NCTE APPROVED COLLEGES TRUST,National,Principal,,,COMPLETED,17543/2023,MANISHA T. KARIA __,HON'BLE MR. JUSTICE PAMIDIGHANTAM SRI NARASIMHA,2026-09-03,1341,https://api.sci.gov.in/supremecourt/2023/17543/17543_2023_5_1501_73954_Judgement_03-Sep-2026.pdf,2026 INSC 953(English),https://api.sci.gov.in/supremecourt/2023/17543/17543_2023_5_1501_73954_Judgement_03-Sep-2026.pdf,
HON'BLE MR. JUSTICE ALOK ARADHE,SUPREME_COURT,2026,C.A. No.-013042-013042 - 2026,MICKY TRADERSVSL. R. Y. LABOUR CONTRACTOR,National,Principal,,,COMPLETED,36454/2026,SIDDHARTHA IYER- 3384 __,HON'BLE MR. JUSTICE ALOK ARADHE,2026-09-21,263,https://api.sci.gov.in/supremecourt/2026/36454/36454_2026_5_1501_74467_Judgement_21-Sep-2026.pdf,2026 INSC 1025(English),https://api.sci.gov.in/supremecourt/2026/36454/36454_2026_5_1501_74467_Judgement_21-Sep-2026.pdf,
HON'BLE MR. JUSTICE ALOK ARADHE,SUPREME_COURT,2025,C.A. No.-010900-010902 - 2025,NEW OKHLA INDUSTRIAL DEVELOPMENT AUTHORITYVSM/S. SUNSHINE TRADE TOWER PVT LTD,National,Principal,,,COMPLETED,45155/2024,SOAYIB QURESHI- 2971 __,HON'BLE MR. JUSTICE PAMIDIGHANTAM SRI NARASIMHA,2026-09-08,981,https://api.sci.gov.in/supremecourt/2024/45155/45155_2024_5_1501_74042_Judgement_08-Sep-2026.pdf,2026 INSC 975(English),https://api.sci.gov.in/supremecourt/2024/45155/45155_2024_5_1501_74042_Judgement_08-Sep-2026.pdf,
HON'BLE MR. JUSTICE ALOK ARADHE,SUPREME_COURT,2026,C.A. No.-013081-013081 - 2026,NORTH EASTERN ELECTRIC POWER CORPORATION LIMITED (NEEPCO)VSASTRA CONSTRUCTION PRIVATE LIMITED,National,Principal,,,COMPLETED,48363/2025,SONALI JAIN- 3722 __,HON'BLE MR. JUSTICE ALOK ARADHE,2026-09-22,629,https://api.sci.gov.in/supremecourt/2025/48363/48363_2025_5_1501_74275_Judgement_22-Sep-2026.pdf,2026 INSC 1036(English),https://api.sci.gov.in/supremecourt/2025/48363/48363_2025_5_1501_74275_Judgement_22-Sep-2026.pdf,
HON'BLE MR. JUSTICE ALOK ARADHE,SUPREME_COURT,2026,C.A. No.-013010-013010 - 2026,NATIONAL SEEDS CORPORATION LTD.VSNATIONAL AGRO SEED CORPORATION (INDIA),National,Principal,,,COMPLETED,52296/2024,APOORV SHUKLA- 2830 __,HON'BLE MR. JUSTICE ALOK ARADHE,2026-09-18,991,https://api.sci.gov.in/supremecourt/2024/52296/52296_2024_4_1501_74389_Judgement_18-Sep-2026.pdf,2026 INSC 1017(English),https://api.sci.gov.in/supremecourt/2024/52296/52296_2024_4_1501_74389_Judgement_18-Sep-2026.pdf,
HON'BLE MR. JUSTICE ALOK ARADHE,SUPREME_COURT,2026,C.A. No.-013299-013299 - 2026,M/S. AWADHESH SINGH GAUTAMVSSTATE OF CHHATTISGARH,National,Principal,,,COMPLETED,13091/2026,DHARMAPRABHAS LAW ASSOCIATES- 2718 __,HON'BLE MR. JUSTICE ALOK ARADHE,2026-09-30,272,https://api.sci.gov.in/supremecourt/2026/13091/13091_2026_4_1503_74762_Judgement_30-Sep-2026.pdf,2026 INSC 1072(English),https://api.sci.gov.in/supremecourt/2026/13091/13091_2026_4_1503_74762_Judgement_30-Sep-2026.pdf,
HON'BLE MR. JUSTICE ALOK ARADHE,SUPREME_COURT,2014,C.A. No.-010077-010078 - 2014,STERLING HOLIDAY RESORTS LIMITEDVSM/S P.M.ASSOCIATES,National,Principal,,,COMPLETED,27633/2013,K. K. MANI- 305 __,HON'BLE MR. JUSTICE ALOK ARADHE,2026-09-30,5020,https://api.sci.gov.in/supremecourt/2013/27633/27633_2013_4_1502_74762_Judgement_30-Sep-2026.pdf,2026 INSC 1071(English),https://api.sci.gov.in/supremecourt/2013/27633/27633_2013_4_1502_74762_Judgement_30-Sep-2026.pdf,
HON'BLE MR. JUSTICE ALOK ARADHE,SUPREME_COURT,2023,C.A. No.-006792-006796 - 2023,GREENOPOLIS WELFARE CONFEDERATIONVSRAKESH KUMAR GUPTA,National,Principal,,,COMPLETED,36252/2023,NIKILESH RAMACHANDRAN- 1406 __,HON'BLE MR. JUSTICE PAMIDIGHANTAM SRI NARASIMHA,2026-09-30,1368,https://api.sci.gov.in/supremecourt/2023/36252/36252_2023_4_1501_74762_Judgement_30-Sep-2026.pdf,2026 INSC 1070(English),https://api.sci.gov.in/supremecourt/2023/36252/36252_2023_4_1501_74762_Judgement_30-Sep-2026.pdf,
HON'BLE MR. JUSTICE VIPUL M. PANCHOLI,SUPREME_COURT,2024,Crl.A. No.-002120-002121 - 2024,TULASAREDDI @ MUDAKAPPAVSTHE STATE OF KARNATAKA,National,Principal,,,COMPLETED,3671/2024,"S-LEGAL ASSOCIATES, 2041 __",HON'BLE MR. JUSTICE VIPUL M. PANCHOLI,2026-01-16,746,https://api.sci.gov.in/supremecourt/2024/3671/3671_2024_17_1501_67548_Judgement_16-Jan-2026.pdf,2026 INSC 67(English),https://api.sci.gov.in/supremecourt/2024/3671/3671_2024_17_1501_67548_Judgement_16-Jan-2026.pdf,
HON'BLE MR. JUSTICE VIPUL M. PANCHOLI,SUPREME_COURT,2026,C.A. No.-000063-000063 - 2026,PRATIMA DASVSTHE STATE OF HIMACHAL PRADESH,National,Principal,,,COMPLETED,15095/2025,MITTER & MITTER CO.- 400 __,HON'BLE MR. JUSTICE AUGUSTINE GEORGE MASIH,2026-01-06,370,https://api.sci.gov.in/supremecourt/2025/15095/15095_2025_11_1501_67302_Judgement_06-Jan-2026.pdf,2026 INSC 13(English),https://api.sci.gov.in/supremecourt/2025/15095/15095_2025_11_1501_67302_Judgement_06-Jan-2026.pdf,
HON'BLE MR. JUSTICE VIPUL M. PANCHOLI,SUPREME_COURT,2026,C.A. No.-000090-000090 - 2026,REGENTA HOTELS PRIVATE LIMITEDVSM/S HOTEL GRAND CENTRE POINT,National,Principal,,,COMPLETED,57801/2024,PRANJAL KISHORE- 3247 __,HON'BLE MR. JUSTICE AUGUSTINE GEORGE MASIH,2026-01-07,737,https://api.sci.gov.in/supremecourt/2024/57801/57801_2024_17_1501_67268_Judgement_07-Jan-2026.pdf,2026 INSC 32(English),https://api.sci.gov.in/supremecourt/2024/57801/57801_2024_17_1501_67268_Judgement_07-Jan-2026.pdf,
HON'BLE MR. JUSTICE VIPUL M. PANCHOLI,SUPREME_COURT,2024,C.A. No.-002211 - 2024,POWER TRUST (PROMOTOR OF HIRANMAYE ENERGY LTD.)VSBHUVAN MADAN (INTERIM RESOLUTION PROFESSIONAL OF HIRANMAYE ENERGY LTD.),National,Principal,,,COMPLETED,5631/2024,VAIBHAV NITI- 3069 __,HON'BLE MR. JUSTICE JOYMALYA BAGCHI,2026-02-18,779,https://api.sci.gov.in/supremecourt/2024/5631/5631_2024_1_1501_68761_Judgement_18-Feb-2026.pdf,2026 INSC 166(English),https://api.sci.gov.in/supremecourt/2024/5631/5631_2024_1_1501_68761_Judgement_18-Feb-2026.pdf,
HON'BLE MR. JUSTICE VIPUL M. PANCHOLI,SUPREME_COURT,2026,Crl.A. No.-001112-001112 - 2026,M/S SBS BIOTECHVSSTATE OF HIMACHAL PRADESH,National,Principal,,,COMPLETED,22307/2025,ASHWARYA SINHA- 2084 __,HON'BLE MR. JUSTICE VIPUL M. PANCHOLI,2026-02-20,415,https://api.sci.gov.in/supremecourt/2025/22307/22307_2025_10_1501_68928_Judgement_20-Feb-2026.pdf,2026 INSC 171(English),https://api.sci.gov.in/supremecourt/2025/22307/22307_2025_10_1501_68928_Judgement_20-Feb-2026.pdf,
HON'BLE MR. JUSTICE VIPUL M. PANCHOLI,SUPREME_COURT,2006,C.A. No.-001867-001867 - 2006,MALIK MAZHAR SULTANVSU.P. PUBLIC SERVICE COMMISSION THROUGH ITS SECRETARY,National,Principal,,,COMPLETED,23631/2005,EJAZ MAQBOOL- 180 __ LAKSHMI RAMAN SINGH- 314,,2006-04-03,457,https://api.sci.gov.in/supremecourt_vernacular/2005/23631/23631_2005_3_1867_1867_2006_Judgement_03-apr-2006_GUJ.pdf,,https://api.sci.gov.in/,
HON'BLE MR. JUSTICE VIPUL M. PANCHOLI,SUPREME_COURT,2026,C.A. No.-003136-003136 - 2026,UNION OF INDIAVSLARSEN AND TUBRO LIMITED (L AND T),National,Principal,,,COMPLETED,26611/2023,__,HON'BLE MR. JUSTICE VIPUL M. PANCHOLI,2026-02-27,1153,https://api.sci.gov.in/supremecourt/2023/26611/26611_2023_5_1501_69139_Judgement_27-Feb-2026.pdf,2026 INSC 203(English),https://api.sci.gov.in/supremecourt/2023/26611/26611_2023_5_1501_69139_Judgement_27-Feb-2026.pdf,
HON'BLE MR. JUSTICE VIPUL M. PANCHOLI,SUPREME_COURT,2026,C.A. No.-001620-001620 - 2026,ZUBAIR. PVSSTATE OF KERALA,National,Principal,,,COMPLETED,34823/2024,RADHA SHYAM JENA- 1167 __,HON'BLE MR. JUSTICE VIPUL M. PANCHOLI,2026-02-13,774,https://api.sci.gov.in/supremecourt/2024/34823/34823_2024_9_1501_68681_Judgement_13-Feb-2026.pdf,2026 INSC 151(English),https://api.sci.gov.in/supremecourt/2024/34823/34823_2024_9_1501_68681_Judgement_13-Feb-2026.pdf,
HON'BLE MR. JUSTICE VIPUL M. PANCHOLI,SUPREME_COURT,2018,Crl.A. No.-000096-000096 - 2018,THE STATE OF HIMACHAL PRADESHVSSURAT SINGH,National,Principal,,,COMPLETED,22464/2016,BIMLESH KUMAR SINGH- 1652 __ NIDHI- 1379,HON'BLE MR. JUSTICE PRASANNA B. VARALE,2026-03-16,3727,https://api.sci.gov.in/supremecourt/2016/22464/22464_2016_16_1501_69541_Judgement_16-Mar-2026.pdf,2026 INSC 240(English),https://api.sci.gov.in/supremecourt/2016/22464/22464_2016_16_1501_69541_Judgement_16-Mar-2026.pdf,
HON'BLE MR. JUSTICE VIPUL M. PANCHOLI,SUPREME_COURT,2025,C.A. No.-005490-005491 - 2025,"THE MANAGING DIRECTOR, KSRTCVSP. CHANDRAMOULI",National,Principal,,,COMPLETED,25081/2021,NARENDRA KUMAR- 1580 __,HON'BLE MR. JUSTICE PRASANNA B. VARALE,2026-03-16,1900,https://api.sci.gov.in/supremecourt/2021/25081/25081_2021_16_1502_69541_Judgement_16-Mar-2026.pdf,2026 INSC 241(English),https://api.sci.gov.in/supremecourt/2021/25081/25081_2021_16_1502_69541_Judgement_16-Mar-2026.pdf,
HON'BLE MR. JUSTICE VIPUL M. PANCHOLI,SUPREME_COURT,1984,W.P.(C) No.-013381-013381 - 1984,M.C. MEHTAVSUNION OF INDIA,National,Principal,,,COMPLETED,63426/1984,PETITIONER-IN-PERSON __,HON'BLE THE CHIEF JUSTICE,2026-03-11,15410,https://api.sci.gov.in/supremecourt/1984/63426/63426_1984_1_47_69168_Judgement_11-Mar-2026.pdf,2026 INSC 381(English),https://api.sci.gov.in/supremecourt/1984/63426/63426_1984_1_47_69168_Judgement_11-Mar-2026.pdf,
HON'BLE MR. JUSTICE VIPUL M. PANCHOLI,SUPREME_COURT,1985,W.P.(C) No.-004677-004677 - 1985,M.C.MEHTAVSUNION OF INDIA,National,Principal,,,COMPLETED,63996/1985,PETITIONER-IN-PERSON __,HON'BLE THE CHIEF JUSTICE,2026-03-11,15044,https://api.sci.gov.in/supremecourt/1985/63996/63996_1985_1_42_69168_Judgement_11-Mar-2026.pdf,2026 INSC 382(English),https://api.sci.gov.in/supremecourt/1985/63996/63996_1985_1_42_69168_Judgement_11-Mar-2026.pdf,
HON'BLE MR. JUSTICE VIPUL M. PANCHOLI,SUPREME_COURT,1985,W.P.(C) No.-013029-013029 - 1985,M.C. MEHTAVSUNION OF INDIA,National,Principal,,,COMPLETED,63998/1985,APPLICANT-IN-PERSON __,HON'BLE THE CHIEF JUSTICE,2026-03-12,15045,https://api.sci.gov.in/supremecourt/1985/63998/63998_1985_1_44_69169_Judgement_12-Mar-2026.pdf,2026 INSC 383(English),https://api.sci.gov.in/supremecourt/1985/63998/63998_1985_1_44_69169_Judgement_12-Mar-2026.pdf,
HON'BLE MR. JUSTICE VIPUL M. PANCHOLI,SUPREME_COURT,2015,C.A. No.-013345-013346 - 2015,SYED MOHAMMED GHOUSE PASHA KHADRIVSSYED MOHAMMED ADIL PASHA KHADRI .,National,Principal,,,COMPLETED,5614/2009,RABIN MAJUMDER- 1825 __ PRITHA SRIKUMAR IYER- 2074,HON'BLE MR. JUSTICE VIPUL M. PANCHOLI,2026-04-02,6300,https://api.sci.gov.in/supremecourt/2009/5614/5614_2009_10_1501_69811_Judgement_02-Apr-2026.pdf,2026 INSC 438(English),https://api.sci.gov.in/supremecourt/2009/5614/5614_2009_10_1501_69811_Judgement_02-Apr-2026.pdf,
HON'BLE MR. JUSTICE VIPUL M. PANCHOLI,SUPREME_COURT,2026,C.A. No.-004317-004317 - 2026,SIB NATH CHATTERJEEVSTULSIDAS CHATTERJEE,National,Principal,,,COMPLETED,26217/2019,SUBHASISH BHOWMICK- 1779 __,HON'BLE MR. JUSTICE MANOJ MISRA,2026-04-09,2655,https://api.sci.gov.in/supremecourt/2019/26217/26217_2019_14_25_70040_Judgement_09-Apr-2026.pdf,2026 INSC 409(English),https://api.sci.gov.in/supremecourt/2019/26217/26217_2019_14_25_70040_Judgement_09-Apr-2026.pdf,
HON'BLE MR. JUSTICE VIPUL M. PANCHOLI,SUPREME_COURT,2026,C.A. No.-004693-004693 - 2026,RAJENDRA SINGH BORAVSUNION OF INDIA,National,Principal,,,COMPLETED,29053/2018,RAVINDRA S. GARIA- 1727 __,HON'BLE MR. JUSTICE SANJAY KAROL,2026-04-22,3033,https://api.sci.gov.in/supremecourt/2018/29053/29053_2018_11_1501_70397_Judgement_22-Apr-2026.pdf,2026 INSC 404(English),https://api.sci.gov.in/supremecourt/2018/29053/29053_2018_11_1501_70397_Judgement_22-Apr-2026.pdf,
HON'BLE MR. JUSTICE VIPUL M. PANCHOLI,SUPREME_COURT,2026,C.A. No.-004629-004629 - 2026,S. LEOREX SEBASTIANVSSAROJINI,National,Principal,,,COMPLETED,29475/2022,T. HARISH KUMAR- 1418 __,HON'BLE MR. JUSTICE VIPUL M. PANCHOLI,2026-04-21,1571,https://api.sci.gov.in/supremecourt/2022/29475/29475_2022_11_1503_70462_Judgement_21-Apr-2026.pdf,2026 INSC 400(English),https://api.sci.gov.in/supremecourt/2022/29475/29475_2022_11_1503_70462_Judgement_21-Apr-2026.pdf,
HON'BLE MR. JUSTICE VIPUL M. PANCHOLI,SUPREME_COURT,2019,Crl.A. No.-001788-001789 - 2019,ADALAT YADAV ETC.VSTHE STATE OF BIHAR,National,Principal,,,COMPLETED,40427/2019,CHANDRA BHUSHAN PRASAD- 1864 __,HON'BLE MR. JUSTICE SANJAY KAROL,2026-04-22,2668,https://api.sci.gov.in/supremecourt/2019/40427/40427_2019_11_1502_70397_Judgement_22-Apr-2026.pdf,2026 INSC 403(English),https://api.sci.gov.in/supremecourt/2019/40427/40427_2019_11_1502_70397_Judgement_22-Apr-2026.pdf,
HON'BLE MR. JUSTICE VIPUL M. PANCHOLI,SUPREME_COURT,2026,Crl.A. No.-002068-002068 - 2026,NIKHAT PARVEEN @ KHUSBOO KHATOONVSRAFIQUE @ SHILLU,National,Principal,,,COMPLETED,48122/2023,MD. AZAM ANSARI- 2860 __,HON'BLE MR. JUSTICE SANJAY KAROL,2026-04-21,1206,https://api.sci.gov.in/supremecourt/2023/48122/48122_2023_11_1501_70462_Judgement_21-Apr-2026.pdf,2026 INSC 399(English),https://api.sci.gov.in/supremecourt/2023/48122/48122_2023_11_1501_70462_Judgement_21-Apr-2026.pdf,
HON'BLE MR. JUSTICE VIPUL M. PANCHOLI,SUPREME_COURT,2017,C.A. No.-009837-009837 - 2017,MALLIKAVSR. NALLATHAMBI,National,Principal,,,COMPLETED,12692/2017,VIJAY KUMAR __,HON'BLE MR. JUSTICE VIPUL M. PANCHOLI,2026-05-22,3428,https://api.sci.gov.in/supremecourt/2017/12692/12692_2017_10_1501_71588_Judgement_22-May-2026.pdf,2026 INSC 529(English),https://api.sci.gov.in/supremecourt/2017/12692/12692_2017_10_1501_71588_Judgement_22-May-2026.pdf,
HON'BLE MR. JUSTICE VIPUL M. PANCHOLI,SUPREME_COURT,2025,W.P.(Crl.) No.-000169-000169 - 2025,PILA PAHAN@ PEELA PAHANVSTHE STATE OF JHARKHAND,National,Principal,,,COMPLETED,18465/2025,FAUZIA SHAKIL- 2429 __,HON'BLE THE CHIEF JUSTICE,2026-05-29,513,https://api.sci.gov.in/supremecourt/2025/18465/18465_2025_1_1501_71672_Judgement_29-May-2026.pdf,2026 INSC 604(English),https://api.sci.gov.in/supremecourt/2025/18465/18465_2025_1_1501_71672_Judgement_29-May-2026.pdf,
HON'BLE MR. JUSTICE VIPUL M. PANCHOLI,SUPREME_COURT,2026,C.A. No.-008267-008267 - 2026,PUSHPAVSDAYAWATI,National,Principal,,,COMPLETED,26304/2019,RAKESH KUMAR-I- 1734 __,HON'BLE MR. JUSTICE VIPUL M. PANCHOLI,2026-05-29,2705,https://api.sci.gov.in/supremecourt/2019/26304/26304_2019_10_1501_71665_Judgement_29-May-2026.pdf,2026 INSC 603(English),https://api.sci.gov.in/supremecourt/2019/26304/26304_2019_10_1501_71665_Judgement_29-May-2026.pdf,
HON'BLE MR. JUSTICE VIPUL M. PANCHOLI,SUPREME_COURT,2026,Crl.A. No.-002863-002864 - 2026,MUKESH KUMAR YADAVVSTHE STATE,National,Principal,,,COMPLETED,27227/2026,SHEKHAR KUMAR- 1549 __,HON'BLE MR. JUSTICE K.V. VISWANATHAN,2026-05-26,145,https://api.sci.gov.in/supremecourt/2026/27227/27227_2026_17_1502_71571_Judgement_26-May-2026.pdf,2026 INSC 559(English),https://api.sci.gov.in/supremecourt/2026/27227/27227_2026_17_1502_71571_Judgement_26-May-2026.pdf,
HON'BLE MR. JUSTICE VIPUL M. PANCHOLI,SUPREME_COURT,2022,C.A. No.-000629-000629 - 2022,JARNAIL SINGH VSLACHHMI NARAIN GUPTA .,National,Principal,,,COMPLETED,34614/2011,CHANDRA BHUSHAN PRASAD- 1864 __ N. ANNAPOORANI- 1142,,2022-01-28,4045,https://api.sci.gov.in/supremecourt_vernacular/2011/34614/34614_2011_35_1501_32956_Judgement_28-Jan-2022_PUN.pdf,2022 INSC 105(ਪੰਜਾਬੀ),https://api.sci.gov.in//pdfdate/index1.php?dt=2022-01-28&dno=346142011&filename=supremecourt_vernacular/2011/34614/34614_2011_35_1501_32956_Judgement_28-Jan-2022_PUN.pdf,
HON'BLE MR. JUSTICE VIPUL M. PANCHOLI,SUPREME_COURT,2018,SLP(C) No.-026345 - 2018,THE ADONI MUNICIPALITY ADONIVSK. HAZRATH VALI,National,Principal,,,COMPLETED,35278/2018,__,HON'BLE MR. JUSTICE AHSANUDDIN AMANULLAH,2026-05-08,3049,https://api.sci.gov.in/supremecourt/2018/35278/35278_2018_13_301_71024_Judgement_08-May-2026.pdf,2026 INSC 495(English),https://api.sci.gov.in/supremecourt/2018/35278/35278_2018_13_301_71024_Judgement_08-May-2026.pdf,
HON'BLE MR. JUSTICE VIPUL M. PANCHOLI,SUPREME_COURT,2026,Crl.A. No.-002686-002686 - 2026,MUNNA MOYUDDIN SHAIKHVSSTATE OF GUJARAT,National,Principal,,,COMPLETED,35717/2025,JAIKRITI S. JADEJA- 2299 __,HON'BLE MR. JUSTICE K.V. VISWANATHAN,2026-05-26,510,https://api.sci.gov.in/supremecourt/2025/35717/35717_2025_17_1501_71571_Judgement_26-May-2026.pdf,2026 INSC 558(English),https://api.sci.gov.in/supremecourt/2025/35717/35717_2025_17_1501_71571_Judgement_26-May-2026.pdf,
HON'BLE MR. JUSTICE VIPUL M. PANCHOLI,SUPREME_COURT,2025,W.P.(C) No.-000640-000640 - 2025,ASSOCIATION FOR DEMOCRATIC REFORMSVSELECTION COMMISSION OF INDIA,National,Principal,,,COMPLETED,35785/2025,PRASHANT BHUSHAN- 515 __,HON'BLE THE CHIEF JUSTICE,2026-05-27,511,https://api.sci.gov.in/supremecourt/2025/35785/35785_2025_1_1501_71617_Judgement_27-May-2026.pdf,2026 INSC 564(English),https://api.sci.gov.in/supremecourt/2025/35785/35785_2025_1_1501_71617_Judgement_27-May-2026.pdf,
HON'BLE MR. JUSTICE VIPUL M. PANCHOLI,SUPREME_COURT,2026,Crl.A. No.-002792-002792 - 2026,BHIKHUBHAI GOVINDBHAI PATELVSTHE STATE OF GUJARAT,National,Principal,,,COMPLETED,49550/2023,VISHAL ARUN MISHRA- 3457 __,HON'BLE MR. JUSTICE VIPUL M. PANCHOLI,2026-05-22,1237,https://api.sci.gov.in/supremecourt/2023/49550/49550_2023_10_1502_71588_Judgement_22-May-2026.pdf,2026 INSC 532(English),https://api.sci.gov.in/supremecourt/2023/49550/49550_2023_10_1502_71588_Judgement_22-May-2026.pdf,
HON'BLE MR. JUSTICE VIPUL M. PANCHOLI,SUPREME_COURT,2026,C.A. No.-008271-008271 - 2026,GOPALA AGRI FARMS PVT. LTD.VSTHE STATE OF HARYANA,National,Principal,,,COMPLETED,60376/2024,VIKAS VERMA- 3771 __,HON'BLE THE CHIEF JUSTICE,2026-05-29,879,https://api.sci.gov.in/supremecourt/2024/60376/60376_2024_1_1502_71672_Judgement_29-May-2026.pdf,2026 INSC 593(English),https://api.sci.gov.in/supremecourt/2024/60376/60376_2024_1_1502_71672_Judgement_29-May-2026.pdf,
HON'BLE MR. JUSTICE VIPUL M. PANCHOLI,SUPREME_COURT,2026,C.A. No.-009032-009034 - 2026,PRANESH M KVSA V GAYATHRI SHANTHEGOWDA,National,Principal,,,COMPLETED,6744/2025,NULI & NULI- 2021 __,HON'BLE MR. JUSTICE VIPUL M. PANCHOLI,2026-07-16,561,https://api.sci.gov.in/supremecourt/2025/6744/6744_2025_12_1501_72101_Judgement_16-Jul-2026.pdf,2026 INSC 716(English),https://api.sci.gov.in/supremecourt/2025/6744/6744_2025_12_1501_72101_Judgement_16-Jul-2026.pdf,
HON'BLE MR. JUSTICE VIPUL M. PANCHOLI,SUPREME_COURT,2026,Crl.A. No.-002059-002059 - 2026,SAGARVSTHE STATE OF HARYANA,National,Principal,,,COMPLETED,15549/2024,ASHISH PANDEY- 3825 __,HON'BLE MR. JUSTICE ARAVIND KUMAR,2026-07-13,924,https://api.sci.gov.in/supremecourt/2024/15549/15549_2024_12_1501_72012_Judgement_13-Jul-2026.pdf,2026 INSC 692(English),https://api.sci.gov.in/supremecourt/2024/15549/15549_2024_12_1501_72012_Judgement_13-Jul-2026.pdf,
HON'BLE MR. JUSTICE VIPUL M. PANCHOLI,SUPREME_COURT,2009,C.A. No.-000048-000048 - 2009,"ASIA SUGAR AND CHEMICAL CO., DEVANGEREVSTHE STATE OF KARNATAKA",National,Principal,,,COMPLETED,26142/2008,KIRAN KUMAR PATRA- 2367 __,HON'BLE MR. JUSTICE ARAVIND KUMAR,2026-07-13,6768,https://api.sci.gov.in/supremecourt/2008/26142/26142_2008_12_1502_72012_Judgement_13-Jul-2026.pdf,2026 INSC 693(English),https://api.sci.gov.in/supremecourt/2008/26142/26142_2008_12_1502_72012_Judgement_13-Jul-2026.pdf,
HON'BLE MR. JUSTICE VIPUL M. PANCHOLI,SUPREME_COURT,2011,Crl.A. No.-000064-000064 - 2011,DINESH KUMARVSTHE STATE OF HARYANA,National,Principal,,,COMPLETED,168/2010,SIBO SANKAR MISHRA __,HON'BLE MR. JUSTICE ARAVIND KUMAR,2026-08-12,6067,https://api.sci.gov.in/supremecourt/2010/168/168_2010_12_1502_73208_Judgement_12-Aug-2026.pdf,2026 INSC 842(English),https://api.sci.gov.in/supremecourt/2010/168/168_2010_12_1502_73208_Judgement_12-Aug-2026.pdf,
HON'BLE MR. JUSTICE VIPUL M. PANCHOLI,SUPREME_COURT,2002,C.A. No.-000897-000897 - 2002,STATE OF U.P.VSJAI BIR SINGH,National,Principal,,,COMPLETED,9099/2001,SUDEEP KUMAR- 2779 __,HON'BLE THE CHIEF JUSTICE,2026-08-20,9362,https://api.sci.gov.in/supremecourt/2001/9099/9099_2001_1_1501_73712_Judgement_20-Aug-2026.pdf,2026 INSC 897(English),https://api.sci.gov.in/supremecourt/2001/9099/9099_2001_1_1501_73712_Judgement_20-Aug-2026.pdf,
HON'BLE MR. JUSTICE VIPUL M. PANCHOLI,SUPREME_COURT,2026,Crl.A. No.-003783-003783 - 2026,BALESH KUMAR KURAITIVSSTATE OF CHHATTISGARH,National,Principal,,,COMPLETED,19887/2026,RANBIR SINGH YADAV- 959 __,HON'BLE MR. JUSTICE ARAVIND KUMAR,2026-08-12,223,https://api.sci.gov.in/supremecourt/2026/19887/19887_2026_12_1504_73208_Judgement_12-Aug-2026.pdf,2026 INSC 850(English),https://api.sci.gov.in/supremecourt/2026/19887/19887_2026_12_1504_73208_Judgement_12-Aug-2026.pdf,
HON'BLE MR. JUSTICE VIPUL M. PANCHOLI,SUPREME_COURT,2026,Crl.A. No.-003531-003531 - 2026,VISHNU KUMAR GUPTAVSSTATE OF MADHYA PRADESH,National,Principal,,,COMPLETED,45914/2025,A VELAN- 3181 __,HON'BLE MR. JUSTICE ARAVIND KUMAR,2026-07-30,575,https://api.sci.gov.in/supremecourt/2025/45914/45914_2025_12_1501_72720_Judgement_30-Jul-2026.pdf,2026 INSC 770(English),https://api.sci.gov.in/supremecourt/2025/45914/45914_2025_12_1501_72720_Judgement_30-Jul-2026.pdf,
HON'BLE MR. JUSTICE VIPUL M. PANCHOLI,SUPREME_COURT,2025,SLP(C) No.-033179 - 2025,M/S. HIMADRI STEEL PVT. LTD.VSJHARKHAND URJA VIKAS NIGAM LIMITED,National,Principal,,,COMPLETED,60607/2025,VAIBHAV NITI- 3069 __,HON'BLE MR. JUSTICE ARAVIND KUMAR,2026-08-12,588,https://api.sci.gov.in/supremecourt/2025/60607/60607_2025_12_1503_73208_Judgement_12-Aug-2026.pdf,2026 INSC 851(English),https://api.sci.gov.in/supremecourt/2025/60607/60607_2025_12_1503_73208_Judgement_12-Aug-2026.pdf,
HON'BLE MR. JUSTICE VIPUL M. PANCHOLI,SUPREME_COURT,2026,C.A. No.-010589-010589 - 2026,"RASPELLI BHAGYA KISTAIYAVSGENERAL MANAGER, WESTERN COALFIELDS LIMITED",National,Principal,,,COMPLETED,75571/2025,SRAVAN KUMAR KARANAM- 3132 __,HON'BLE MR. JUSTICE VIPUL M. PANCHOLI,2026-08-12,588,https://api.sci.gov.in/supremecourt/2025/75571/75571_2025_12_1501_73208_Judgement_12-Aug-2026.pdf,2026 INSC 841(English),https://api.sci.gov.in/supremecourt/2025/75571/75571_2025_12_1501_73208_Judgement_12-Aug-2026.pdf,
HON'BLE MR. JUSTICE VIPUL M. PANCHOLI,SUPREME_COURT,2026,C.A. No.-013123-013123 - 2026,UNION OF INDIAVSRAMDHANI PRASAD,National,Principal,,,COMPLETED,16864/2023,AMRISH KUMAR- 2986 __,HON'BLE MR. JUSTICE ARAVIND KUMAR,2026-09-24,1362,https://api.sci.gov.in/supremecourt/2023/16864/16864_2023_11_1501_74460_Judgement_24-Sep-2026.pdf,2026 INSC 1047(English),https://api.sci.gov.in/supremecourt/2023/16864/16864_2023_11_1501_74460_Judgement_24-Sep-2026.pdf,
HON'BLE MR. JUSTICE VIPUL M. PANCHOLI,SUPREME_COURT,2026,C.A. No.-012169-012169 - 2026,SHIRISH PANDHARINATH PATILVSTHE STATE OF MAHARASHTRA,National,Principal,,,COMPLETED,22846/2020,VATSALYA VIGYA- 3007 __,HON'BLE MR. JUSTICE ARAVIND KUMAR,2026-09-03,2437,https://api.sci.gov.in/supremecourt/2020/22846/22846_2020_11_1501_73966_Judgement_03-Sep-2026.pdf,2026 INSC 949(English),https://api.sci.gov.in/supremecourt/2020/22846/22846_2020_11_1501_73966_Judgement_03-Sep-2026.pdf,
HON'BLE MR. JUSTICE VIPUL M. PANCHOLI,SUPREME_COURT,2026,C.A. No.-012801-012801 - 2026,INDIAN KAYAKING AND CANOEING ASSOCIATIONVSUNION TERRITORY OF JAMMU AND KASHMIR,National,Principal,,,COMPLETED,49097/2026,ARVIND GUPTA- 2654 __,HON'BLE MR. JUSTICE ARAVIND KUMAR,2026-09-10,252,https://api.sci.gov.in/supremecourt/2026/49097/49097_2026_11_54_74164_Judgement_10-Sep-2026.pdf,2026 INSC 981(English),https://api.sci.gov.in/supremecourt/2026/49097/49097_2026_11_54_74164_Judgement_10-Sep-2026.pdf,
HON'BLE MR. JUSTICE VIPUL M. PANCHOLI,SUPREME_COURT,2026,C.A. No.-013117-013117 - 2026,KINETIC GREEN ENERGY AND POWER SOLUTIONS LIMITEDVSSAERA ELECTRIC AUTO LIMITED,National,Principal,,,COMPLETED,52509/2026,KHAITAN & CO.- 1509 __,HON'BLE MR. JUSTICE ARAVIND KUMAR,2026-09-24,266,https://api.sci.gov.in/supremecourt/2026/52509/52509_2026_11_34_74637_Judgement_24-Sep-2026.pdf,2026 INSC 1057(English),https://api.sci.gov.in/supremecourt/2026/52509/52509_2026_11_34_74637_Judgement_24-Sep-2026.pdf,
HON'BLE MR. JUSTICE VIPUL M. PANCHOLI,SUPREME_COURT,2026,Crl.A. No.-004546-004546 - 2026,NAVAL KISHOREVSSTATE OF PUNJAB,National,Principal,,,COMPLETED,56431/2025,ASHISH PANDEY- 3825 __,HON'BLE MR. JUSTICE ARAVIND KUMAR,2026-09-24,631,https://api.sci.gov.in/supremecourt/2025/56431/56431_2025_11_1502_74460_Judgement_24-Sep-2026.pdf,2026 INSC 1048(English),https://api.sci.gov.in/supremecourt/2025/56431/56431_2025_11_1502_74460_Judgement_24-Sep-2026.pdf,
HON'BLE MR. JUSTICE SHEEL NAGU,SUPREME_COURT,2026,C.A. No.-008257-008259 - 2026,ARVIND KUMAR AND ORS. ETC.VSSTATE OF U.P. AND ORS. ETC.,National,Principal,,,COMPLETED,6244/2023,SANJAI KUMAR PATHAK- 1548 __,HON'BLE MR. JUSTICE DIPANKAR DATTA,2026-07-24,1300,https://api.sci.gov.in/supremecourt/2023/6244/6244_2023_6_1501_72308_Judgement_24-Jul-2026.pdf,2026 INSC 741(English),https://api.sci.gov.in/supremecourt/2023/6244/6244_2023_6_1501_72308_Judgement_24-Jul-2026.pdf,
HON'BLE MR. JUSTICE SHEEL NAGU,SUPREME_COURT,2026,C.A. No.-008830-008833 - 2026,THE STATE OF HARYANAVSM/S FARIDABAD GURGAON MINERALS,National,Principal,,,COMPLETED,15252/2017,SAMAR VIJAY SINGH- 2093 __,HON'BLE MR. JUSTICE DIPANKAR DATTA,2026-07-13,3480,https://api.sci.gov.in/supremecourt/2017/15252/15252_2017_7_1503_72002_Judgement_13-Jul-2026.pdf,2026 INSC 690(English),https://api.sci.gov.in/supremecourt/2017/15252/15252_2017_7_1503_72002_Judgement_13-Jul-2026.pdf,
HON'BLE MR. JUSTICE SHEEL NAGU,SUPREME_COURT,2010,C.A. No.-004211-004211 - 2010,H.D.F.C.BANK LIMITEDVSKISHORE K.MEHTA (DEAD) THR. LRS.,National,Principal,,,COMPLETED,19216/2008,ALOK TRIPATHI- 2962 __ CHAMBERS OF KARTIK SETH- 2839,HON'BLE MR. JUSTICE DIPANKAR DATTA,2026-07-13,6768,https://api.sci.gov.in/supremecourt/2008/19216/19216_2008_7_1501_72002_Judgement_13-Jul-2026.pdf,2026 INSC 688(English),https://api.sci.gov.in/supremecourt/2008/19216/19216_2008_7_1501_72002_Judgement_13-Jul-2026.pdf,
HON'BLE MR. JUSTICE SHEEL NAGU,SUPREME_COURT,2026,C.A. No.-006529 - 2026,NILESH SHAHVSSECURITIES AND EXCHANGE BOARD OF INDIA,National,Principal,,,COMPLETED,24050/2026,E. C. AGRAWALA- 177 __,HON'BLE MR. JUSTICE DIPANKAR DATTA,2026-07-13,193,https://api.sci.gov.in/supremecourt/2026/24050/24050_2026_7_1506_72002_Judgement_13-Jul-2026.pdf,2026 INSC 681(English),https://api.sci.gov.in/supremecourt/2026/24050/24050_2026_7_1506_72002_Judgement_13-Jul-2026.pdf,
HON'BLE MR. JUSTICE SHEEL NAGU,SUPREME_COURT,2026,C.A. No.-008269-008270 - 2026,ALOK KOTAHWALAVSJAIPUR METRO RAIL CORPORATION LTD,National,Principal,,,COMPLETED,27369/2026,ANUJ BHANDARI- 2175 __,HON'BLE MR. JUSTICE DIPANKAR DATTA,2026-07-13,193,https://api.sci.gov.in/supremecourt/2026/27369/27369_2026_7_1507_72002_Judgement_13-Jul-2026.pdf,2026 INSC 682(English),https://api.sci.gov.in/supremecourt/2026/27369/27369_2026_7_1507_72002_Judgement_13-Jul-2026.pdf,
HON'BLE MR. JUSTICE SHEEL NAGU,SUPREME_COURT,2016,C.A. No.-001071-001071 - 2016,A. VELAYUTHAMVSTHE STATE OF TAMIL NADU REP. BY ITS PRINCIPAL SECRETARY TO GOVERNMENT LABOUR AND EMPLOYMENT(E2) DEPARTMENT AND ORS,National,Principal,,,COMPLETED,29036/2015,NARESH KUMAR- 1271 __ JAYASREE NARASIMHAN- 2601,HON'BLE MR. JUSTICE DIPANKAR DATTA,2026-07-28,4226,https://api.sci.gov.in/supremecourt/2015/29036/29036_2015_7_107_72662_Judgement_28-Jul-2026.pdf,2026 INSC 801(English),https://api.sci.gov.in/supremecourt/2015/29036/29036_2015_7_107_72662_Judgement_28-Jul-2026.pdf,
HON'BLE MR. JUSTICE SHEEL NAGU,SUPREME_COURT,2015,C.A. No.-013783-013783 - 2015,UNION OF INDIAVSBALI RAM NO. 850808321,National,Principal,,,COMPLETED,32086/2015,ARVIND KUMAR SHARMA- 1133 __,HON'BLE MR. JUSTICE DIPANKAR DATTA,2026-07-13,4211,https://api.sci.gov.in/supremecourt/2015/32086/32086_2015_7_1502_72002_Judgement_13-Jul-2026.pdf,2026 INSC 689(English),https://api.sci.gov.in/supremecourt/2015/32086/32086_2015_7_1502_72002_Judgement_13-Jul-2026.pdf,
HON'BLE MR. JUSTICE SHEEL NAGU,SUPREME_COURT,2022,C.A. No.-000629-000629 - 2022,JARNAIL SINGH VSLACHHMI NARAIN GUPTA .,National,Principal,,,COMPLETED,34614/2011,CHANDRA BHUSHAN PRASAD- 1864 __ N. ANNAPOORANI- 1142,,2022-01-28,4045,https://api.sci.gov.in/supremecourt_vernacular/2011/34614/34614_2011_35_1501_32956_Judgement_28-Jan-2022_PUN.pdf,2022 INSC 105(ਪੰਜਾਬੀ),https://api.sci.gov.in//pdfdate/index1.php?dt=2022-01-28&dno=346142011&filename=supremecourt_vernacular/2011/34614/34614_2011_35_1501_32956_Judgement_28-Jan-2022_PUN.pdf,
HON'BLE MR. JUSTICE SHEEL NAGU,SUPREME_COURT,2024,W.P.(C) No.-000566-000566 - 2024,NAJMA KHATUNVSTHE STATE OF WEST BENGAL,National,Principal,,,COMPLETED,38860/2024,PULKIT AGARWAL- 2892 __,HON'BLE MR. JUSTICE DIPANKAR DATTA,2026-07-13,924,https://api.sci.gov.in/supremecourt/2024/38860/38860_2024_7_1504_72002_Judgement_13-Jul-2026.pdf,2026 INSC 691(English),https://api.sci.gov.in/supremecourt/2024/38860/38860_2024_7_1504_72002_Judgement_13-Jul-2026.pdf,
HON'BLE MR. JUSTICE SHEEL NAGU,SUPREME_COURT,2026,C.A. No.-008991-008991 - 2026,VENKATESHAVSK.M. VENKATAMUNIYAPPA SINCE DEAD BY HIS LRS.,National,Principal,,,COMPLETED,41465/2023,MRS. VIPIN GUPTA- 1302 __,HON'BLE MR. JUSTICE DIPANKAR DATTA,2026-07-14,1290,https://api.sci.gov.in/supremecourt/2023/41465/41465_2023_7_1501_72003_Judgement_14-Jul-2026.pdf,2026 INSC 705(English),https://api.sci.gov.in/supremecourt/2023/41465/41465_2023_7_1501_72003_Judgement_14-Jul-2026.pdf,
HON'BLE MR. JUSTICE SHEEL NAGU,SUPREME_COURT,2026,C.A. No.-009270-009270 - 2026,AJIT SINGHVSSTATE OF RAJASTHAN,National,Principal,,,COMPLETED,59520/2025,SIDDHARTH KRISHNA DWIVEDI- 3268 __,HON'BLE MR. JUSTICE DIPANKAR DATTA,2026-07-13,558,https://api.sci.gov.in/supremecourt/2025/59520/59520_2025_7_47_72002_Judgement_13-Jul-2026.pdf,2026 INSC 733(English),https://api.sci.gov.in/supremecourt/2025/59520/59520_2025_7_47_72002_Judgement_13-Jul-2026.pdf,
HON'BLE MR. JUSTICE SHEEL NAGU,SUPREME_COURT,2010,C.A. No.-010669-010669 - 2010,GOVERNMENT OF INDIAVSSRI DEVRAJ URS MEDICAL COLLEGE,National,Principal,,,COMPLETED,2423/2010,DEVENDRA SINGH MEHRA- 972 __ LAWYER S KNIT & CO- 1336,HON'BLE MR. JUSTICE SHEEL NAGU,2026-08-04,6059,https://api.sci.gov.in/supremecourt/2010/2423/2423_2010_7_1502_73020_Judgement_04-Aug-2026.pdf,2026 INSC 799(English),https://api.sci.gov.in/supremecourt/2010/2423/2423_2010_7_1502_73020_Judgement_04-Aug-2026.pdf,
HON'BLE MR. JUSTICE SHEEL NAGU,SUPREME_COURT,2016,C.A. No.-012201-012201 - 2016,M. GANESHANVSUNION OF INDIA .,National,Principal,,,COMPLETED,3458/2016,SHASHI KIRAN __,HON'BLE MR. JUSTICE DIPANKAR DATTA,2026-08-04,3868,https://api.sci.gov.in/supremecourt/2016/3458/3458_2016_7_114_73020_Judgement_04-Aug-2026.pdf,2026 INSC 823(English),https://api.sci.gov.in/supremecourt/2016/3458/3458_2016_7_114_73020_Judgement_04-Aug-2026.pdf,
HON'BLE MR. JUSTICE SHEEL NAGU,SUPREME_COURT,2026,C.A. No.-010612-010627 - 2026,"SUDHIRVSHEAD OF HUMAN RESOURCE, DAINIK BHASKAR GROUP (D.B.CORP LTD.)",National,Principal,,,COMPLETED,3982/2023,VATSALYA VIGYA- 3007 __,HON'BLE MR. JUSTICE DIPANKAR DATTA,2026-08-11,1318,https://api.sci.gov.in/supremecourt/2023/3982/3982_2023_6_1501_73150_Judgement_11-Aug-2026.pdf,2026 INSC 834(English),https://api.sci.gov.in/supremecourt/2023/3982/3982_2023_6_1501_73150_Judgement_11-Aug-2026.pdf,
HON'BLE MR. JUSTICE SHEEL NAGU,SUPREME_COURT,2026,C.A. No.-011988-011988 - 2026,ASKARI HUSSAINVSDINESH KUMAR,National,Principal,,,COMPLETED,4793/2025,SHANKAR DIVATE- 1235 __,HON'BLE MR. JUSTICE DIPANKAR DATTA,2026-08-24,600,https://api.sci.gov.in/supremecourt/2025/4793/4793_2025_7_29_73719_Judgement_24-Aug-2026.pdf,2026 INSC 929(English),https://api.sci.gov.in/supremecourt/2025/4793/4793_2025_7_29_73719_Judgement_24-Aug-2026.pdf,
HON'BLE MR. JUSTICE SHEEL NAGU,SUPREME_COURT,2026,C.A. No.-011201-011201 - 2026,LUCKNOW DEVELOPMENT AUTHORITYVSUNION OF INDIA,National,Principal,,,COMPLETED,17816/2026,SHASHANK SINGH- 3052 __,HON'BLE MR. JUSTICE DIPANKAR DATTA,2026-08-21,232,https://api.sci.gov.in/supremecourt/2026/17816/17816_2026_6_25_73609_Judgement_21-Aug-2026.pdf,2026 INSC 923(English),https://api.sci.gov.in/supremecourt/2026/17816/17816_2026_6_25_73609_Judgement_21-Aug-2026.pdf,
HON'BLE MR. JUSTICE SHEEL NAGU,SUPREME_COURT,2016,C.A. No.-009749-009749 - 2016,SPO/CONSTABLE IRB SATPAL SINGHVSSTATE OF PUNJAB,National,Principal,,,COMPLETED,29302/2016,MRS. VIPIN GUPTA- 1302 __,HON'BLE MR. JUSTICE DIPANKAR DATTA,2026-08-04,3868,https://api.sci.gov.in/supremecourt/2016/29302/29302_2016_7_1501_73020_Judgement_04-Aug-2026.pdf,2026 INSC 798(English),https://api.sci.gov.in/supremecourt/2016/29302/29302_2016_7_1501_73020_Judgement_04-Aug-2026.pdf,
HON'BLE MR. JUSTICE SHEEL NAGU,SUPREME_COURT,2026,C.A. No.-010600-010600 - 2026,M/S BHARATIYA VIDYA BHAVANS PUBLIC SCHOOLVSM. VIMALA,National,Principal,,,COMPLETED,29652/2023,D. BHARATHI REDDY- 1115 __,HON'BLE MR. JUSTICE DIPANKAR DATTA,2026-08-06,1313,https://api.sci.gov.in/supremecourt/2023/29652/29652_2023_7_4_72910_Judgement_06-Aug-2026.pdf,2026 INSC 833(English),https://api.sci.gov.in/supremecourt/2023/29652/29652_2023_7_4_72910_Judgement_06-Aug-2026.pdf,
HON'BLE MR. JUSTICE SHEEL NAGU,SUPREME_COURT,2026,SLP(Crl) No.-009754 - 2026,RAJENDRA PRASADVSSTATE OF GOA,National,Principal,,,COMPLETED,30557/2026,MOHIT NEGI- 3442 __,HON'BLE MR. JUSTICE DIPANKAR DATTA,2026-08-18,229,https://api.sci.gov.in/supremecourt/2026/30557/30557_2026_7_1501_73516_Judgement_18-Aug-2026.pdf,2026 INSC 891(English),https://api.sci.gov.in/supremecourt/2026/30557/30557_2026_7_1501_73516_Judgement_18-Aug-2026.pdf,
HON'BLE MR. JUSTICE SHEEL NAGU,SUPREME_COURT,2026,Crl.A. No.-003795-003795 - 2026,UNION OF INDIAVSSUNIL BIYANI,National,Principal,,,COMPLETED,34138/2026,GURMEET SINGH MAKKER- 2357 __,HON'BLE MR. JUSTICE DIPANKAR DATTA,2026-08-12,223,https://api.sci.gov.in/supremecourt/2026/34138/34138_2026_7_1501_73266_Judgement_12-Aug-2026.pdf,2026 INSC 849(English),https://api.sci.gov.in/supremecourt/2026/34138/34138_2026_7_1501_73266_Judgement_12-Aug-2026.pdf,
HON'BLE MR. JUSTICE SHEEL NAGU,SUPREME_COURT,2026,C.A. No.-012968-012968 - 2026,O.P. MEHTAVSMOHINDER KALTA,National,Principal,,,COMPLETED,1338/2025,RADHIKA GAUTAM- 2287 __,HON'BLE MR. JUSTICE DIPANKAR DATTA,2026-09-23,630,https://api.sci.gov.in/supremecourt/2025/1338/1338_2025_7_1501_74556_Judgement_23-Sep-2026.pdf,2026 INSC 1037(English),https://api.sci.gov.in/supremecourt/2025/1338/1338_2025_7_1501_74556_Judgement_23-Sep-2026.pdf,
HON'BLE MR. JUSTICE SHEEL NAGU,SUPREME_COURT,2026,Crl.A. No.-004109-004109 - 2026,RAJEEV SINGHVSSTATE OF UTTAR PRADESH,National,Principal,,,COMPLETED,20544/2026,SATISH KUMAR- 1822 __,HON'BLE MR. JUSTICE DIPANKAR DATTA,2026-08-31,242,https://api.sci.gov.in/supremecourt/2026/20544/20544_2026_6_54_73817_Judgement_31-Aug-2026.pdf,2026 INSC 938(English),https://api.sci.gov.in/supremecourt/2026/20544/20544_2026_6_54_73817_Judgement_31-Aug-2026.pdf,
HON'BLE MR. JUSTICE SHEEL NAGU,SUPREME_COURT,2026,C.A. No.-012155-012155 - 2026,VIJAY GHANSHYAM GADIYAVSUNION OF INDIA,National,Principal,,,COMPLETED,21991/2026,SHAMIK SHIRISHBHAI SANJANWALA- 2390 __,HON'BLE MR. JUSTICE DIPANKAR DATTA,2026-09-02,244,https://api.sci.gov.in/supremecourt/2026/21991/21991_2026_7_1501_73957_Judgement_02-Sep-2026.pdf,2026 INSC 947(English),https://api.sci.gov.in/supremecourt/2026/21991/21991_2026_7_1501_73957_Judgement_02-Sep-2026.pdf,
HON'BLE MR. JUSTICE SHEEL NAGU,SUPREME_COURT,2011,C.A. No.-007565-007567 - 2011,G.P. SANGEETHA AND ORS ETC ETCVSTHE STATE OF KERALA,National,Principal,,,COMPLETED,22456/2011,K. RAJEEV- 1352 __,HON'BLE MR. JUSTICE DIPANKAR DATTA,2026-09-08,5729,https://api.sci.gov.in/supremecourt/2011/22456/22456_2011_7_101_74034_Judgement_08-Sep-2026.pdf,2026 INSC 1004(English),https://api.sci.gov.in/supremecourt/2011/22456/22456_2011_7_101_74034_Judgement_08-Sep-2026.pdf,
HON'BLE MR. JUSTICE SHEEL NAGU,SUPREME_COURT,2026,C.A. No.-003215-003215 - 2026,S. S. DASVSUNION OF INDIA,National,Principal,,,COMPLETED,23856/2024,ANURAG OJHA- 3323 __,HON'BLE MR. JUSTICE DIPANKAR DATTA,2026-09-09,982,https://api.sci.gov.in/supremecourt/2024/23856/23856_2024_7_1501_74035_Judgement_09-Sep-2026.pdf,2026 INSC 980(English),https://api.sci.gov.in/supremecourt/2024/23856/23856_2024_7_1501_74035_Judgement_09-Sep-2026.pdf,
HON'BLE MR. JUSTICE SHEEL NAGU,SUPREME_COURT,2023,C.A. No.-006379-006379 - 2023,SUNITA LAHU PANCHPANDEVSTHE DISTRICT COLLECTOR,National,Principal,,,COMPLETED,25758/2017,ANAGHA S. DESAI- 1588 __,HON'BLE MR. JUSTICE DIPANKAR DATTA,2026-09-16,3545,https://api.sci.gov.in/supremecourt/2017/25758/25758_2017_5_1501_74354_Judgement_16-Sep-2026.pdf,2026 INSC 1002(English),https://api.sci.gov.in/supremecourt/2017/25758/25758_2017_5_1501_74354_Judgement_16-Sep-2026.pdf,
HON'BLE MR. JUSTICE SHEEL NAGU,SUPREME_COURT,2026,Crl.A. No.-004083-004083 - 2026,VIJAY KUMAR RAJPOOT ALIAS VIJJUVSSTATE OF CHHATTISGARH,National,Principal,,,COMPLETED,33315/2026,PALLAV MONGIA- 2469 __,HON'BLE MR. JUSTICE DIPANKAR DATTA,2026-08-31,242,https://api.sci.gov.in/supremecourt/2026/33315/33315_2026_6_1501_73817_Judgement_31-Aug-2026.pdf,2026 INSC 926(English),https://api.sci.gov.in/supremecourt/2026/33315/33315_2026_6_1501_73817_Judgement_31-Aug-2026.pdf,
HON'BLE MR. JUSTICE SHEEL NAGU,SUPREME_COURT,2026,C.A. No.-012529-012531 - 2026,ANNU KUMARVSMAHARSHI DAYANAND UNIVERSITY ROHTAK,National,Principal,,,COMPLETED,42560/2023,SHEKHAR KUMAR- 1549 __,HON'BLE MR. JUSTICE DIPANKAR DATTA,2026-09-08,1346,https://api.sci.gov.in/supremecourt/2023/42560/42560_2023_7_1501_74034_Judgement_08-Sep-2026.pdf,2026 INSC 968(English),https://api.sci.gov.in/supremecourt/2023/42560/42560_2023_7_1501_74034_Judgement_08-Sep-2026.pdf,
HON'BLE MR. JUSTICE SHEEL NAGU,SUPREME_COURT,2026,C.A. No.-012962-012962 - 2026,REGIONAL PROVIDENT FUND COMMISSIONER-IIVSMAMTA BINANI,National,Principal,,,COMPLETED,42931/2026,AJIT SHARMA- 2060 __,HON'BLE MR. JUSTICE DIPANKAR DATTA,2026-09-10,252,https://api.sci.gov.in/supremecourt/2026/42931/42931_2026_7_16_74156_Judgement_10-Sep-2026.pdf,2026 INSC 1003(English),https://api.sci.gov.in/supremecourt/2026/42931/42931_2026_7_16_74156_Judgement_10-Sep-2026.pdf,
HON'BLE MR. JUSTICE SHEEL NAGU,SUPREME_COURT,2026,C.A. No.-012598-012598 - 2026,BHARAT PETROLEUM CORPORATION LIMITEDVSTHE DISTRICT REVENUE OFFICER (STAMPS),National,Principal,,,COMPLETED,71579/2025,T. SUNDAR RAMANATHAN- 2897 __,HON'BLE MR. JUSTICE DIPANKAR DATTA,2026-09-07,614,https://api.sci.gov.in/supremecourt/2025/71579/71579_2025_7_1501_74011_Judgement_07-Sep-2026.pdf,2026 INSC 963(English),https://api.sci.gov.in/supremecourt/2025/71579/71579_2025_7_1501_74011_Judgement_07-Sep-2026.pdf,
HON'BLE MR. JUSTICE SHEEL NAGU,SUPREME_COURT,2026,C.A. No.-003800-003803 - 2026,SURINDER AHUJA AND ANR.VSSTATE OF PUNJAB AND ANR.,National,Principal,,,COMPLETED,24434/2019,TUSHAR BAKSHI- 1983 __,HON'BLE MR. JUSTICE DIPANKAR DATTA,2026-09-29,2828,https://api.sci.gov.in/supremecourt/2019/24434/24434_2019_6_1503_74756_Judgement_29-Sep-2026.pdf,2026 INSC 1068(English),https://api.sci.gov.in/supremecourt/2019/24434/24434_2019_6_1503_74756_Judgement_29-Sep-2026.pdf,
HON'BLE MR. JUSTICE SHEEL NAGU,SUPREME_COURT,2026,Crl.A. No.-004310-004310 - 2026,MULLA AFROZVSUNION OF INDIA,National,Principal,,,COMPLETED,37437/2026,DEEPAK SINGH- 3788 __,HON'BLE MR. JUSTICE DIPANKAR DATTA,2026-09-29,271,https://api.sci.gov.in/supremecourt/2026/37437/37437_2026_6_1501_74756_Judgement_29-Sep-2026.pdf,2026 INSC 1067(English),https://api.sci.gov.in/supremecourt/2026/37437/37437_2026_6_1501_74756_Judgement_29-Sep-2026.pdf,
HON'BLE MR. JUSTICE SHEEL NAGU,SUPREME_COURT,2026,Crl.A. No.-004626-004626 - 2026,SANJAY BADAYAVSSTATE OF RAJASTHAN,National,Principal,,,COMPLETED,49999/2026,M. P. SRIVIGNESH- 4194 __,HON'BLE MR. JUSTICE DIPANKAR DATTA,2026-09-29,271,https://api.sci.gov.in/supremecourt/2026/49999/49999_2026_6_1502_74756_Judgement_29-Sep-2026.pdf,2026 INSC 1065(English),https://api.sci.gov.in/supremecourt/2026/49999/49999_2026_6_1502_74756_Judgement_29-Sep-2026.pdf,
HON'BLE MR. JUSTICE SHREE CHANDRASHEKHAR,SUPREME_COURT,2026,Crl.A. No.-003106-003106 - 2026,AAAVSLINDA SEMA,National,Principal,,,COMPLETED,6215/2024,RAJIV MANGLA- 1733 __,HON'BLE MR. JUSTICE MANOJ MISRA,2026-07-09,920,https://api.sci.gov.in/supremecourt/2024/6215/6215_2024_12_1501_71946_Judgement_09-Jul-2026.pdf,2026 INSC 675(English),https://api.sci.gov.in/supremecourt/2024/6215/6215_2024_12_1501_71946_Judgement_09-Jul-2026.pdf,
HON'BLE MR. JUSTICE SHREE CHANDRASHEKHAR,SUPREME_COURT,2026,C.A. No.-008790-008791 - 2026,"THE DIRECTOR GENERAL, COUNCIL OF SCIENTIFIC AND INDUSTRIAL RESEARCH RESEARCHVSANIL EARNEST",National,Principal,,,COMPLETED,13848/2024,VIKALP MUDGAL- 2886 __,HON'BLE MR. JUSTICE MANOJ MISRA,2026-07-10,921,https://api.sci.gov.in/supremecourt/2024/13848/13848_2024_12_1501_71923_Judgement_10-Jul-2026.pdf,2026 INSC 677(English),https://api.sci.gov.in/supremecourt/2024/13848/13848_2024_12_1501_71923_Judgement_10-Jul-2026.pdf,
HON'BLE MR. JUSTICE SHREE CHANDRASHEKHAR,SUPREME_COURT,2011,C.A. No.-002412-002412 - 2011,ZAKI ULLAH KHANVSSTATE OF U.P.AND ORS.,National,Principal,,,COMPLETED,33350/2009,MANOJ SWARUP AND CO.- 399 __ SHAURYA SAHAY- 3311,HON'BLE MR. JUSTICE PRASHANT KUMAR MISHRA,2026-07-15,6404,https://api.sci.gov.in/supremecourt/2009/33350/33350_2009_13_103_72175_Judgement_15-Jul-2026.pdf,2026 INSC 827(English),https://api.sci.gov.in/supremecourt/2009/33350/33350_2009_13_103_72175_Judgement_15-Jul-2026.pdf,
HON'BLE MR. JUSTICE SHREE CHANDRASHEKHAR,SUPREME_COURT,2016,C.A. No.-010990-010990 - 2016,SARDARI LALVSBISHAN DASS,National,Principal,,,COMPLETED,34530/2016,RADHIKA GAUTAM- 2287 __,HON'BLE MR. JUSTICE MANOJ MISRA,2026-07-06,3839,https://api.sci.gov.in/supremecourt/2016/34530/34530_2016_12_1501_71919_Judgement_06-Jul-2026.pdf,2026 INSC 669(English),https://api.sci.gov.in/supremecourt/2016/34530/34530_2016_12_1501_71919_Judgement_06-Jul-2026.pdf,
HON'BLE MR. JUSTICE SHREE CHANDRASHEKHAR,SUPREME_COURT,2022,C.A. No.-000629-000629 - 2022,JARNAIL SINGH VSLACHHMI NARAIN GUPTA .,National,Principal,,,COMPLETED,34614/2011,CHANDRA BHUSHAN PRASAD- 1864 __ N. ANNAPOORANI- 1142,,2022-01-28,4045,https://api.sci.gov.in/supremecourt_vernacular/2011/34614/34614_2011_35_1501_32956_Judgement_28-Jan-2022_PUN.pdf,2022 INSC 105(ਪੰਜਾਬੀ),https://api.sci.gov.in//pdfdate/index1.php?dt=2022-01-28&dno=346142011&filename=supremecourt_vernacular/2011/34614/34614_2011_35_1501_32956_Judgement_28-Jan-2022_PUN.pdf,
HON'BLE MR. JUSTICE SHREE CHANDRASHEKHAR,SUPREME_COURT,2008,C.A. No.-004708-004711 - 2008,"COMMR.OF SERVICE TAX,CHENNAIVSM/S DIEBOLD SYSTEMS(P) LTD.",National,Principal,,,COMPLETED,15078/2008,GURMEET SINGH MAKKER- 2357 __ M. P. DEVANATH- 1520,HON'BLE MR. JUSTICE PRASHANT KUMAR MISHRA,2026-08-06,6792,https://api.sci.gov.in/supremecourt/2008/15078/15078_2008_13_1501_73009_Judgement_06-Aug-2026.pdf,2026 INSC 808(English),https://api.sci.gov.in/supremecourt/2008/15078/15078_2008_13_1501_73009_Judgement_06-Aug-2026.pdf,
HON'BLE MR. JUSTICE SHREE CHANDRASHEKHAR,SUPREME_COURT,2026,SLP(C) No.-017699 - 2026,NAZIM SHAIKH HASANVSNASIR MUSHTAQ SHAIKH,National,Principal,,,COMPLETED,28844/2026,SURBHI KAPOOR- 3277 __,HON'BLE MR. JUSTICE PRASHANT KUMAR MISHRA,2026-08-13,224,https://api.sci.gov.in/supremecourt/2026/28844/28844_2026_13_1502_73257_Judgement_13-Aug-2026.pdf,2026 INSC 853(English),https://api.sci.gov.in/supremecourt/2026/28844/28844_2026_13_1502_73257_Judgement_13-Aug-2026.pdf,
HON'BLE MR. JUSTICE SHREE CHANDRASHEKHAR,SUPREME_COURT,2012,C.A. No.-007171-007171 - 2012,SUDHENDU PRAKASH GAUTAMVSS.L. CHAUDHARY,National,Principal,,,COMPLETED,30932/2012,SARVAM RITAM KHARE- 2110 __ NIDHI- 1379,HON'BLE MR. JUSTICE PRASHANT KUMAR MISHRA,2026-07-30,5324,https://api.sci.gov.in/supremecourt/2012/30932/30932_2012_13_103_72711_Judgement_30-Jul-2026.pdf,2026 INSC 791(English),https://api.sci.gov.in/supremecourt/2012/30932/30932_2012_13_103_72711_Judgement_30-Jul-2026.pdf,
HON'BLE MR. JUSTICE SHREE CHANDRASHEKHAR,SUPREME_COURT,2026,Crl.A. No.-002298-002298 - 2026,BALKU ORAMVSSTATE OF ODISHA,National,Principal,,,COMPLETED,32353/2025,RAJIV KUMAR SINHA- 3593 __,HON'BLE MR. JUSTICE PRASHANT KUMAR MISHRA,2026-08-13,589,https://api.sci.gov.in/supremecourt/2025/32353/32353_2025_13_1501_73257_Judgement_13-Aug-2026.pdf,2026 INSC 852(English),https://api.sci.gov.in/supremecourt/2025/32353/32353_2025_13_1501_73257_Judgement_13-Aug-2026.pdf,
HON'BLE MR. JUSTICE SHREE CHANDRASHEKHAR,SUPREME_COURT,2012,C.A. No.-008634-008634 - 2012,SUSHIL SHARMAVSUNION OF INDIA,National,Principal,,,COMPLETED,35446/2011,__,HON'BLE MR. JUSTICE PRASHANT KUMAR MISHRA,2026-08-06,5696,https://api.sci.gov.in/supremecourt/2011/35446/35446_2011_13_1502_73009_Judgement_06-Aug-2026.pdf,2026 INSC 809(English),https://api.sci.gov.in/supremecourt/2011/35446/35446_2011_13_1502_73009_Judgement_06-Aug-2026.pdf,
HON'BLE MR. JUSTICE SHREE CHANDRASHEKHAR,SUPREME_COURT,2013,C.A. No.-007825-007828 - 2013,V.N.A.S.CHANDRANVSMRS. S. VENILLA AND ORS.,National,Principal,,,COMPLETED,37758/2011,HARISH PANDEY- 1715 __ ARAVINDH S.- 2008,HON'BLE MR. JUSTICE PRASHANT KUMAR MISHRA,2026-07-31,5690,https://api.sci.gov.in/supremecourt/2011/37758/37758_2011_13_1501_72800_Judgement_31-Jul-2026.pdf,2026 INSC 776(English),https://api.sci.gov.in/supremecourt/2011/37758/37758_2011_13_1501_72800_Judgement_31-Jul-2026.pdf,
HON'BLE MR. JUSTICE SHREE CHANDRASHEKHAR,SUPREME_COURT,2026,Crl.A. No.-004079-004079 - 2026,THE STATE OF PUNJABVSAVTAR SINGH,National,Principal,,,COMPLETED,38051/2023,KARAN SHARMA- 3081 __,HON'BLE MR. JUSTICE PRASHANT KUMAR MISHRA,2026-08-25,1332,https://api.sci.gov.in/supremecourt/2023/38051/38051_2023_12_40_73766_Judgement_25-Aug-2026.pdf,2026 INSC 934(English),https://api.sci.gov.in/supremecourt/2023/38051/38051_2023_12_40_73766_Judgement_25-Aug-2026.pdf,
HON'BLE MR. JUSTICE SHREE CHANDRASHEKHAR,SUPREME_COURT,2026,C.A. No.-012804-012805 - 2026,MAYA BANERJEEVSUNION OF INDIA,National,Principal,,,COMPLETED,43299/2024,ASHISH KUMAR UPADHYAY- 3828 __,HON'BLE MR. JUSTICE PRASHANT KUMAR MISHRA,2026-08-20,962,https://api.sci.gov.in/supremecourt/2024/43299/43299_2024_13_12_73487_Judgement_20-Aug-2026.pdf,2026 INSC 959(English),https://api.sci.gov.in/supremecourt/2024/43299/43299_2024_13_12_73487_Judgement_20-Aug-2026.pdf,
HON'BLE MR. JUSTICE SHREE CHANDRASHEKHAR,SUPREME_COURT,2026,Crl.A. No.-003931-003931 - 2026,PRAMOD KUMAR SHUKLAVSSTATE OF UTTAR PRADESH,National,Principal,,,COMPLETED,46300/2025,AKSHAT SRIVASTAVA- 3037 __,HON'BLE MR. JUSTICE PRASHANT KUMAR MISHRA,2026-08-19,595,https://api.sci.gov.in/supremecourt/2025/46300/46300_2025_13_1501_73538_Judgement_19-Aug-2026.pdf,2026 INSC 887(English),https://api.sci.gov.in/supremecourt/2025/46300/46300_2025_13_1501_73538_Judgement_19-Aug-2026.pdf,
HON'BLE MR. JUSTICE SHREE CHANDRASHEKHAR,SUPREME_COURT,2026,C.A. No.-012895-012896 - 2026,THE STATE OF TELANGANAVSM.A. GARDEN FUNCTION HALL,National,Principal,,,COMPLETED,635/2026,DEVINA SEHGAL- 2691 __,HON'BLE MR. JUSTICE PRASHANT KUMAR MISHRA,2026-09-16,258,https://api.sci.gov.in/supremecourt/2026/635/635_2026_10_1501_74340_Judgement_16-Sep-2026.pdf,2026 INSC 995(English),https://api.sci.gov.in/supremecourt/2026/635/635_2026_10_1501_74340_Judgement_16-Sep-2026.pdf,
HON'BLE MR. JUSTICE SHREE CHANDRASHEKHAR,SUPREME_COURT,2026,Crl.A. No.-004172-004172 - 2026,M/S ABC EXPRESSVS STATE OF GUJARAT,National,Principal,,,COMPLETED,7792/2026,PASHUPATHI NATH RAZDAN- 2054 __,HON'BLE MR. JUSTICE PRASHANT KUMAR MISHRA,2026-09-02,244,https://api.sci.gov.in/supremecourt/2026/7792/7792_2026_12_1502_73967_Judgement_02-Sep-2026.pdf,2026 INSC 940(English),https://api.sci.gov.in/supremecourt/2026/7792/7792_2026_12_1502_73967_Judgement_02-Sep-2026.pdf,
HON'BLE MR. JUSTICE SHREE CHANDRASHEKHAR,SUPREME_COURT,2022,C.A. No.-006865-006865 - 2022,PUNJAB SCHOOL EDUCATION BOARDVSSATNAM SINGH,National,Principal,,,COMPLETED,16252/2020,KUMAR DUSHYANT SINGH- 2220 __,HON'BLE MR. JUSTICE PRASHANT KUMAR MISHRA,2026-09-08,2442,https://api.sci.gov.in/supremecourt/2020/16252/16252_2020_12_1501_74092_Judgement_08-Sep-2026.pdf,2026 INSC 965(English),https://api.sci.gov.in/supremecourt/2020/16252/16252_2020_12_1501_74092_Judgement_08-Sep-2026.pdf,
HON'BLE MR. JUSTICE SHREE CHANDRASHEKHAR,SUPREME_COURT,2016,C.A. No.-001718-001718 - 2016,BHAG SINGH (DEAD) THR. MAHANT KASHMIR SINGHVSBASANT KAUR (DEAD)) THR.LRS.,National,Principal,,,COMPLETED,17394/2012,AP & J CHAMBERS- 1552 __ SHALU SHARMA- 1422,HON'BLE MR. JUSTICE PRASHANT KUMAR MISHRA,2026-09-10,5366,https://api.sci.gov.in/supremecourt/2012/17394/17394_2012_12_1501_74176_Judgement_10-Sep-2026.pdf,2026 INSC 983(English),https://api.sci.gov.in/supremecourt/2012/17394/17394_2012_12_1501_74176_Judgement_10-Sep-2026.pdf,
HON'BLE MR. JUSTICE SHREE CHANDRASHEKHAR,SUPREME_COURT,2026,Crl.A. No.-004173-004173 - 2026,MAHAVIR @ AVNISHVSTHE STATE OF MADHYA PRADESH,National,Principal,,,COMPLETED,17953/2026,PRASHANT SHUKLA LAW CHAMBERS- 3645 __,HON'BLE MR. JUSTICE PRASHANT KUMAR MISHRA,2026-09-02,244,https://api.sci.gov.in/supremecourt/2026/17953/17953_2026_12_1503_73967_Judgement_02-Sep-2026.pdf,2026 INSC 942(English),https://api.sci.gov.in/supremecourt/2026/17953/17953_2026_12_1503_73967_Judgement_02-Sep-2026.pdf,
HON'BLE MR. JUSTICE SHREE CHANDRASHEKHAR,SUPREME_COURT,2014,C.A. No.-010249-010249 - 2014,BIJENDRAVSREKHA,National,Principal,,,COMPLETED,20797/2013,ASHISH PANDEY- 3825 __,HON'BLE MR. JUSTICE PRASHANT KUMAR MISHRA,2026-09-02,4992,https://api.sci.gov.in/supremecourt/2013/20797/20797_2013_12_1501_73967_Judgement_02-Sep-2026.pdf,2026 INSC 939(English),https://api.sci.gov.in/supremecourt/2013/20797/20797_2013_12_1501_73967_Judgement_02-Sep-2026.pdf,
HON'BLE MR. JUSTICE SHREE CHANDRASHEKHAR,SUPREME_COURT,2026,Crl.A. No.-004337-004337 - 2026,PYNCHEMALANGAKI BAREHVSSTATE OF MEGHALAYA,National,Principal,,,COMPLETED,29802/2025,VIDULA MEHROTRA- 4129 __,HON'BLE MR. JUSTICE PRASHANT KUMAR MISHRA,2026-09-10,617,https://api.sci.gov.in/supremecourt/2025/29802/29802_2025_12_1502_74176_Judgement_10-Sep-2026.pdf,2026 INSC 984(English),https://api.sci.gov.in/supremecourt/2025/29802/29802_2025_12_1502_74176_Judgement_10-Sep-2026.pdf,
HON'BLE MR. JUSTICE SHREE CHANDRASHEKHAR,SUPREME_COURT,2026,C.A. No.-012966-012967 - 2026,THE BHARAT SANCHAR NIGAM LIMITEDVSG.N. MANI RAVINDER,National,Principal,,,COMPLETED,35822/2023,PIYUSH SHARMA- 1701 __,HON'BLE MR. JUSTICE PRASHANT KUMAR MISHRA,2026-09-17,1355,https://api.sci.gov.in/supremecourt/2023/35822/35822_2023_11_1501_74341_Judgement_17-Sep-2026.pdf,2026 INSC 1007(English),https://api.sci.gov.in/supremecourt/2023/35822/35822_2023_11_1501_74341_Judgement_17-Sep-2026.pdf,
HON'BLE MR. JUSTICE SHREE CHANDRASHEKHAR,SUPREME_COURT,2026,Crl.A. No.-004469-004469 - 2026,THE STATE OF MAHARASHTRAVSMOMIN MOIUDDIN GULAM HASAN @ MOIN MISTRI,National,Principal,,,COMPLETED,37246/2024,AADITYA ANIRUDDHA PANDE- 3259 __,HON'BLE MR. JUSTICE SHREE CHANDRASHEKHAR,2026-09-21,994,https://api.sci.gov.in/supremecourt/2024/37246/37246_2024_12_1501_74474_Judgement_21-Sep-2026.pdf,2026 INSC 1021(English),https://api.sci.gov.in/supremecourt/2024/37246/37246_2024_12_1501_74474_Judgement_21-Sep-2026.pdf,
HON'BLE MR. JUSTICE SANJEEV SACHDEVA,SUPREME_COURT,2011,C.A. No.-002187-002187 - 2011,MOHAMMED KHALEEL (D) THR. LRS. VSJAYAMMA,National,Principal,,,COMPLETED,7250/2010,SUKANT VIKRAM- 2335 __ P. R. RAMASESH- 488,HON'BLE MR. JUSTICE PRASHANT KUMAR MISHRA,2026-06-23,6017,https://api.sci.gov.in/supremecourt/2010/7250/7250_2010_3_1501_71868_Judgement_23-Jun-2026.pdf,2026 INSC 651(English),https://api.sci.gov.in/supremecourt/2010/7250/7250_2010_3_1501_71868_Judgement_23-Jun-2026.pdf,
HON'BLE MR. JUSTICE SANJEEV SACHDEVA,SUPREME_COURT,2026,C.A. No.-008705-008705 - 2026,SARAFAT ALI (DECEASED) THROUGH LRSVSDEPUTY DIRECTOR OF CONSOLIDATION HARIDWAR,National,Principal,,,COMPLETED,28724/2017,SUSHIL BALWADA- 1340 __,HON'BLE MR. JUSTICE PRASHANT KUMAR MISHRA,2026-06-23,3460,https://api.sci.gov.in/supremecourt/2017/28724/28724_2017_3_1502_71868_Judgement_23-Jun-2026.pdf,2026 INSC 652(English),https://api.sci.gov.in/supremecourt/2017/28724/28724_2017_3_1502_71868_Judgement_23-Jun-2026.pdf,
HON'BLE MR. JUSTICE SANJEEV SACHDEVA,SUPREME_COURT,2026,Crl.A. No.-003081-003081 - 2026,ISRAFIL @ PAPPU @ NAIMUDDIN KHANVSTHE STATE OF MADHYA PRADESH,National,Principal,,,COMPLETED,36363/2025,SARVAM RITAM KHARE- 2110 __,HON'BLE MR. JUSTICE PRASHANT KUMAR MISHRA,2026-06-23,538,https://api.sci.gov.in/supremecourt/2025/36363/36363_2025_3_1504_71868_Judgement_23-Jun-2026.pdf,2026 INSC 654(English),https://api.sci.gov.in/supremecourt/2025/36363/36363_2025_3_1504_71868_Judgement_23-Jun-2026.pdf,
HON'BLE MR. JUSTICE SANJEEV SACHDEVA,SUPREME_COURT,2026,C.A. No.-008706-008706 - 2026,THE ORIENTAL INSURANCE COMPANY LIMITEDVSKALU RAM,National,Principal,,,COMPLETED,40126/2022,T. MAHIPAL- 1375 __,HON'BLE MR. JUSTICE PRASHANT KUMAR MISHRA,2026-06-23,1634,https://api.sci.gov.in/supremecourt/2022/40126/40126_2022_3_1503_71868_Judgement_23-Jun-2026.pdf,2026 INSC 653(English),https://api.sci.gov.in/supremecourt/2022/40126/40126_2022_3_1503_71868_Judgement_23-Jun-2026.pdf,
HON'BLE MR. JUSTICE SANJEEV SACHDEVA,SUPREME_COURT,2026,C.A. No.-008708-008708 - 2026,M PARAMESHVSVRL LOGISTICS LTD,National,Principal,,,COMPLETED,60804/2025,R. SHASE- 3509 __,HON'BLE MR. JUSTICE PRASHANT KUMAR MISHRA,2026-06-23,538,https://api.sci.gov.in/supremecourt/2025/60804/60804_2025_3_1505_71868_Judgement_23-Jun-2026.pdf,2026 INSC 655(English),https://api.sci.gov.in/supremecourt/2025/60804/60804_2025_3_1505_71868_Judgement_23-Jun-2026.pdf,
HON'BLE MR. JUSTICE SANJEEV SACHDEVA,SUPREME_COURT,2026,C.A. No.-008813-008813 - 2026,PRASAD PANDURANG TAPKIRVSTHE ASSISTANT DIRECTOR OF TOWN PLANNING PUNE,National,Principal,,,COMPLETED,12088/2023,SAMRIDHI S. JAIN- 3488 __,HON'BLE MR. JUSTICE SANJAY KUMAR,2026-07-13,1289,https://api.sci.gov.in/supremecourt/2023/12088/12088_2023_9_1501_72006_Judgement_13-Jul-2026.pdf,2026 INSC 683(English),https://api.sci.gov.in/supremecourt/2023/12088/12088_2023_9_1501_72006_Judgement_13-Jul-2026.pdf,
HON'BLE MR. JUSTICE SANJEEV SACHDEVA,SUPREME_COURT,2026,C.A. No.-008814-008815 - 2026,A.K. GHOSH AND COMPANYVSBIMAN BOSE,National,Principal,,,COMPLETED,22836/2025,SOUMYA DUTTA- 2537 __,HON'BLE MR. JUSTICE SANJAY KUMAR,2026-07-13,558,https://api.sci.gov.in/supremecourt/2025/22836/22836_2025_9_1502_72006_Judgement_13-Jul-2026.pdf,2026 INSC 684(English),https://api.sci.gov.in/supremecourt/2025/22836/22836_2025_9_1502_72006_Judgement_13-Jul-2026.pdf,
HON'BLE MR. JUSTICE SANJEEV SACHDEVA,SUPREME_COURT,2025,C.A. No.-012190-012190 - 2025,MARAGADHAMVSPERIYARAJA,National,Principal,,,COMPLETED,30710/2015,G. BALAJI- 1450 __,HON'BLE MR. JUSTICE SANJAY KUMAR,2026-07-29,4227,https://api.sci.gov.in/supremecourt/2015/30710/30710_2015_9_1501_72670_Judgement_29-Jul-2026.pdf,2026 INSC 757(English),https://api.sci.gov.in/supremecourt/2015/30710/30710_2015_9_1501_72670_Judgement_29-Jul-2026.pdf,
HON'BLE MR. JUSTICE SANJEEV SACHDEVA,SUPREME_COURT,2026,C.A. No.-010057-010057 - 2026,M/S PATEL INFRASTRUCTURE LIMITEDVSM/S ADITYA CONSTRUCTION,National,Principal,,,COMPLETED,2543/2026,TARUNA SINGH GOHIL- 2509 __,HON'BLE MR. JUSTICE SANJAY KUMAR,2026-08-05,216,https://api.sci.gov.in/supremecourt/2026/2543/2543_2026_9_1502_72971_Judgement_05-Aug-2026.pdf,2026 INSC 804(English),https://api.sci.gov.in/supremecourt/2026/2543/2543_2026_9_1502_72971_Judgement_05-Aug-2026.pdf,
HON'BLE MR. JUSTICE SANJEEV SACHDEVA,SUPREME_COURT,2026,C.A. No.-010609-010610 - 2026,PUNJAB NATIONAL BANKVSM/S. SHREE JYOTI EDUCATION AND MANAGEMENT TRUST WORLD,National,Principal,,,COMPLETED,27399/2024,EKTA CHOUDHARY- 3001 __,HON'BLE MR. JUSTICE SANJAY KUMAR,2026-08-12,954,https://api.sci.gov.in/supremecourt/2024/27399/27399_2024_9_1501_73188_Judgement_12-Aug-2026.pdf,2026 INSC 836(English),https://api.sci.gov.in/supremecourt/2024/27399/27399_2024_9_1501_73188_Judgement_12-Aug-2026.pdf,
HON'BLE MR. JUSTICE SANJEEV SACHDEVA,SUPREME_COURT,2011,C.A. No.-000244-000244 - 2011,SURAJ BHANVSASHVARYA ESTATE PVT. LTD (JAGMAL SINGH),National,Principal,,,COMPLETED,35368/2007,KRISHAN SINGH CHAUHAN __,HON'BLE MR. JUSTICE SANJAY KUMAR,2026-08-03,7154,https://api.sci.gov.in/supremecourt/2007/35368/35368_2007_9_1501_72858_Judgement_03-Aug-2026.pdf,2026 INSC 786(English),https://api.sci.gov.in/supremecourt/2007/35368/35368_2007_9_1501_72858_Judgement_03-Aug-2026.pdf,
HON'BLE MR. JUSTICE SANJEEV SACHDEVA,SUPREME_COURT,2026,C.A. No.-010056-010056 - 2026,KKH FINVEST PVT. LTD.VSASHIESH SHUKLA,National,Principal,,,COMPLETED,55910/2024,DIVYA ROY- 1820 __,HON'BLE MR. JUSTICE SANJAY KUMAR,2026-08-05,947,https://api.sci.gov.in/supremecourt/2024/55910/55910_2024_9_1501_72971_Judgement_05-Aug-2026.pdf,2026 INSC 803(English),https://api.sci.gov.in/supremecourt/2024/55910/55910_2024_9_1501_72971_Judgement_05-Aug-2026.pdf,
HON'BLE MR. JUSTICE SANJEEV SACHDEVA,SUPREME_COURT,2025,C.A. No.-003440 - 2025,M/S. CARESTREAM HEALTH INDIA PVT. LTD.VSCOMMISSIONER OF CUSTOMS,National,Principal,,,COMPLETED,59945/2024,CHARANYA LAKSHMIKUMARAN- 2735 __,HON'BLE MR. JUSTICE SANJAY KUMAR,2026-08-12,954,https://api.sci.gov.in/supremecourt/2024/59945/59945_2024_9_1502_73188_Judgement_12-Aug-2026.pdf,2026 INSC 837(English),https://api.sci.gov.in/supremecourt/2024/59945/59945_2024_9_1502_73188_Judgement_12-Aug-2026.pdf,
HON'BLE MR. JUSTICE SANJEEV SACHDEVA,SUPREME_COURT,2026,Crl.A. No.-004158-004158 - 2026,SAHAB SINGH ALIAS SAT PALVSSTATE OF HARYANA,National,Principal,,,COMPLETED,3628/2026,S. MAHENDRAN- 1526 __,HON'BLE MR. JUSTICE SANJAY KUMAR,2026-09-02,244,https://api.sci.gov.in/supremecourt/2026/3628/3628_2026_8_1503_73959_Judgement_02-Sep-2026.pdf,2026 INSC 945(English),https://api.sci.gov.in/supremecourt/2026/3628/3628_2026_8_1503_73959_Judgement_02-Sep-2026.pdf,
HON'BLE MR. JUSTICE SANJEEV SACHDEVA,SUPREME_COURT,2025,C.A. No.-007221 - 2025,M/S NEW INDIA ASSURANCE COMPANY LTD.VSM/S HEMKUND DUPLEX AND BOARD PVT. LTD.,National,Principal,,,COMPLETED,22724/2025,MANJEET CHAWLA- 378 __,HON'BLE MR. JUSTICE SANJAY KUMAR,2026-09-21,628,https://api.sci.gov.in/supremecourt/2025/22724/22724_2025_8_1501_74470_Judgement_21-Sep-2026.pdf,2026 INSC 1023(English),https://api.sci.gov.in/supremecourt/2025/22724/22724_2025_8_1501_74470_Judgement_21-Sep-2026.pdf,
HON'BLE MR. JUSTICE SANJEEV SACHDEVA,SUPREME_COURT,2015,C.A. No.-008531-008531 - 2015,KOTAK MAHINDRA BANK LTD.VSTRUPTI SANJAY MEHTA,National,Principal,,,COMPLETED,23101/2015,E. C. AGRAWALA- 177 __,HON'BLE MR. JUSTICE SANJAY KUMAR,2026-09-02,4262,https://api.sci.gov.in/supremecourt/2015/23101/23101_2015_8_1501_73959_Judgement_02-Sep-2026.pdf,2026 INSC 943(English),https://api.sci.gov.in/supremecourt/2015/23101/23101_2015_8_1501_73959_Judgement_02-Sep-2026.pdf,
HON'BLE MR. JUSTICE SANJEEV SACHDEVA,SUPREME_COURT,2026,C.A. No.-012163-012164 - 2026,M.R.R. SETTY(DEAD) BY LRSVSGOVERNMENT OF KARNATAKA,National,Principal,,,COMPLETED,34704/2023,RAVI BHARUKA- 2877 __,HON'BLE MR. JUSTICE SANJAY KUMAR,2026-09-02,1340,https://api.sci.gov.in/supremecourt/2023/34704/34704_2023_8_1502_73959_Judgement_02-Sep-2026.pdf,2026 INSC 944(English),https://api.sci.gov.in/supremecourt/2023/34704/34704_2023_8_1502_73959_Judgement_02-Sep-2026.pdf,
HON'BLE MR. JUSTICE SANJEEV SACHDEVA,SUPREME_COURT,2026,C.A. No.-013138-013138 - 2026,MAHANADI COALFIELDS LTDVSM/S GSCO (GURMEET SINGH AND COMPANY) INFRASTRUCTURE PVT. LTD.,National,Principal,,,COMPLETED,39599/2025,SIDDHARTH JAIN- 2811 __,HON'BLE MR. JUSTICE SANJAY KUMAR,2026-09-23,630,https://api.sci.gov.in/supremecourt/2025/39599/39599_2025_8_1501_74523_Judgement_23-Sep-2026.pdf,2026 INSC 1038(English),https://api.sci.gov.in/supremecourt/2025/39599/39599_2025_8_1501_74523_Judgement_23-Sep-2026.pdf,
HON'BLE MR. JUSTICE SANJEEV SACHDEVA,SUPREME_COURT,2026,Crl.A. No.-004477-004477 - 2026,KUSUMAVATI GOWDAVSTHE GOVERNMENT OF KARNATAKA,National,Principal,,,COMPLETED,66587/2025,ASHUTOSH DUBEY- 2408 __,HON'BLE MR. JUSTICE SANJAY KUMAR,2026-09-21,628,https://api.sci.gov.in/supremecourt/2025/66587/66587_2025_8_1502_74470_Judgement_21-Sep-2026.pdf,2026 INSC 1030(English),https://api.sci.gov.in/supremecourt/2025/66587/66587_2025_8_1502_74470_Judgement_21-Sep-2026.pdf,
HON'BLE MR. JUSTICE ARUN PALLI,SUPREME_COURT,2026,C.A. No.-008391-008391 - 2026,SONAL TALPADAVSVEERBHAN SINGH,National,Principal,,,COMPLETED,13395/2025,NEERAJ SHEKHAR- 1635 __,HON'BLE MR. JUSTICE AUGUSTINE GEORGE MASIH,2026-06-02,517,https://api.sci.gov.in/supremecourt/2025/13395/13395_2025_5_1502_71810_Judgement_02-Jun-2026.pdf,2026 INSC 620(English),https://api.sci.gov.in/supremecourt/2025/13395/13395_2025_5_1502_71810_Judgement_02-Jun-2026.pdf,
HON'BLE MR. JUSTICE ARUN PALLI,SUPREME_COURT,2012,Crl.A. No.-002024-002024 - 2012,MATHU ALIAS JAGDISHVSSTATE OF UTTRAKHAND,National,Principal,,,COMPLETED,28876/2012,ASHIESH KUMAR- 1225 __ AKSHAT KUMAR- 2124,HON'BLE MR. JUSTICE UJJAL BHUYAN,2026-06-25,5289,https://api.sci.gov.in/supremecourt/2012/28876/28876_2012_4_1501_71874_Judgement_25-Jun-2026.pdf,2026 INSC 658(English),https://api.sci.gov.in/supremecourt/2012/28876/28876_2012_4_1501_71874_Judgement_25-Jun-2026.pdf,
HON'BLE MR. JUSTICE ARUN PALLI,SUPREME_COURT,2026,Crl.A. No.-003037-003037 - 2026,STATE OF PUNJABVSBALRAJ SINGH @ BILLA,National,Principal,,,COMPLETED,73957/2025,KARAN SHARMA- 3081 __,HON'BLE MR. JUSTICE SANJAY KAROL,2026-06-02,517,https://api.sci.gov.in/supremecourt/2025/73957/73957_2025_5_1501_71810_Judgement_02-Jun-2026.pdf,2026 INSC 618(English),https://api.sci.gov.in/supremecourt/2025/73957/73957_2025_5_1501_71810_Judgement_02-Jun-2026.pdf,
HON'BLE MR. JUSTICE ARUN PALLI,SUPREME_COURT,2025,W.P.(C) No.-000733-000733 - 2025,KIRLOSKAR FERROUS INDUSTRIES LIMITEDVSUNION OF INDIA,National,Principal,,,COMPLETED,40654/2025,ABHINAV AGRAWAL- 2630 __,HON'BLE MR. JUSTICE K.V. VISWANATHAN,2026-07-13,558,https://api.sci.gov.in/supremecourt/2025/40654/40654_2025_14_1501_72016_Judgement_13-Jul-2026.pdf,2026 INSC 679(English),https://api.sci.gov.in/supremecourt/2025/40654/40654_2025_14_1501_72016_Judgement_13-Jul-2026.pdf,
HON'BLE MR. JUSTICE ARUN PALLI,SUPREME_COURT,2026,Crl.A. No.-003856-003856 - 2026,KESHVENDRA SINGHVSSHANKAR SINGH,National,Principal,,,COMPLETED,3452/2026,AVIRAL KASHYAP- 2395 __,HON'BLE MR. JUSTICE K.V. VISWANATHAN,2026-08-17,228,https://api.sci.gov.in/supremecourt/2026/3452/3452_2026_13_1501_73399_Judgement_17-Aug-2026.pdf,2026 INSC 866(English),https://api.sci.gov.in/supremecourt/2026/3452/3452_2026_13_1501_73399_Judgement_17-Aug-2026.pdf,
HON'BLE MR. JUSTICE ARUN PALLI,SUPREME_COURT,2025,C.A. No.-005819-005819 - 2025,NATIONAL PROJECTS CONSTRUCTION CORPORATION LIMITEDVSISHVAKOO (INDIA) PVT LTD,National,Principal,,,COMPLETED,25019/2019,RAJAT ARORA- 2463 __,HON'BLE MR. JUSTICE K.V. VISWANATHAN,2026-08-11,2779,https://api.sci.gov.in/supremecourt/2019/25019/25019_2019_13_1501_73157_Judgement_11-Aug-2026.pdf,2026 INSC 828(English),https://api.sci.gov.in/supremecourt/2019/25019/25019_2019_13_1501_73157_Judgement_11-Aug-2026.pdf,
HON'BLE MR. JUSTICE ARUN PALLI,SUPREME_COURT,2026,C.A. No.-010772-010772 - 2026,M/S. UTKARSH ENTERPRISESVSUNION OF INDIA,National,Principal,,,COMPLETED,27960/2026,EJAZ MAQBOOL- 180 __,HON'BLE MR. JUSTICE ARUN PALLI,2026-08-18,229,https://api.sci.gov.in/supremecourt/2026/27960/27960_2026_14_1501_73437_Judgement_18-Aug-2026.pdf,2026 INSC 881(English),https://api.sci.gov.in/supremecourt/2026/27960/27960_2026_14_1501_73437_Judgement_18-Aug-2026.pdf,
HON'BLE MR. JUSTICE ARUN PALLI,SUPREME_COURT,2026,C.A. No.-013119-013119 - 2026,RVSE,National,Principal,,,COMPLETED,177/2024,DIVYA SWAMI- 2908 __,HON'BLE MR. JUSTICE K.V. VISWANATHAN,2026-09-24,997,https://api.sci.gov.in/supremecourt/2024/177/177_2024_13_1501_74530_Judgement_24-Sep-2026.pdf,2026 INSC 1049(English),https://api.sci.gov.in/supremecourt/2024/177/177_2024_13_1501_74530_Judgement_24-Sep-2026.pdf,
HON'BLE MR. JUSTICE ARUN PALLI,SUPREME_COURT,2026,Crl.A. No.-004110-004110 - 2026,ANAND KUMAR @ SANJJAY LALWANIVSTHE STATE OF MADHYA PRADESH,National,Principal,,,COMPLETED,63580/2025,PRIYANK UPADHYAY- 2910 __,HON'BLE MR. JUSTICE K.V. VISWANATHAN,2026-08-31,607,https://api.sci.gov.in/supremecourt/2025/63580/63580_2025_12_1501_73829_Judgement_31-Aug-2026.pdf,2026 INSC 928(English),https://api.sci.gov.in/supremecourt/2025/63580/63580_2025_12_1501_73829_Judgement_31-Aug-2026.pdf,
HON'BLE MR. JUSTICE ARUN PALLI,SUPREME_COURT,2026,C.A. No.-013258-013258 - 2026,JOHN MATHEWVSSANTHA PAUL,National,Principal,,,COMPLETED,65391/2025,BIJO MATHEW JOY- 3273 __,HON'BLE MR. JUSTICE ARUN PALLI,2026-09-21,628,https://api.sci.gov.in/supremecourt/2025/65391/65391_2025_13_1501_74475_Judgement_21-Sep-2026.pdf,2026 INSC 1020(English),https://api.sci.gov.in/supremecourt/2025/65391/65391_2025_13_1501_74475_Judgement_21-Sep-2026.pdf,
HON'BLE MRS. JUSTICE V. MOHANA,SUPREME_COURT,2016,C.A. No.-010724-010724 - 2016,T.K.A. PADMANABHANVSABHIYAN COOPERATIVE GROUP HOUSING SOCIETY LTD.,National,Principal,,,COMPLETED,6150/2016,PETITIONER-IN-PERSON __ ABHINAV MUKERJI,HON'BLE MR. JUSTICE VIKRAM NATH,2026-06-04,3807,https://api.sci.gov.in/supremecourt/2016/6150/6150_2016_2_107_71816_Judgement_04-Jun-2026.pdf,2026 INSC 649(English),https://api.sci.gov.in/supremecourt/2016/6150/6150_2016_2_107_71816_Judgement_04-Jun-2026.pdf,
HON'BLE MRS. JUSTICE V. MOHANA,SUPREME_COURT,2021,Crl.A. No.-001217-001217 - 2021,MEHMOOD KHANVSTHE STATE OF MADHYA PRADESH,National,Principal,,,COMPLETED,10116/2020,VIJAY KUMAR __,HON'BLE THE CHIEF JUSTICE,2026-06-18,2360,https://api.sci.gov.in/supremecourt/2020/10116/10116_2020_1_118_71855_Judgement_18-Jun-2026.pdf,2026 INSC 706(English),https://api.sci.gov.in/supremecourt/2020/10116/10116_2020_1_118_71855_Judgement_18-Jun-2026.pdf,
HON'BLE MRS. JUSTICE V. MOHANA,SUPREME_COURT,2026,W.P.(Crl.) No.-000057-000057 - 2026,AMIT KATYALVSUNION OF INDIA,National,Principal,,,COMPLETED,3816/2026,BINA GUPTA- 109 __,HON'BLE MR. JUSTICE JOYMALYA BAGCHI,2026-07-14,194,https://api.sci.gov.in/supremecourt/2026/3816/3816_2026_1_1501_71991_Judgement_14-Jul-2026.pdf,2026 INSC 702(English),https://api.sci.gov.in/supremecourt/2026/3816/3816_2026_1_1501_71991_Judgement_14-Jul-2026.pdf,
HON'BLE MRS. JUSTICE V. MOHANA,SUPREME_COURT,2012,C.A. No.-003145-003146 - 2012,THE STATE OF HARYANAVSM/S JAI DURGAA FINVEST P.LTD.,National,Principal,,,COMPLETED,6209/2011,AKSHAY AMRITANSHU- 3121 __ LALITA KAUSHIK- 832,HON'BLE MRS. JUSTICE V. MOHANA,2026-07-13,5672,https://api.sci.gov.in/supremecourt/2011/6209/6209_2011_1_1501_71990_Judgement_13-Jul-2026.pdf,2026 INSC 678(English),https://api.sci.gov.in/supremecourt/2011/6209/6209_2011_1_1501_71990_Judgement_13-Jul-2026.pdf,
HON'BLE MRS. JUSTICE V. MOHANA,SUPREME_COURT,2026,C.A. No.-011992-011992 - 2026,SUNDER SINGHVSM/S SATISH KUMAR GARG AND COMPANY,National,Principal,,,COMPLETED,14442/2021,TARUN GUPTA- 1917 __,HON'BLE THE CHIEF JUSTICE,2026-07-29,2035,https://api.sci.gov.in/supremecourt/2021/14442/14442_2021_1_10_72186_Judgement_29-Jul-2026.pdf,2026 INSC 855(English),https://api.sci.gov.in/supremecourt/2021/14442/14442_2021_1_10_72186_Judgement_29-Jul-2026.pdf,
HON'BLE MRS. JUSTICE V. MOHANA,SUPREME_COURT,2022,C.A. No.-000629-000629 - 2022,JARNAIL SINGH VSLACHHMI NARAIN GUPTA .,National,Principal,,,COMPLETED,34614/2011,CHANDRA BHUSHAN PRASAD- 1864 __ N. ANNAPOORANI- 1142,,2022-01-28,4045,https://api.sci.gov.in/supremecourt_vernacular/2011/34614/34614_2011_35_1501_32956_Judgement_28-Jan-2022_PUN.pdf,2022 INSC 105(ਪੰਜਾਬੀ),https://api.sci.gov.in//pdfdate/index1.php?dt=2022-01-28&dno=346142011&filename=supremecourt_vernacular/2011/34614/34614_2011_35_1501_32956_Judgement_28-Jan-2022_PUN.pdf,
HON'BLE MRS. JUSTICE V. MOHANA,SUPREME_COURT,2026,MA-001998 - 2026,IN RE: ORDER DATED 17.03.2025 PASSED BY THE HIGH COURT OF JUDICATURE AT ALLAHABAD IN CRIMINAL REVISION NO. 1449/2024 AND ANCILLARY ISSUES,National,Principal,,,COMPLETED,39905/2026,BY COURTS MOTION __,HON'BLE THE CHIEF JUSTICE,2026-07-14,194,https://api.sci.gov.in/supremecourt/2026/39905/39905_2026_1_33_71991_Judgement_14-Jul-2026.pdf,2026 INSC 783(English),https://api.sci.gov.in/supremecourt/2026/39905/39905_2026_1_33_71991_Judgement_14-Jul-2026.pdf,
HON'BLE MRS. JUSTICE V. MOHANA,SUPREME_COURT,2023,W.P.(C) No.-001394 - 2023,VANASHAKTIVSUNION OF INDIA,National,Principal,,,COMPLETED,50009/2023,VANSHDEEP DALMIA- 2650 __,HON'BLE MR. JUSTICE JOYMALYA BAGCHI,2026-07-29,1305,https://api.sci.gov.in/supremecourt/2023/50009/50009_2023_1_1501_72722_Judgement_29-Jul-2026.pdf,2026 INSC 761(English),https://api.sci.gov.in/supremecourt/2023/50009/50009_2023_1_1501_72722_Judgement_29-Jul-2026.pdf,
HON'BLE MRS. JUSTICE V. MOHANA,SUPREME_COURT,2026,C.A. No.-013134-013134 - 2026,OWNERS AND PARTIES INTERESTED IN M.V. NEREUS PROGRESSVSOM FREIGHT FORWARDERS LTD.,National,Principal,,,COMPLETED,41409/2026,S. LAKSHMI IYER- 3879 __,HON'BLE THE CHIEF JUSTICE,2026-09-25,267,https://api.sci.gov.in/supremecourt/2026/41409/41409_2026_1_1501_74439_Judgement_25-Sep-2026.pdf,2026 INSC 1055(English),https://api.sci.gov.in/supremecourt/2026/41409/41409_2026_1_1501_74439_Judgement_25-Sep-2026.pdf,
HON'BLE MRS. JUSTICE V. MOHANA,SUPREME_COURT,2025,C.A. No.-012993-012994 - 2025,RAS AL KHAIMAH INVESTMENT AUTHORITYVSMATRIX PHARMACORP PRIVATE LIMITED,National,Principal,,,COMPLETED,51073/2025,RISHABH KAPUR- 3149 __,HON'BLE MRS. JUSTICE V. MOHANA,2026-09-01,608,https://api.sci.gov.in/supremecourt/2025/51073/51073_2025_1_1501_73861_Judgement_01-Sep-2026.pdf,2026 INSC 932(English),https://api.sci.gov.in/supremecourt/2025/51073/51073_2025_1_1501_73861_Judgement_01-Sep-2026.pdf,
